route;date;hour;prediction
1;2025-11-01;0;0.0
1;2025-11-01;1;0.0
1;2025-11-01;2;0.0
1;2025-11-01;3;0.0
1;2025-11-01;4;0.0
1;2025-11-01;5;35.54
1;2025-11-01;6;170.83
1;2025-11-01;7;324.96
1;2025-11-01;8;435.5
1;2025-11-01;9;683.53
1;2025-11-01;10;771.16
1;2025-11-01;11;720.93
1;2025-11-01;12;886.61
1;2025-11-01;13;889.78
1;2025-11-01;14;824.75
1;2025-11-01;15;737.68
1;2025-11-01;16;683.91
1;2025-11-01;17;653.4
1;2025-11-01;18;599.78
1;2025-11-01;19;549.03
1;2025-11-01;20;414.12
1;2025-11-01;21;303.79
1;2025-11-01;22;149.92
1;2025-11-01;23;41.35
5;2025-11-01;0;0.0
5;2025-11-01;1;0.0
5;2025-11-01;2;0.0
5;2025-11-01;3;0.0
5;2025-11-01;4;0.0
5;2025-11-01;5;0.0
5;2025-11-01;6;0.0
5;2025-11-01;7;0.0
5;2025-11-01;8;0.0
5;2025-11-01;9;0.0
5;2025-11-01;10;0.0
5;2025-11-01;11;0.0
5;2025-11-01;12;0.0
5;2025-11-01;13;0.0
5;2025-11-01;14;0.0
5;2025-11-01;15;0.0
5;2025-11-01;16;0.0
5;2025-11-01;17;0.0
5;2025-11-01;18;0.0
5;2025-11-01;19;0.0
5;2025-11-01;20;0.0
5;2025-11-01;21;0.0
5;2025-11-01;22;0.0
5;2025-11-01;23;0.0
7;2025-11-01;0;99.53
7;2025-11-01;1;0.0
7;2025-11-01;2;0.0
7;2025-11-01;3;0.0
7;2025-11-01;4;0.0
7;2025-11-01;5;61.06
7;2025-11-01;6;308.28
7;2025-11-01;7;483.39
7;2025-11-01;8;738.67
7;2025-11-01;9;828.78
7;2025-11-01;10;901.77
7;2025-11-01;11;1054.26
7;2025-11-01;12;1156.14
7;2025-11-01;13;1207.86
7;2025-11-01;14;1252.7
7;2025-11-01;15;1159.47
7;2025-11-01;16;1110.75
7;2025-11-01;17;1078.97
7;2025-11-01;18;1058.62
7;2025-11-01;19;1048.42
7;2025-11-01;20;783.15
7;2025-11-01;21;642.56
7;2025-11-01;22;347.36
7;2025-11-01;23;220.29
11;2025-11-01;0;103.5
11;2025-11-01;1;0.0
11;2025-11-01;2;0.0
11;2025-11-01;3;0.0
11;2025-11-01;4;0.0
11;2025-11-01;5;215.52
11;2025-11-01;6;768.96
11;2025-11-01;7;684.4
11;2025-11-01;8;913.31
11;2025-11-01;9;1092.72
11;2025-11-01;10;1172.48
11;2025-11-01;11;1558.42
11;2025-11-01;12;1700.13
11;2025-11-01;13;1611.93
11;2025-11-01;14;1627.4
11;2025-11-01;15;1660.56
11;2025-11-01;16;1688.83
11;2025-11-01;17;1707.5
11;2025-11-01;18;1517.57
11;2025-11-01;19;1441.1
11;2025-11-01;20;1166.99
11;2025-11-01;21;815.48
11;2025-11-01;22;470.47
11;2025-11-01;23;326.04
12;2025-11-01;0;89.1
12;2025-11-01;1;0.0
12;2025-11-01;2;0.0
12;2025-11-01;3;0.0
12;2025-11-01;4;0.0
12;2025-11-01;5;273.68
12;2025-11-01;6;846.59
12;2025-11-01;7;882.28
12;2025-11-01;8;941.42
12;2025-11-01;9;1089.07
12;2025-11-01;10;1313.52
12;2025-11-01;11;1417.45
12;2025-11-01;12;1375.85
12;2025-11-01;13;1622.34
12;2025-11-01;14;1519.32
12;2025-11-01;15;1408.33
12;2025-11-01;16;1459.45
12;2025-11-01;17;1416.92
12;2025-11-01;18;1376.67
12;2025-11-01;19;1398.27
12;2025-11-01;20;1012.25
12;2025-11-01;21;699.08
12;2025-11-01;22;447.53
12;2025-11-01;23;281.75
17;2025-11-01;0;201.96
17;2025-11-01;1;0.0
17;2025-11-01;2;0.0
17;2025-11-01;3;0.0
17;2025-11-01;4;0.0
17;2025-11-01;5;118.43
17;2025-11-01;6;504.64
17;2025-11-01;7;1032.09
17;2025-11-01;8;1481.87
17;2025-11-01;9;1834.84
17;2025-11-01;10;2051.61
17;2025-11-01;11;2414.5
17;2025-11-01;12;2676.69
17;2025-11-01;13;2848.54
17;2025-11-01;14;2901.1
17;2025-11-01;15;2939.59
17;2025-11-01;16;2912.94
17;2025-11-01;17;2859.64
17;2025-11-01;18;2638.41
17;2025-11-01;19;2277.32
17;2025-11-01;20;1835.22
17;2025-11-01;21;1357.29
17;2025-11-01;22;897.9
17;2025-11-01;23;465.59
25;2025-11-01;0;0.0
25;2025-11-01;1;0.0
25;2025-11-01;2;0.0
25;2025-11-01;3;0.0
25;2025-11-01;4;0.0
25;2025-11-01;5;1.92
25;2025-11-01;6;49.55
25;2025-11-01;7;121.57
25;2025-11-01;8;244.25
25;2025-11-01;9;240.58
25;2025-11-01;10;237.72
25;2025-11-01;11;313.61
25;2025-11-01;12;332.9
25;2025-11-01;13;420.0
25;2025-11-01;14;452.36
25;2025-11-01;15;524.07
25;2025-11-01;16;467.09
25;2025-11-01;17;407.1
25;2025-11-01;18;409.26
25;2025-11-01;19;363.19
25;2025-11-01;20;249.13
25;2025-11-01;21;219.04
25;2025-11-01;22;136.82
25;2025-11-01;23;55.58
26;2025-11-01;0;0.0
26;2025-11-01;1;0.0
26;2025-11-01;2;0.0
26;2025-11-01;3;0.0
26;2025-11-01;4;0.0
26;2025-11-01;5;44.41
26;2025-11-01;6;266.99
26;2025-11-01;7;344.12
26;2025-11-01;8;504.48
26;2025-11-01;9;620.49
26;2025-11-01;10;714.71
26;2025-11-01;11;868.34
26;2025-11-01;12;894.41
26;2025-11-01;13;905.34
26;2025-11-01;14;896.88
26;2025-11-01;15;829.92
26;2025-11-01;16;836.99
26;2025-11-01;17;814.44
26;2025-11-01;18;796.04
26;2025-11-01;19;759.15
26;2025-11-01;20;536.91
26;2025-11-01;21;364.11
26;2025-11-01;22;234.14
26;2025-11-01;23;142.36
28;2025-11-01;0;0.0
28;2025-11-01;1;0.0
28;2025-11-01;2;0.0
28;2025-11-01;3;0.0
28;2025-11-01;4;0.0
28;2025-11-01;5;36.84
28;2025-11-01;6;97.44
28;2025-11-01;7;201.75
28;2025-11-01;8;312.38
28;2025-11-01;9;408.04
28;2025-11-01;10;421.8
28;2025-11-01;11;432.86
28;2025-11-01;12;501.09
28;2025-11-01;13;529.9
28;2025-11-01;14;529.64
28;2025-11-01;15;515.28
28;2025-11-01;16;484.55
28;2025-11-01;17;496.47
28;2025-11-01;18;444.85
28;2025-11-01;19;389.69
28;2025-11-01;20;307.76
28;2025-11-01;21;278.52
28;2025-11-01;22;138.72
28;2025-11-01;23;24.37
50;2025-11-01;0;70.82
50;2025-11-01;1;0.0
50;2025-11-01;2;0.0
50;2025-11-01;3;0.0
50;2025-11-01;4;0.0
50;2025-11-01;5;49.23
50;2025-11-01;6;217.14
50;2025-11-01;7;425.74
50;2025-11-01;8;608.63
50;2025-11-01;9;659.17
50;2025-11-01;10;655.48
50;2025-11-01;11;795.75
50;2025-11-01;12;814.57
50;2025-11-01;13;851.37
50;2025-11-01;14;853.41
50;2025-11-01;15;812.58
50;2025-11-01;16;796.69
50;2025-11-01;17;805.49
50;2025-11-01;18;749.19
50;2025-11-01;19;673.47
50;2025-11-01;20;540.11
50;2025-11-01;21;437.83
50;2025-11-01;22;253.74
50;2025-11-01;23;174.47
1;2025-11-02;0;0.0
1;2025-11-02;1;0.0
1;2025-11-02;2;0.0
1;2025-11-02;3;0.0
1;2025-11-02;4;0.0
1;2025-11-02;5;28.12
1;2025-11-02;6;129.38
1;2025-11-02;7;255.42
1;2025-11-02;8;355.49
1;2025-11-02;9;574.04
1;2025-11-02;10;679.64
1;2025-11-02;11;675.91
1;2025-11-02;12;807.22
1;2025-11-02;13;844.76
1;2025-11-02;14;743.73
1;2025-11-02;15;680.01
1;2025-11-02;16;627.78
1;2025-11-02;17;586.37
1;2025-11-02;18;542.75
1;2025-11-02;19;469.38
1;2025-11-02;20;367.94
1;2025-11-02;21;279.59
1;2025-11-02;22;121.07
1;2025-11-02;23;35.25
5;2025-11-02;0;0.0
5;2025-11-02;1;0.0
5;2025-11-02;2;0.0
5;2025-11-02;3;0.0
5;2025-11-02;4;0.0
5;2025-11-02;5;0.0
5;2025-11-02;6;0.0
5;2025-11-02;7;0.0
5;2025-11-02;8;0.0
5;2025-11-02;9;0.0
5;2025-11-02;10;0.0
5;2025-11-02;11;0.0
5;2025-11-02;12;0.0
5;2025-11-02;13;0.0
5;2025-11-02;14;0.0
5;2025-11-02;15;0.0
5;2025-11-02;16;0.0
5;2025-11-02;17;0.0
5;2025-11-02;18;0.0
5;2025-11-02;19;0.0
5;2025-11-02;20;0.0
5;2025-11-02;21;0.0
5;2025-11-02;22;0.0
5;2025-11-02;23;0.0
7;2025-11-02;0;111.75
7;2025-11-02;1;0.0
7;2025-11-02;2;0.0
7;2025-11-02;3;80.41
7;2025-11-02;4;0.0
7;2025-11-02;5;43.59
7;2025-11-02;6;210.69
7;2025-11-02;7;326.69
7;2025-11-02;8;532.46
7;2025-11-02;9;645.3
7;2025-11-02;10;719.62
7;2025-11-02;11;901.47
7;2025-11-02;12;984.04
7;2025-11-02;13;1035.73
7;2025-11-02;14;1110.13
7;2025-11-02;15;1062.89
7;2025-11-02;16;977.08
7;2025-11-02;17;1032.34
7;2025-11-02;18;932.75
7;2025-11-02;19;818.94
7;2025-11-02;20;676.52
7;2025-11-02;21;541.62
7;2025-11-02;22;313.84
7;2025-11-02;23;185.3
11;2025-11-02;0;111.94
11;2025-11-02;1;0.0
11;2025-11-02;2;0.0
11;2025-11-02;3;64.76
11;2025-11-02;4;0.0
11;2025-11-02;5;130.01
11;2025-11-02;6;517.25
11;2025-11-02;7;523.9
11;2025-11-02;8;666.79
11;2025-11-02;9;901.57
11;2025-11-02;10;1021.95
11;2025-11-02;11;1399.39
11;2025-11-02;12;1536.07
11;2025-11-02;13;1449.34
11;2025-11-02;14;1511.21
11;2025-11-02;15;1587.76
11;2025-11-02;16;1538.67
11;2025-11-02;17;1610.63
11;2025-11-02;18;1371.63
11;2025-11-02;19;1170.22
11;2025-11-02;20;988.35
11;2025-11-02;21;714.7
11;2025-11-02;22;414.94
11;2025-11-02;23;260.91
12;2025-11-02;0;91.73
12;2025-11-02;1;0.0
12;2025-11-02;2;0.0
12;2025-11-02;3;0.0
12;2025-11-02;4;0.0
12;2025-11-02;5;179.69
12;2025-11-02;6;546.69
12;2025-11-02;7;618.74
12;2025-11-02;8;733.19
12;2025-11-02;9;911.78
12;2025-11-02;10;1119.8
12;2025-11-02;11;1241.67
12;2025-11-02;12;1292.33
12;2025-11-02;13;1491.96
12;2025-11-02;14;1435.07
12;2025-11-02;15;1297.42
12;2025-11-02;16;1416.54
12;2025-11-02;17;1493.31
12;2025-11-02;18;1246.35
12;2025-11-02;19;1021.75
12;2025-11-02;20;790.84
12;2025-11-02;21;622.95
12;2025-11-02;22;412.33
12;2025-11-02;23;233.72
17;2025-11-02;0;192.34
17;2025-11-02;1;0.0
17;2025-11-02;2;0.0
17;2025-11-02;3;0.0
17;2025-11-02;4;0.0
17;2025-11-02;5;100.83
17;2025-11-02;6;394.44
17;2025-11-02;7;702.29
17;2025-11-02;8;1108.06
17;2025-11-02;9;1483.49
17;2025-11-02;10;1711.42
17;2025-11-02;11;2117.1
17;2025-11-02;12;2443.27
17;2025-11-02;13;2633.19
17;2025-11-02;14;2663.32
17;2025-11-02;15;2695.7
17;2025-11-02;16;2651.84
17;2025-11-02;17;2553.03
17;2025-11-02;18;2313.71
17;2025-11-02;19;1958.7
17;2025-11-02;20;1588.2
17;2025-11-02;21;1157.84
17;2025-11-02;22;764.56
17;2025-11-02;23;334.53
25;2025-11-02;0;0.0
25;2025-11-02;1;0.0
25;2025-11-02;2;0.0
25;2025-11-02;3;0.0
25;2025-11-02;4;0.0
25;2025-11-02;5;2.98
25;2025-11-02;6;40.19
25;2025-11-02;7;90.89
25;2025-11-02;8;167.64
25;2025-11-02;9;181.44
25;2025-11-02;10;191.31
25;2025-11-02;11;251.57
25;2025-11-02;12;295.91
25;2025-11-02;13;353.03
25;2025-11-02;14;393.5
25;2025-11-02;15;455.7
25;2025-11-02;16;388.79
25;2025-11-02;17;365.09
25;2025-11-02;18;364.84
25;2025-11-02;19;293.95
25;2025-11-02;20;210.86
25;2025-11-02;21;184.02
25;2025-11-02;22;112.48
25;2025-11-02;23;38.22
26;2025-11-02;0;0.0
26;2025-11-02;1;0.0
26;2025-11-02;2;0.0
26;2025-11-02;3;0.0
26;2025-11-02;4;0.0
26;2025-11-02;5;33.82
26;2025-11-02;6;155.45
26;2025-11-02;7;248.88
26;2025-11-02;8;373.63
26;2025-11-02;9;494.03
26;2025-11-02;10;543.24
26;2025-11-02;11;714.28
26;2025-11-02;12;753.36
26;2025-11-02;13;766.53
26;2025-11-02;14;746.88
26;2025-11-02;15;714.54
26;2025-11-02;16;707.01
26;2025-11-02;17;713.69
26;2025-11-02;18;668.42
26;2025-11-02;19;554.72
26;2025-11-02;20;419.89
26;2025-11-02;21;305.05
26;2025-11-02;22;208.92
26;2025-11-02;23;109.13
28;2025-11-02;0;0.0
28;2025-11-02;1;0.0
28;2025-11-02;2;0.0
28;2025-11-02;3;0.0
28;2025-11-02;4;0.0
28;2025-11-02;5;31.1
28;2025-11-02;6;82.36
28;2025-11-02;7;137.0
28;2025-11-02;8;229.36
28;2025-11-02;9;302.75
28;2025-11-02;10;332.96
28;2025-11-02;11;364.84
28;2025-11-02;12;412.62
28;2025-11-02;13;465.51
28;2025-11-02;14;456.17
28;2025-11-02;15;465.0
28;2025-11-02;16;443.07
28;2025-11-02;17;429.05
28;2025-11-02;18;405.06
28;2025-11-02;19;350.59
28;2025-11-02;20;301.26
28;2025-11-02;21;242.2
28;2025-11-02;22;111.28
28;2025-11-02;23;15.59
50;2025-11-02;0;57.46
50;2025-11-02;1;0.0
50;2025-11-02;2;0.0
50;2025-11-02;3;0.0
50;2025-11-02;4;0.0
50;2025-11-02;5;34.93
50;2025-11-02;6;154.46
50;2025-11-02;7;271.16
50;2025-11-02;8;409.77
50;2025-11-02;9;486.6
50;2025-11-02;10;527.77
50;2025-11-02;11;656.75
50;2025-11-02;12;702.24
50;2025-11-02;13;772.55
50;2025-11-02;14;798.37
50;2025-11-02;15;732.62
50;2025-11-02;16;745.68
50;2025-11-02;17;743.78
50;2025-11-02;18;702.61
50;2025-11-02;19;608.32
50;2025-11-02;20;515.88
50;2025-11-02;21;410.7
50;2025-11-02;22;246.88
50;2025-11-02;23;135.0
1;2025-11-03;0;0.0
1;2025-11-03;1;0.0
1;2025-11-03;2;0.0
1;2025-11-03;3;0.0
1;2025-11-03;4;0.0
1;2025-11-03;5;63.345
1;2025-11-03;6;261.035
1;2025-11-03;7;649.945
1;2025-11-03;8;833.83
1;2025-11-03;9;651.02
1;2025-11-03;10;576.12
1;2025-11-03;11;596.73
1;2025-11-03;12;606.61
1;2025-11-03;13;600.595
1;2025-11-03;14;572.02
1;2025-11-03;15;640.8
1;2025-11-03;16;656.815
1;2025-11-03;17;786.485
1;2025-11-03;18;829.82
1;2025-11-03;19;652.01
1;2025-11-03;20;423.545
1;2025-11-03;21;235.125
1;2025-11-03;22;123.265
1;2025-11-03;23;20.535
5;2025-11-03;0;0.0
5;2025-11-03;1;0.0
5;2025-11-03;2;0.0
5;2025-11-03;3;0.0
5;2025-11-03;4;0.0
5;2025-11-03;5;0.0
5;2025-11-03;6;0.0
5;2025-11-03;7;0.0
5;2025-11-03;8;0.0
5;2025-11-03;9;0.0
5;2025-11-03;10;0.0
5;2025-11-03;11;0.0
5;2025-11-03;12;0.0
5;2025-11-03;13;0.0
5;2025-11-03;14;0.0
5;2025-11-03;15;0.0
5;2025-11-03;16;0.0
5;2025-11-03;17;0.0
5;2025-11-03;18;0.0
5;2025-11-03;19;0.0
5;2025-11-03;20;0.0
5;2025-11-03;21;0.0
5;2025-11-03;22;0.0
5;2025-11-03;23;0.0
7;2025-11-03;0;39.405
7;2025-11-03;1;0.0
7;2025-11-03;2;0.0
7;2025-11-03;3;0.0
7;2025-11-03;4;0.0
7;2025-11-03;5;105.365
7;2025-11-03;6;356.76
7;2025-11-03;7;759.035
7;2025-11-03;8;1103.5
7;2025-11-03;9;857.93
7;2025-11-03;10;709.295
7;2025-11-03;11;638.48
7;2025-11-03;12;663.145
7;2025-11-03;13;670.04
7;2025-11-03;14;687.265
7;2025-11-03;15;742.585
7;2025-11-03;16;807.46
7;2025-11-03;17;1039.34
7;2025-11-03;18;1205.67
7;2025-11-03;19;808.355
7;2025-11-03;20;525.135
7;2025-11-03;21;290.615
7;2025-11-03;22;151.97
7;2025-11-03;23;92.6
11;2025-11-03;0;41.605
11;2025-11-03;1;0.0
11;2025-11-03;2;0.0
11;2025-11-03;3;0.0
11;2025-11-03;4;0.0
11;2025-11-03;5;151.315
11;2025-11-03;6;665.93
11;2025-11-03;7;1085.305
11;2025-11-03;8;1431.5
11;2025-11-03;9;1117.565
11;2025-11-03;10;838.79
11;2025-11-03;11;857.955
11;2025-11-03;12;828.555
11;2025-11-03;13;885.645
11;2025-11-03;14;878.325
11;2025-11-03;15;939.29
11;2025-11-03;16;1055.425
11;2025-11-03;17;1319.75
11;2025-11-03;18;1513.355
11;2025-11-03;19;1141.18
11;2025-11-03;20;786.695
11;2025-11-03;21;449.685
11;2025-11-03;22;232.735
11;2025-11-03;23;115.645
12;2025-11-03;0;36.865
12;2025-11-03;1;0.0
12;2025-11-03;2;0.0
12;2025-11-03;3;0.0
12;2025-11-03;4;0.0
12;2025-11-03;5;182.86
12;2025-11-03;6;696.765
12;2025-11-03;7;1246.86
12;2025-11-03;8;1627.685
12;2025-11-03;9;1172.925
12;2025-11-03;10;964.545
12;2025-11-03;11;926.045
12;2025-11-03;12;964.62
12;2025-11-03;13;935.855
12;2025-11-03;14;906.725
12;2025-11-03;15;1035.25
12;2025-11-03;16;1252.895
12;2025-11-03;17;1403.12
12;2025-11-03;18;1533.06
12;2025-11-03;19;1231.365
12;2025-11-03;20;787.135
12;2025-11-03;21;466.03
12;2025-11-03;22;250.99
12;2025-11-03;23;126.825
17;2025-11-03;0;55.215
17;2025-11-03;1;0.0
17;2025-11-03;2;0.0
17;2025-11-03;3;0.0
17;2025-11-03;4;0.0
17;2025-11-03;5;152.085
17;2025-11-03;6;719.585
17;2025-11-03;7;1847.745
17;2025-11-03;8;2474.485
17;2025-11-03;9;1777.095
17;2025-11-03;10;1379.305
17;2025-11-03;11;1368.67
17;2025-11-03;12;1399.23
17;2025-11-03;13;1427.82
17;2025-11-03;14;1420.82
17;2025-11-03;15;1495.45
17;2025-11-03;16;1683.325
17;2025-11-03;17;2132.305
17;2025-11-03;18;2459.535
17;2025-11-03;19;1744.42
17;2025-11-03;20;1195.77
17;2025-11-03;21;745.255
17;2025-11-03;22;426.835
17;2025-11-03;23;179.52
25;2025-11-03;0;0.0
25;2025-11-03;1;0.0
25;2025-11-03;2;0.0
25;2025-11-03;3;0.0
25;2025-11-03;4;0.0
25;2025-11-03;5;1.945
25;2025-11-03;6;68.415
25;2025-11-03;7;222.645
25;2025-11-03;8;362.58
25;2025-11-03;9;192.175
25;2025-11-03;10;142.81
25;2025-11-03;11;152.71
25;2025-11-03;12;160.635
25;2025-11-03;13;199.42
25;2025-11-03;14;171.95
25;2025-11-03;15;204.27
25;2025-11-03;16;260.85
25;2025-11-03;17;289.4
25;2025-11-03;18;330.68
25;2025-11-03;19;201.83
25;2025-11-03;20;138.94
25;2025-11-03;21;95.35
25;2025-11-03;22;49.795
25;2025-11-03;23;6.3
26;2025-11-03;0;0.0
26;2025-11-03;1;0.0
26;2025-11-03;2;0.0
26;2025-11-03;3;0.0
26;2025-11-03;4;0.0
26;2025-11-03;5;38.18
26;2025-11-03;6;252.66
26;2025-11-03;7;467.855
26;2025-11-03;8;885.62
26;2025-11-03;9;645.385
26;2025-11-03;10;539.795
26;2025-11-03;11;472.94
26;2025-11-03;12;494.47
26;2025-11-03;13;517.405
26;2025-11-03;14;492.395
26;2025-11-03;15;537.955
26;2025-11-03;16;619.835
26;2025-11-03;17;722.75
26;2025-11-03;18;837.985
26;2025-11-03;19;587.315
26;2025-11-03;20;364.68
26;2025-11-03;21;212.115
26;2025-11-03;22;114.065
26;2025-11-03;23;54.255
28;2025-11-03;0;0.0
28;2025-11-03;1;0.0
28;2025-11-03;2;0.0
28;2025-11-03;3;0.0
28;2025-11-03;4;0.0
28;2025-11-03;5;39.1
28;2025-11-03;6;126.48
28;2025-11-03;7;336.895
28;2025-11-03;8;508.17
28;2025-11-03;9;383.315
28;2025-11-03;10;274.275
28;2025-11-03;11;253.295
28;2025-11-03;12;299.195
28;2025-11-03;13;312.655
28;2025-11-03;14;278.82
28;2025-11-03;15;292.865
28;2025-11-03;16;369.265
28;2025-11-03;17;423.935
28;2025-11-03;18;434.85
28;2025-11-03;19;339.995
28;2025-11-03;20;231.915
28;2025-11-03;21;145.44
28;2025-11-03;22;62.93
28;2025-11-03;23;8.665
50;2025-11-03;0;0.0
50;2025-11-03;1;0.0
50;2025-11-03;2;0.0
50;2025-11-03;3;0.0
50;2025-11-03;4;0.0
50;2025-11-03;5;37.11
50;2025-11-03;6;267.47
50;2025-11-03;7;838.38
50;2025-11-03;8;1233.6
50;2025-11-03;9;974.545
50;2025-11-03;10;728.555
50;2025-11-03;11;694.165
50;2025-11-03;12;641.475
50;2025-11-03;13;631.41
50;2025-11-03;14;613.2
50;2025-11-03;15;677.295
50;2025-11-03;16;718.61
50;2025-11-03;17;1046.335
50;2025-11-03;18;1161.445
50;2025-11-03;19;720.79
50;2025-11-03;20;445.755
50;2025-11-03;21;291.52
50;2025-11-03;22;147.09
50;2025-11-03;23;70.1
1;2025-11-04;0;0.0
1;2025-11-04;1;0.0
1;2025-11-04;2;0.0
1;2025-11-04;3;0.0
1;2025-11-04;4;0.0
1;2025-11-04;5;68.63
1;2025-11-04;6;267.59
1;2025-11-04;7;682.26
1;2025-11-04;8;862.345
1;2025-11-04;9;711.255
1;2025-11-04;10;646.68
1;2025-11-04;11;645.08
1;2025-11-04;12;638.15
1;2025-11-04;13;645.11
1;2025-11-04;14;585.34
1;2025-11-04;15;649.585
1;2025-11-04;16;655.885
1;2025-11-04;17;765.485
1;2025-11-04;18;823.505
1;2025-11-04;19;659.09
1;2025-11-04;20;443.8
1;2025-11-04;21;239.255
1;2025-11-04;22;126.02
1;2025-11-04;23;24.115
5;2025-11-04;0;0.0
5;2025-11-04;1;0.0
5;2025-11-04;2;0.0
5;2025-11-04;3;0.0
5;2025-11-04;4;0.0
5;2025-11-04;5;0.0
5;2025-11-04;6;0.0
5;2025-11-04;7;0.0
5;2025-11-04;8;0.0
5;2025-11-04;9;0.0
5;2025-11-04;10;0.0
5;2025-11-04;11;0.0
5;2025-11-04;12;0.0
5;2025-11-04;13;0.0
5;2025-11-04;14;0.0
5;2025-11-04;15;0.0
5;2025-11-04;16;0.0
5;2025-11-04;17;0.0
5;2025-11-04;18;0.0
5;2025-11-04;19;0.0
5;2025-11-04;20;0.0
5;2025-11-04;21;0.0
5;2025-11-04;22;0.0
5;2025-11-04;23;0.0
7;2025-11-04;0;29.865
7;2025-11-04;1;0.0
7;2025-11-04;2;0.0
7;2025-11-04;3;0.0
7;2025-11-04;4;0.0
7;2025-11-04;5;106.61
7;2025-11-04;6;364.905
7;2025-11-04;7;768.07
7;2025-11-04;8;1135.825
7;2025-11-04;9;868.1
7;2025-11-04;10;753.35
7;2025-11-04;11;673.65
7;2025-11-04;12;698.15
7;2025-11-04;13;701.12
7;2025-11-04;14;709.25
7;2025-11-04;15;778.38
7;2025-11-04;16;811.31
7;2025-11-04;17;1054.44
7;2025-11-04;18;1214.48
7;2025-11-04;19;860.78
7;2025-11-04;20;536.75
7;2025-11-04;21;321.15
7;2025-11-04;22;166.615
7;2025-11-04;23;92.54
11;2025-11-04;0;35.445
11;2025-11-04;1;0.0
11;2025-11-04;2;0.0
11;2025-11-04;3;0.0
11;2025-11-04;4;0.0
11;2025-11-04;5;146.775
11;2025-11-04;6;665.71
11;2025-11-04;7;1112.55
11;2025-11-04;8;1457.645
11;2025-11-04;9;1155.595
11;2025-11-04;10;878.34
11;2025-11-04;11;864.725
11;2025-11-04;12;862.11
11;2025-11-04;13;925.42
11;2025-11-04;14;929.945
11;2025-11-04;15;971.13
11;2025-11-04;16;1075.75
11;2025-11-04;17;1349.81
11;2025-11-04;18;1511.67
11;2025-11-04;19;1144.38
11;2025-11-04;20;780.745
11;2025-11-04;21;465.56
11;2025-11-04;22;236.2
11;2025-11-04;23;124.84
12;2025-11-04;0;0.0
12;2025-11-04;1;0.0
12;2025-11-04;2;0.0
12;2025-11-04;3;0.0
12;2025-11-04;4;0.0
12;2025-11-04;5;185.475
12;2025-11-04;6;724.045
12;2025-11-04;7;1307.215
12;2025-11-04;8;1712.62
12;2025-11-04;9;1226.01
12;2025-11-04;10;1022.085
12;2025-11-04;11;983.805
12;2025-11-04;12;982.77
12;2025-11-04;13;971.74
12;2025-11-04;14;965.765
12;2025-11-04;15;1060.27
12;2025-11-04;16;1322.815
12;2025-11-04;17;1475.99
12;2025-11-04;18;1563.995
12;2025-11-04;19;1293.85
12;2025-11-04;20;801.1
12;2025-11-04;21;484.78
12;2025-11-04;22;275.17
12;2025-11-04;23;129.43
17;2025-11-04;0;65.275
17;2025-11-04;1;0.0
17;2025-11-04;2;0.0
17;2025-11-04;3;0.0
17;2025-11-04;4;0.0
17;2025-11-04;5;154.97
17;2025-11-04;6;738.225
17;2025-11-04;7;1893.635
17;2025-11-04;8;2529.32
17;2025-11-04;9;1847.775
17;2025-11-04;10;1438.805
17;2025-11-04;11;1392.44
17;2025-11-04;12;1418.69
17;2025-11-04;13;1430.405
17;2025-11-04;14;1460.1
17;2025-11-04;15;1510.775
17;2025-11-04;16;1720.145
17;2025-11-04;17;2166.24
17;2025-11-04;18;2458.11
17;2025-11-04;19;1783.46
17;2025-11-04;20;1242.27
17;2025-11-04;21;784.1
17;2025-11-04;22;449.12
17;2025-11-04;23;192.05
25;2025-11-04;0;0.0
25;2025-11-04;1;0.0
25;2025-11-04;2;0.0
25;2025-11-04;3;0.0
25;2025-11-04;4;0.0
25;2025-11-04;5;2.145
25;2025-11-04;6;70.035
25;2025-11-04;7;232.46
25;2025-11-04;8;354.96
25;2025-11-04;9;210.835
25;2025-11-04;10;160.32
25;2025-11-04;11;175.92
25;2025-11-04;12;168.99
25;2025-11-04;13;191.565
25;2025-11-04;14;183.195
25;2025-11-04;15;223.885
25;2025-11-04;16;262.28
25;2025-11-04;17;282.835
25;2025-11-04;18;330.045
25;2025-11-04;19;226.095
25;2025-11-04;20;148.915
25;2025-11-04;21;95.495
25;2025-11-04;22;56.22
25;2025-11-04;23;6.09
26;2025-11-04;0;0.0
26;2025-11-04;1;0.0
26;2025-11-04;2;0.0
26;2025-11-04;3;32.055
26;2025-11-04;4;0.0
26;2025-11-04;5;41.73
26;2025-11-04;6;257.235
26;2025-11-04;7;493.61
26;2025-11-04;8;909.505
26;2025-11-04;9;676.065
26;2025-11-04;10;541.74
26;2025-11-04;11;494.18
26;2025-11-04;12;504.775
26;2025-11-04;13;512.875
26;2025-11-04;14;513.62
26;2025-11-04;15;551.005
26;2025-11-04;16;634.07
26;2025-11-04;17;739.485
26;2025-11-04;18;837.65
26;2025-11-04;19;600.075
26;2025-11-04;20;383.195
26;2025-11-04;21;222.375
26;2025-11-04;22;119.255
26;2025-11-04;23;59.475
28;2025-11-04;0;0.0
28;2025-11-04;1;0.0
28;2025-11-04;2;0.0
28;2025-11-04;3;0.0
28;2025-11-04;4;0.0
28;2025-11-04;5;37.3
28;2025-11-04;6;124.75
28;2025-11-04;7;344.76
28;2025-11-04;8;518.57
28;2025-11-04;9;400.77
28;2025-11-04;10;293.71
28;2025-11-04;11;262.43
28;2025-11-04;12;306.9
28;2025-11-04;13;327.51
28;2025-11-04;14;290.08
28;2025-11-04;15;288.395
28;2025-11-04;16;366.51
28;2025-11-04;17;424.935
28;2025-11-04;18;419.655
28;2025-11-04;19;342.84
28;2025-11-04;20;244.62
28;2025-11-04;21;153.05
28;2025-11-04;22;69.57
28;2025-11-04;23;9.23
50;2025-11-04;0;0.0
50;2025-11-04;1;0.0
50;2025-11-04;2;0.0
50;2025-11-04;3;0.0
50;2025-11-04;4;0.0
50;2025-11-04;5;38.76
50;2025-11-04;6;294.735
50;2025-11-04;7;866.58
50;2025-11-04;8;1268.285
50;2025-11-04;9;988.93
50;2025-11-04;10;770.995
50;2025-11-04;11;711.925
50;2025-11-04;12;668.055
50;2025-11-04;13;653.36
50;2025-11-04;14;625.92
50;2025-11-04;15;689.83
50;2025-11-04;16;734.005
50;2025-11-04;17;1089.245
50;2025-11-04;18;1190.155
50;2025-11-04;19;712.1
50;2025-11-04;20;467.19
50;2025-11-04;21;314.215
50;2025-11-04;22;155.475
50;2025-11-04;23;74.13
1;2025-11-05;0;0.0
1;2025-11-05;1;0.0
1;2025-11-05;2;0.0
1;2025-11-05;3;0.0
1;2025-11-05;4;0.0
1;2025-11-05;5;129.59
1;2025-11-05;6;504.27
1;2025-11-05;7;1288.05
1;2025-11-05;8;1726.19
1;2025-11-05;9;1381.0
1;2025-11-05;10;1231.17
1;2025-11-05;11;1255.62
1;2025-11-05;12;1262.02
1;2025-11-05;13;1290.06
1;2025-11-05;14;1203.66
1;2025-11-05;15;1308.87
1;2025-11-05;16;1315.42
1;2025-11-05;17;1569.82
1;2025-11-05;18;1648.11
1;2025-11-05;19;1286.74
1;2025-11-05;20;853.83
1;2025-11-05;21;477.75
1;2025-11-05;22;263.28
1;2025-11-05;23;48.33
5;2025-11-05;0;0.0
5;2025-11-05;1;0.0
5;2025-11-05;2;0.0
5;2025-11-05;3;0.0
5;2025-11-05;4;0.0
5;2025-11-05;5;0.0
5;2025-11-05;6;0.0
5;2025-11-05;7;0.0
5;2025-11-05;8;0.0
5;2025-11-05;9;0.0
5;2025-11-05;10;0.0
5;2025-11-05;11;0.0
5;2025-11-05;12;0.0
5;2025-11-05;13;0.0
5;2025-11-05;14;0.0
5;2025-11-05;15;0.0
5;2025-11-05;16;0.0
5;2025-11-05;17;0.0
5;2025-11-05;18;0.0
5;2025-11-05;19;0.0
5;2025-11-05;20;0.0
5;2025-11-05;21;0.0
5;2025-11-05;22;0.0
5;2025-11-05;23;0.0
7;2025-11-05;0;62.28
7;2025-11-05;1;0.0
7;2025-11-05;2;0.0
7;2025-11-05;3;0.0
7;2025-11-05;4;0.0
7;2025-11-05;5;213.19
7;2025-11-05;6;708.92
7;2025-11-05;7;1504.74
7;2025-11-05;8;2296.73
7;2025-11-05;9;1773.84
7;2025-11-05;10;1504.59
7;2025-11-05;11;1347.66
7;2025-11-05;12;1386.8
7;2025-11-05;13;1419.06
7;2025-11-05;14;1452.11
7;2025-11-05;15;1602.77
7;2025-11-05;16;1668.57
7;2025-11-05;17;2168.01
7;2025-11-05;18;2380.65
7;2025-11-05;19;1662.71
7;2025-11-05;20;1088.45
7;2025-11-05;21;651.37
7;2025-11-05;22;365.39
7;2025-11-05;23;206.01
11;2025-11-05;0;71.81
11;2025-11-05;1;0.0
11;2025-11-05;2;0.0
11;2025-11-05;3;0.0
11;2025-11-05;4;0.0
11;2025-11-05;5;300.75
11;2025-11-05;6;1280.4
11;2025-11-05;7;2163.72
11;2025-11-05;8;2895.59
11;2025-11-05;9;2219.26
11;2025-11-05;10;1763.99
11;2025-11-05;11;1766.8
11;2025-11-05;12;1804.73
11;2025-11-05;13;1876.57
11;2025-11-05;14;1818.43
11;2025-11-05;15;1922.76
11;2025-11-05;16;2068.7
11;2025-11-05;17;2652.2
11;2025-11-05;18;2942.34
11;2025-11-05;19;2273.93
11;2025-11-05;20;1561.6
11;2025-11-05;21;947.13
11;2025-11-05;22;492.73
11;2025-11-05;23;262.82
12;2025-11-05;0;61.63
12;2025-11-05;1;0.0
12;2025-11-05;2;0.0
12;2025-11-05;3;0.0
12;2025-11-05;4;0.0
12;2025-11-05;5;354.3
12;2025-11-05;6;1401.78
12;2025-11-05;7;2488.42
12;2025-11-05;8;3161.78
12;2025-11-05;9;2364.27
12;2025-11-05;10;1996.61
12;2025-11-05;11;1961.44
12;2025-11-05;12;1956.85
12;2025-11-05;13;1956.97
12;2025-11-05;14;1935.07
12;2025-11-05;15;2144.44
12;2025-11-05;16;2583.93
12;2025-11-05;17;2876.7
12;2025-11-05;18;3067.32
12;2025-11-05;19;2449.78
12;2025-11-05;20;1596.38
12;2025-11-05;21;1000.88
12;2025-11-05;22;549.17
12;2025-11-05;23;269.24
17;2025-11-05;0;139.57
17;2025-11-05;1;0.0
17;2025-11-05;2;0.0
17;2025-11-05;3;0.0
17;2025-11-05;4;0.0
17;2025-11-05;5;314.78
17;2025-11-05;6;1433.35
17;2025-11-05;7;3616.88
17;2025-11-05;8;4840.86
17;2025-11-05;9;3572.46
17;2025-11-05;10;2826.55
17;2025-11-05;11;2770.69
17;2025-11-05;12;2825.4
17;2025-11-05;13;2920.23
17;2025-11-05;14;2933.57
17;2025-11-05;15;3035.89
17;2025-11-05;16;3368.03
17;2025-11-05;17;4103.9
17;2025-11-05;18;4634.65
17;2025-11-05;19;3383.08
17;2025-11-05;20;2381.56
17;2025-11-05;21;1577.9
17;2025-11-05;22;930.8
17;2025-11-05;23;422.12
25;2025-11-05;0;0.0
25;2025-11-05;1;0.0
25;2025-11-05;2;0.0
25;2025-11-05;3;0.0
25;2025-11-05;4;0.0
25;2025-11-05;5;4.15
25;2025-11-05;6;142.88
25;2025-11-05;7;444.54
25;2025-11-05;8;733.13
25;2025-11-05;9;399.64
25;2025-11-05;10;314.87
25;2025-11-05;11;342.46
25;2025-11-05;12;357.8
25;2025-11-05;13;423.59
25;2025-11-05;14;385.03
25;2025-11-05;15;447.6
25;2025-11-05;16;528.36
25;2025-11-05;17;603.07
25;2025-11-05;18;668.43
25;2025-11-05;19;432.62
25;2025-11-05;20;318.71
25;2025-11-05;21;213.88
25;2025-11-05;22;121.15
25;2025-11-05;23;11.09
26;2025-11-05;0;0.0
26;2025-11-05;1;0.0
26;2025-11-05;2;0.0
26;2025-11-05;3;0.0
26;2025-11-05;4;0.0
26;2025-11-05;5;79.92
26;2025-11-05;6;482.16
26;2025-11-05;7;926.1
26;2025-11-05;8;1709.33
26;2025-11-05;9;1306.06
26;2025-11-05;10;1078.48
26;2025-11-05;11;972.47
26;2025-11-05;12;1011.41
26;2025-11-05;13;1034.66
26;2025-11-05;14;1046.11
26;2025-11-05;15;1080.41
26;2025-11-05;16;1217.6
26;2025-11-05;17;1423.03
26;2025-11-05;18;1601.68
26;2025-11-05;19;1149.39
26;2025-11-05;20;729.7
26;2025-11-05;21;460.78
26;2025-11-05;22;252.31
26;2025-11-05;23;130.46
28;2025-11-05;0;0.0
28;2025-11-05;1;0.0
28;2025-11-05;2;0.0
28;2025-11-05;3;0.0
28;2025-11-05;4;0.0
28;2025-11-05;5;84.93
28;2025-11-05;6;250.43
28;2025-11-05;7;666.32
28;2025-11-05;8;1019.55
28;2025-11-05;9;730.08
28;2025-11-05;10;542.94
28;2025-11-05;11;545.09
28;2025-11-05;12;602.34
28;2025-11-05;13;635.3
28;2025-11-05;14;565.33
28;2025-11-05;15;611.65
28;2025-11-05;16;727.55
28;2025-11-05;17;821.41
28;2025-11-05;18;848.87
28;2025-11-05;19;657.72
28;2025-11-05;20;468.44
28;2025-11-05;21;315.36
28;2025-11-05;22;149.47
28;2025-11-05;23;18.66
50;2025-11-05;0;0.0
50;2025-11-05;1;0.0
50;2025-11-05;2;0.0
50;2025-11-05;3;0.0
50;2025-11-05;4;0.0
50;2025-11-05;5;79.44
50;2025-11-05;6;541.16
50;2025-11-05;7;1624.88
50;2025-11-05;8;2412.63
50;2025-11-05;9;1951.25
50;2025-11-05;10;1464.91
50;2025-11-05;11;1395.45
50;2025-11-05;12;1303.58
50;2025-11-05;13;1313.2
50;2025-11-05;14;1285.56
50;2025-11-05;15;1389.32
50;2025-11-05;16;1546.17
50;2025-11-05;17;2080.89
50;2025-11-05;18;2194.7
50;2025-11-05;19;1418.01
50;2025-11-05;20;879.82
50;2025-11-05;21;614.9
50;2025-11-05;22;325.38
50;2025-11-05;23;151.77
1;2025-11-06;0;0.0
1;2025-11-06;1;0.0
1;2025-11-06;2;0.0
1;2025-11-06;3;0.0
1;2025-11-06;4;0.0
1;2025-11-06;5;117.69
1;2025-11-06;6;497.59
1;2025-11-06;7;1244.92
1;2025-11-06;8;1618.39
1;2025-11-06;9;1319.43
1;2025-11-06;10;1246.44
1;2025-11-06;11;1223.43
1;2025-11-06;12;1257.31
1;2025-11-06;13;1231.95
1;2025-11-06;14;1188.1
1;2025-11-06;15;1258.45
1;2025-11-06;16;1301.72
1;2025-11-06;17;1511.66
1;2025-11-06;18;1609.72
1;2025-11-06;19;1255.83
1;2025-11-06;20;834.96
1;2025-11-06;21;490.17
1;2025-11-06;22;257.49
1;2025-11-06;23;56.01
5;2025-11-06;0;0.0
5;2025-11-06;1;0.0
5;2025-11-06;2;0.0
5;2025-11-06;3;0.0
5;2025-11-06;4;0.0
5;2025-11-06;5;0.0
5;2025-11-06;6;0.0
5;2025-11-06;7;0.0
5;2025-11-06;8;0.0
5;2025-11-06;9;0.0
5;2025-11-06;10;0.0
5;2025-11-06;11;0.0
5;2025-11-06;12;0.0
5;2025-11-06;13;0.0
5;2025-11-06;14;0.0
5;2025-11-06;15;0.0
5;2025-11-06;16;0.0
5;2025-11-06;17;0.0
5;2025-11-06;18;0.0
5;2025-11-06;19;0.0
5;2025-11-06;20;0.0
5;2025-11-06;21;0.0
5;2025-11-06;22;0.0
5;2025-11-06;23;0.0
7;2025-11-06;0;73.31
7;2025-11-06;1;0.0
7;2025-11-06;2;0.0
7;2025-11-06;3;0.0
7;2025-11-06;4;0.0
7;2025-11-06;5;198.67
7;2025-11-06;6;704.57
7;2025-11-06;7;1448.78
7;2025-11-06;8;2170.99
7;2025-11-06;9;1674.17
7;2025-11-06;10;1405.04
7;2025-11-06;11;1321.27
7;2025-11-06;12;1376.05
7;2025-11-06;13;1397.5
7;2025-11-06;14;1431.46
7;2025-11-06;15;1482.12
7;2025-11-06;16;1638.59
7;2025-11-06;17;2040.03
7;2025-11-06;18;2398.44
7;2025-11-06;19;1645.77
7;2025-11-06;20;1054.49
7;2025-11-06;21;659.88
7;2025-11-06;22;352.31
7;2025-11-06;23;202.77
11;2025-11-06;0;76.12
11;2025-11-06;1;0.0
11;2025-11-06;2;0.0
11;2025-11-06;3;0.0
11;2025-11-06;4;0.0
11;2025-11-06;5;301.55
11;2025-11-06;6;1275.63
11;2025-11-06;7;2096.54
11;2025-11-06;8;2675.48
11;2025-11-06;9;2247.96
11;2025-11-06;10;1762.63
11;2025-11-06;11;1719.76
11;2025-11-06;12;1729.71
11;2025-11-06;13;1866.82
11;2025-11-06;14;1826.44
11;2025-11-06;15;1922.68
11;2025-11-06;16;2083.93
11;2025-11-06;17;2587.16
11;2025-11-06;18;2872.87
11;2025-11-06;19;2206.25
11;2025-11-06;20;1510.6
11;2025-11-06;21;943.92
11;2025-11-06;22;506.64
11;2025-11-06;23;274.09
12;2025-11-06;0;58.47
12;2025-11-06;1;0.0
12;2025-11-06;2;0.0
12;2025-11-06;3;0.0
12;2025-11-06;4;0.0
12;2025-11-06;5;345.36
12;2025-11-06;6;1322.03
12;2025-11-06;7;2376.52
12;2025-11-06;8;3041.77
12;2025-11-06;9;2215.42
12;2025-11-06;10;1894.21
12;2025-11-06;11;1884.15
12;2025-11-06;12;1933.12
12;2025-11-06;13;1883.48
12;2025-11-06;14;1860.5
12;2025-11-06;15;2032.89
12;2025-11-06;16;2494.21
12;2025-11-06;17;2761.99
12;2025-11-06;18;2958.46
12;2025-11-06;19;2396.81
12;2025-11-06;20;1567.53
12;2025-11-06;21;966.09
12;2025-11-06;22;550.95
12;2025-11-06;23;282.95
17;2025-11-06;0;147.98
17;2025-11-06;1;0.0
17;2025-11-06;2;0.0
17;2025-11-06;3;0.0
17;2025-11-06;4;0.0
17;2025-11-06;5;298.52
17;2025-11-06;6;1387.1
17;2025-11-06;7;3451.87
17;2025-11-06;8;4635.04
17;2025-11-06;9;3449.75
17;2025-11-06;10;2769.12
17;2025-11-06;11;2735.69
17;2025-11-06;12;2845.27
17;2025-11-06;13;2905.53
17;2025-11-06;14;2931.09
17;2025-11-06;15;3026.3
17;2025-11-06;16;3429.21
17;2025-11-06;17;4133.11
17;2025-11-06;18;4681.52
17;2025-11-06;19;3444.67
17;2025-11-06;20;2454.19
17;2025-11-06;21;1628.78
17;2025-11-06;22;979.85
17;2025-11-06;23;443.05
25;2025-11-06;0;0.0
25;2025-11-06;1;0.0
25;2025-11-06;2;0.0
25;2025-11-06;3;0.0
25;2025-11-06;4;0.0
25;2025-11-06;5;4.6
25;2025-11-06;6;128.07
25;2025-11-06;7;412.6
25;2025-11-06;8;701.86
25;2025-11-06;9;383.77
25;2025-11-06;10;311.31
25;2025-11-06;11;320.17
25;2025-11-06;12;336.6
25;2025-11-06;13;377.68
25;2025-11-06;14;379.11
25;2025-11-06;15;437.19
25;2025-11-06;16;523.9
25;2025-11-06;17;594.74
25;2025-11-06;18;650.01
25;2025-11-06;19;429.06
25;2025-11-06;20;300.93
25;2025-11-06;21;212.65
25;2025-11-06;22;128.24
25;2025-11-06;23;15.17
26;2025-11-06;0;0.0
26;2025-11-06;1;0.0
26;2025-11-06;2;0.0
26;2025-11-06;3;0.0
26;2025-11-06;4;0.0
26;2025-11-06;5;77.35
26;2025-11-06;6;485.31
26;2025-11-06;7;913.83
26;2025-11-06;8;1657.51
26;2025-11-06;9;1241.42
26;2025-11-06;10;1033.84
26;2025-11-06;11;971.82
26;2025-11-06;12;985.73
26;2025-11-06;13;985.76
26;2025-11-06;14;1000.9
26;2025-11-06;15;1074.5
26;2025-11-06;16;1221.92
26;2025-11-06;17;1410.65
26;2025-11-06;18;1617.58
26;2025-11-06;19;1148.88
26;2025-11-06;20;731.89
26;2025-11-06;21;462.85
26;2025-11-06;22;252.65
26;2025-11-06;23;133.13
28;2025-11-06;0;0.0
28;2025-11-06;1;0.0
28;2025-11-06;2;0.0
28;2025-11-06;3;0.0
28;2025-11-06;4;0.0
28;2025-11-06;5;75.99
28;2025-11-06;6;245.61
28;2025-11-06;7;651.87
28;2025-11-06;8;966.06
28;2025-11-06;9;742.66
28;2025-11-06;10;543.57
28;2025-11-06;11;504.64
28;2025-11-06;12;600.59
28;2025-11-06;13;617.67
28;2025-11-06;14;556.5
28;2025-11-06;15;577.77
28;2025-11-06;16;692.24
28;2025-11-06;17;819.14
28;2025-11-06;18;830.95
28;2025-11-06;19;637.08
28;2025-11-06;20;476.92
28;2025-11-06;21;315.19
28;2025-11-06;22;144.25
28;2025-11-06;23;19.98
50;2025-11-06;0;0.0
50;2025-11-06;1;0.0
50;2025-11-06;2;0.0
50;2025-11-06;3;0.0
50;2025-11-06;4;0.0
50;2025-11-06;5;81.89
50;2025-11-06;6;531.8
50;2025-11-06;7;1622.86
50;2025-11-06;8;2322.03
50;2025-11-06;9;1850.9
50;2025-11-06;10;1433.78
50;2025-11-06;11;1366.51
50;2025-11-06;12;1264.11
50;2025-11-06;13;1244.96
50;2025-11-06;14;1178.68
50;2025-11-06;15;1310.67
50;2025-11-06;16;1501.4
50;2025-11-06;17;2025.34
50;2025-11-06;18;2237.6
50;2025-11-06;19;1416.42
50;2025-11-06;20;929.65
50;2025-11-06;21;664.27
50;2025-11-06;22;330.29
50;2025-11-06;23;179.35
1;2025-11-07;0;0.0
1;2025-11-07;1;0.0
1;2025-11-07;2;0.0
1;2025-11-07;3;0.0
1;2025-11-07;4;0.0
1;2025-11-07;5;120.75
1;2025-11-07;6;475.08
1;2025-11-07;7;1238.35
1;2025-11-07;8;1590.62
1;2025-11-07;9;1278.34
1;2025-11-07;10;1170.94
1;2025-11-07;11;1223.61
1;2025-11-07;12;1220.87
1;2025-11-07;13;1240.71
1;2025-11-07;14;1172.6
1;2025-11-07;15;1304.02
1;2025-11-07;16;1351.27
1;2025-11-07;17;1485.08
1;2025-11-07;18;1383.58
1;2025-11-07;19;1065.78
1;2025-11-07;20;762.29
1;2025-11-07;21;486.07
1;2025-11-07;22;261.09
1;2025-11-07;23;62.9
5;2025-11-07;0;0.0
5;2025-11-07;1;0.0
5;2025-11-07;2;0.0
5;2025-11-07;3;0.0
5;2025-11-07;4;0.0
5;2025-11-07;5;0.0
5;2025-11-07;6;0.0
5;2025-11-07;7;0.0
5;2025-11-07;8;0.0
5;2025-11-07;9;0.0
5;2025-11-07;10;0.0
5;2025-11-07;11;0.0
5;2025-11-07;12;0.0
5;2025-11-07;13;0.0
5;2025-11-07;14;0.0
5;2025-11-07;15;0.0
5;2025-11-07;16;0.0
5;2025-11-07;17;0.0
5;2025-11-07;18;0.0
5;2025-11-07;19;0.0
5;2025-11-07;20;0.0
5;2025-11-07;21;0.0
5;2025-11-07;22;0.0
5;2025-11-07;23;0.0
7;2025-11-07;0;72.19
7;2025-11-07;1;0.0
7;2025-11-07;2;0.0
7;2025-11-07;3;0.0
7;2025-11-07;4;0.0
7;2025-11-07;5;192.34
7;2025-11-07;6;631.69
7;2025-11-07;7;1410.57
7;2025-11-07;8;2009.6
7;2025-11-07;9;1597.2
7;2025-11-07;10;1359.23
7;2025-11-07;11;1362.97
7;2025-11-07;12;1432.22
7;2025-11-07;13;1513.99
7;2025-11-07;14;1550.25
7;2025-11-07;15;1610.04
7;2025-11-07;16;1820.0
7;2025-11-07;17;1997.88
7;2025-11-07;18;1865.27
7;2025-11-07;19;1467.13
7;2025-11-07;20;1001.12
7;2025-11-07;21;641.21
7;2025-11-07;22;377.56
7;2025-11-07;23;231.13
11;2025-11-07;0;81.81
11;2025-11-07;1;0.0
11;2025-11-07;2;0.0
11;2025-11-07;3;0.0
11;2025-11-07;4;0.0
11;2025-11-07;5;291.55
11;2025-11-07;6;1244.75
11;2025-11-07;7;1985.12
11;2025-11-07;8;2581.0
11;2025-11-07;9;2126.03
11;2025-11-07;10;1717.62
11;2025-11-07;11;1728.32
11;2025-11-07;12;1777.26
11;2025-11-07;13;1841.09
11;2025-11-07;14;1897.06
11;2025-11-07;15;2043.78
11;2025-11-07;16;2267.91
11;2025-11-07;17;2641.94
11;2025-11-07;18;2414.66
11;2025-11-07;19;2041.2
11;2025-11-07;20;1472.44
11;2025-11-07;21;948.49
11;2025-11-07;22;515.8
11;2025-11-07;23;302.1
12;2025-11-07;0;66.88
12;2025-11-07;1;0.0
12;2025-11-07;2;0.0
12;2025-11-07;3;0.0
12;2025-11-07;4;0.0
12;2025-11-07;5;340.1
12;2025-11-07;6;1311.74
12;2025-11-07;7;2323.2
12;2025-11-07;8;3010.0
12;2025-11-07;9;2159.7
12;2025-11-07;10;1863.83
12;2025-11-07;11;1917.91
12;2025-11-07;12;1899.79
12;2025-11-07;13;1876.4
12;2025-11-07;14;1931.62
12;2025-11-07;15;2248.28
12;2025-11-07;16;2753.63
12;2025-11-07;17;2735.36
12;2025-11-07;18;2466.47
12;2025-11-07;19;2147.45
12;2025-11-07;20;1486.67
12;2025-11-07;21;1006.34
12;2025-11-07;22;572.5
12;2025-11-07;23;309.99
17;2025-11-07;0;161.61
17;2025-11-07;1;0.0
17;2025-11-07;2;0.0
17;2025-11-07;3;0.0
17;2025-11-07;4;0.0
17;2025-11-07;5;294.04
17;2025-11-07;6;1342.71
17;2025-11-07;7;3374.25
17;2025-11-07;8;4493.02
17;2025-11-07;9;3358.4
17;2025-11-07;10;2723.35
17;2025-11-07;11;2768.24
17;2025-11-07;12;2866.16
17;2025-11-07;13;2958.68
17;2025-11-07;14;3033.23
17;2025-11-07;15;3319.0
17;2025-11-07;16;3815.94
17;2025-11-07;17;4191.05
17;2025-11-07;18;4101.36
17;2025-11-07;19;3088.13
17;2025-11-07;20;2353.67
17;2025-11-07;21;1630.93
17;2025-11-07;22;1001.49
17;2025-11-07;23;486.34
25;2025-11-07;0;0.0
25;2025-11-07;1;0.0
25;2025-11-07;2;0.0
25;2025-11-07;3;0.0
25;2025-11-07;4;0.0
25;2025-11-07;5;4.69
25;2025-11-07;6;132.11
25;2025-11-07;7;409.6
25;2025-11-07;8;663.84
25;2025-11-07;9;386.71
25;2025-11-07;10;302.02
25;2025-11-07;11;330.38
25;2025-11-07;12;348.1
25;2025-11-07;13;409.23
25;2025-11-07;14;420.98
25;2025-11-07;15;493.33
25;2025-11-07;16;570.09
25;2025-11-07;17;597.82
25;2025-11-07;18;515.01
25;2025-11-07;19;390.95
25;2025-11-07;20;288.76
25;2025-11-07;21;213.1
25;2025-11-07;22;134.47
25;2025-11-07;23;18.53
26;2025-11-07;0;0.0
26;2025-11-07;1;0.0
26;2025-11-07;2;0.0
26;2025-11-07;3;0.0
26;2025-11-07;4;0.0
26;2025-11-07;5;75.03
26;2025-11-07;6;473.5
26;2025-11-07;7;865.87
26;2025-11-07;8;1570.61
26;2025-11-07;9;1197.83
26;2025-11-07;10;994.34
26;2025-11-07;11;918.43
26;2025-11-07;12;987.55
26;2025-11-07;13;1025.12
26;2025-11-07;14;1010.92
26;2025-11-07;15;1128.15
26;2025-11-07;16;1354.73
26;2025-11-07;17;1411.53
26;2025-11-07;18;1217.23
26;2025-11-07;19;968.61
26;2025-11-07;20;680.12
26;2025-11-07;21;431.64
26;2025-11-07;22;251.37
26;2025-11-07;23;152.49
28;2025-11-07;0;0.0
28;2025-11-07;1;0.0
28;2025-11-07;2;0.0
28;2025-11-07;3;0.0
28;2025-11-07;4;0.0
28;2025-11-07;5;72.84
28;2025-11-07;6;228.33
28;2025-11-07;7;616.01
28;2025-11-07;8;920.71
28;2025-11-07;9;693.55
28;2025-11-07;10;527.83
28;2025-11-07;11;516.31
28;2025-11-07;12;590.33
28;2025-11-07;13;611.08
28;2025-11-07;14;584.11
28;2025-11-07;15;607.33
28;2025-11-07;16;774.08
28;2025-11-07;17;810.8
28;2025-11-07;18;703.19
28;2025-11-07;19;572.73
28;2025-11-07;20;445.33
28;2025-11-07;21;300.45
28;2025-11-07;22;146.83
28;2025-11-07;23;19.24
50;2025-11-07;0;0.0
50;2025-11-07;1;0.0
50;2025-11-07;2;0.0
50;2025-11-07;3;0.0
50;2025-11-07;4;0.0
50;2025-11-07;5;77.35
50;2025-11-07;6;531.86
50;2025-11-07;7;1499.3
50;2025-11-07;8;2253.65
50;2025-11-07;9;1713.51
50;2025-11-07;10;1381.43
50;2025-11-07;11;1367.62
50;2025-11-07;12;1322.42
50;2025-11-07;13;1288.85
50;2025-11-07;14;1220.98
50;2025-11-07;15;1494.3
50;2025-11-07;16;1720.35
50;2025-11-07;17;1849.51
50;2025-11-07;18;1607.85
50;2025-11-07;19;1137.57
50;2025-11-07;20;792.24
50;2025-11-07;21;572.4
50;2025-11-07;22;331.4
50;2025-11-07;23;186.87
1;2025-11-08;0;0.0
1;2025-11-08;1;0.0
1;2025-11-08;2;0.0
1;2025-11-08;3;0.0
1;2025-11-08;4;0.0
1;2025-11-08;5;35.54
1;2025-11-08;6;170.83
1;2025-11-08;7;324.96
1;2025-11-08;8;435.5
1;2025-11-08;9;683.53
1;2025-11-08;10;771.16
1;2025-11-08;11;720.93
1;2025-11-08;12;886.61
1;2025-11-08;13;889.78
1;2025-11-08;14;824.75
1;2025-11-08;15;737.68
1;2025-11-08;16;683.91
1;2025-11-08;17;653.4
1;2025-11-08;18;599.78
1;2025-11-08;19;549.03
1;2025-11-08;20;414.12
1;2025-11-08;21;303.79
1;2025-11-08;22;149.92
1;2025-11-08;23;41.35
5;2025-11-08;0;0.0
5;2025-11-08;1;0.0
5;2025-11-08;2;0.0
5;2025-11-08;3;0.0
5;2025-11-08;4;0.0
5;2025-11-08;5;0.0
5;2025-11-08;6;0.0
5;2025-11-08;7;0.0
5;2025-11-08;8;0.0
5;2025-11-08;9;0.0
5;2025-11-08;10;0.0
5;2025-11-08;11;0.0
5;2025-11-08;12;0.0
5;2025-11-08;13;0.0
5;2025-11-08;14;0.0
5;2025-11-08;15;0.0
5;2025-11-08;16;0.0
5;2025-11-08;17;0.0
5;2025-11-08;18;0.0
5;2025-11-08;19;0.0
5;2025-11-08;20;0.0
5;2025-11-08;21;0.0
5;2025-11-08;22;0.0
5;2025-11-08;23;0.0
7;2025-11-08;0;99.53
7;2025-11-08;1;0.0
7;2025-11-08;2;0.0
7;2025-11-08;3;0.0
7;2025-11-08;4;0.0
7;2025-11-08;5;61.06
7;2025-11-08;6;308.28
7;2025-11-08;7;483.39
7;2025-11-08;8;738.67
7;2025-11-08;9;828.78
7;2025-11-08;10;901.77
7;2025-11-08;11;1054.26
7;2025-11-08;12;1156.14
7;2025-11-08;13;1207.86
7;2025-11-08;14;1252.7
7;2025-11-08;15;1159.47
7;2025-11-08;16;1110.75
7;2025-11-08;17;1078.97
7;2025-11-08;18;1058.62
7;2025-11-08;19;1048.42
7;2025-11-08;20;783.15
7;2025-11-08;21;642.56
7;2025-11-08;22;347.36
7;2025-11-08;23;220.29
11;2025-11-08;0;103.5
11;2025-11-08;1;0.0
11;2025-11-08;2;0.0
11;2025-11-08;3;0.0
11;2025-11-08;4;0.0
11;2025-11-08;5;215.52
11;2025-11-08;6;768.96
11;2025-11-08;7;684.4
11;2025-11-08;8;913.31
11;2025-11-08;9;1092.72
11;2025-11-08;10;1172.48
11;2025-11-08;11;1558.42
11;2025-11-08;12;1700.13
11;2025-11-08;13;1611.93
11;2025-11-08;14;1627.4
11;2025-11-08;15;1660.56
11;2025-11-08;16;1688.83
11;2025-11-08;17;1707.5
11;2025-11-08;18;1517.57
11;2025-11-08;19;1441.1
11;2025-11-08;20;1166.99
11;2025-11-08;21;815.48
11;2025-11-08;22;470.47
11;2025-11-08;23;326.04
12;2025-11-08;0;89.1
12;2025-11-08;1;0.0
12;2025-11-08;2;0.0
12;2025-11-08;3;0.0
12;2025-11-08;4;0.0
12;2025-11-08;5;273.68
12;2025-11-08;6;846.59
12;2025-11-08;7;882.28
12;2025-11-08;8;941.42
12;2025-11-08;9;1089.07
12;2025-11-08;10;1313.52
12;2025-11-08;11;1417.45
12;2025-11-08;12;1375.85
12;2025-11-08;13;1622.34
12;2025-11-08;14;1519.32
12;2025-11-08;15;1408.33
12;2025-11-08;16;1459.45
12;2025-11-08;17;1416.92
12;2025-11-08;18;1376.67
12;2025-11-08;19;1398.27
12;2025-11-08;20;1012.25
12;2025-11-08;21;699.08
12;2025-11-08;22;447.53
12;2025-11-08;23;281.75
17;2025-11-08;0;201.96
17;2025-11-08;1;0.0
17;2025-11-08;2;0.0
17;2025-11-08;3;0.0
17;2025-11-08;4;0.0
17;2025-11-08;5;118.43
17;2025-11-08;6;504.64
17;2025-11-08;7;1032.09
17;2025-11-08;8;1481.87
17;2025-11-08;9;1834.84
17;2025-11-08;10;2051.61
17;2025-11-08;11;2414.5
17;2025-11-08;12;2676.69
17;2025-11-08;13;2848.54
17;2025-11-08;14;2901.1
17;2025-11-08;15;2939.59
17;2025-11-08;16;2912.94
17;2025-11-08;17;2859.64
17;2025-11-08;18;2638.41
17;2025-11-08;19;2277.32
17;2025-11-08;20;1835.22
17;2025-11-08;21;1357.29
17;2025-11-08;22;897.9
17;2025-11-08;23;465.59
25;2025-11-08;0;0.0
25;2025-11-08;1;0.0
25;2025-11-08;2;0.0
25;2025-11-08;3;0.0
25;2025-11-08;4;0.0
25;2025-11-08;5;1.92
25;2025-11-08;6;49.55
25;2025-11-08;7;121.57
25;2025-11-08;8;244.25
25;2025-11-08;9;240.58
25;2025-11-08;10;237.72
25;2025-11-08;11;313.61
25;2025-11-08;12;332.9
25;2025-11-08;13;420.0
25;2025-11-08;14;452.36
25;2025-11-08;15;524.07
25;2025-11-08;16;467.09
25;2025-11-08;17;407.1
25;2025-11-08;18;409.26
25;2025-11-08;19;363.19
25;2025-11-08;20;249.13
25;2025-11-08;21;219.04
25;2025-11-08;22;136.82
25;2025-11-08;23;55.58
26;2025-11-08;0;0.0
26;2025-11-08;1;0.0
26;2025-11-08;2;0.0
26;2025-11-08;3;0.0
26;2025-11-08;4;0.0
26;2025-11-08;5;44.41
26;2025-11-08;6;266.99
26;2025-11-08;7;344.12
26;2025-11-08;8;504.48
26;2025-11-08;9;620.49
26;2025-11-08;10;714.71
26;2025-11-08;11;868.34
26;2025-11-08;12;894.41
26;2025-11-08;13;905.34
26;2025-11-08;14;896.88
26;2025-11-08;15;829.92
26;2025-11-08;16;836.99
26;2025-11-08;17;814.44
26;2025-11-08;18;796.04
26;2025-11-08;19;759.15
26;2025-11-08;20;536.91
26;2025-11-08;21;364.11
26;2025-11-08;22;234.14
26;2025-11-08;23;142.36
28;2025-11-08;0;0.0
28;2025-11-08;1;0.0
28;2025-11-08;2;0.0
28;2025-11-08;3;0.0
28;2025-11-08;4;0.0
28;2025-11-08;5;36.84
28;2025-11-08;6;97.44
28;2025-11-08;7;201.75
28;2025-11-08;8;312.38
28;2025-11-08;9;408.04
28;2025-11-08;10;421.8
28;2025-11-08;11;432.86
28;2025-11-08;12;501.09
28;2025-11-08;13;529.9
28;2025-11-08;14;529.64
28;2025-11-08;15;515.28
28;2025-11-08;16;484.55
28;2025-11-08;17;496.47
28;2025-11-08;18;444.85
28;2025-11-08;19;389.69
28;2025-11-08;20;307.76
28;2025-11-08;21;278.52
28;2025-11-08;22;138.72
28;2025-11-08;23;24.37
50;2025-11-08;0;70.82
50;2025-11-08;1;0.0
50;2025-11-08;2;0.0
50;2025-11-08;3;0.0
50;2025-11-08;4;0.0
50;2025-11-08;5;49.23
50;2025-11-08;6;217.14
50;2025-11-08;7;425.74
50;2025-11-08;8;608.63
50;2025-11-08;9;659.17
50;2025-11-08;10;655.48
50;2025-11-08;11;795.75
50;2025-11-08;12;814.57
50;2025-11-08;13;851.37
50;2025-11-08;14;853.41
50;2025-11-08;15;812.58
50;2025-11-08;16;796.69
50;2025-11-08;17;805.49
50;2025-11-08;18;749.19
50;2025-11-08;19;673.47
50;2025-11-08;20;540.11
50;2025-11-08;21;437.83
50;2025-11-08;22;253.74
50;2025-11-08;23;174.47
1;2025-11-09;0;0.0
1;2025-11-09;1;0.0
1;2025-11-09;2;0.0
1;2025-11-09;3;0.0
1;2025-11-09;4;0.0
1;2025-11-09;5;28.12
1;2025-11-09;6;129.38
1;2025-11-09;7;255.42
1;2025-11-09;8;355.49
1;2025-11-09;9;574.04
1;2025-11-09;10;679.64
1;2025-11-09;11;675.91
1;2025-11-09;12;807.22
1;2025-11-09;13;844.76
1;2025-11-09;14;743.73
1;2025-11-09;15;680.01
1;2025-11-09;16;627.78
1;2025-11-09;17;586.37
1;2025-11-09;18;542.75
1;2025-11-09;19;469.38
1;2025-11-09;20;367.94
1;2025-11-09;21;279.59
1;2025-11-09;22;121.07
1;2025-11-09;23;35.25
5;2025-11-09;0;0.0
5;2025-11-09;1;0.0
5;2025-11-09;2;0.0
5;2025-11-09;3;0.0
5;2025-11-09;4;0.0
5;2025-11-09;5;0.0
5;2025-11-09;6;0.0
5;2025-11-09;7;0.0
5;2025-11-09;8;0.0
5;2025-11-09;9;0.0
5;2025-11-09;10;0.0
5;2025-11-09;11;0.0
5;2025-11-09;12;0.0
5;2025-11-09;13;0.0
5;2025-11-09;14;0.0
5;2025-11-09;15;0.0
5;2025-11-09;16;0.0
5;2025-11-09;17;0.0
5;2025-11-09;18;0.0
5;2025-11-09;19;0.0
5;2025-11-09;20;0.0
5;2025-11-09;21;0.0
5;2025-11-09;22;0.0
5;2025-11-09;23;0.0
7;2025-11-09;0;111.75
7;2025-11-09;1;0.0
7;2025-11-09;2;0.0
7;2025-11-09;3;80.41
7;2025-11-09;4;0.0
7;2025-11-09;5;43.59
7;2025-11-09;6;210.69
7;2025-11-09;7;326.69
7;2025-11-09;8;532.46
7;2025-11-09;9;645.3
7;2025-11-09;10;719.62
7;2025-11-09;11;901.47
7;2025-11-09;12;984.04
7;2025-11-09;13;1035.73
7;2025-11-09;14;1110.13
7;2025-11-09;15;1062.89
7;2025-11-09;16;977.08
7;2025-11-09;17;1032.34
7;2025-11-09;18;932.75
7;2025-11-09;19;818.94
7;2025-11-09;20;676.52
7;2025-11-09;21;541.62
7;2025-11-09;22;313.84
7;2025-11-09;23;185.3
11;2025-11-09;0;111.94
11;2025-11-09;1;0.0
11;2025-11-09;2;0.0
11;2025-11-09;3;64.76
11;2025-11-09;4;0.0
11;2025-11-09;5;130.01
11;2025-11-09;6;517.25
11;2025-11-09;7;523.9
11;2025-11-09;8;666.79
11;2025-11-09;9;901.57
11;2025-11-09;10;1021.95
11;2025-11-09;11;1399.39
11;2025-11-09;12;1536.07
11;2025-11-09;13;1449.34
11;2025-11-09;14;1511.21
11;2025-11-09;15;1587.76
11;2025-11-09;16;1538.67
11;2025-11-09;17;1610.63
11;2025-11-09;18;1371.63
11;2025-11-09;19;1170.22
11;2025-11-09;20;988.35
11;2025-11-09;21;714.7
11;2025-11-09;22;414.94
11;2025-11-09;23;260.91
12;2025-11-09;0;91.73
12;2025-11-09;1;0.0
12;2025-11-09;2;0.0
12;2025-11-09;3;0.0
12;2025-11-09;4;0.0
12;2025-11-09;5;179.69
12;2025-11-09;6;546.69
12;2025-11-09;7;618.74
12;2025-11-09;8;733.19
12;2025-11-09;9;911.78
12;2025-11-09;10;1119.8
12;2025-11-09;11;1241.67
12;2025-11-09;12;1292.33
12;2025-11-09;13;1491.96
12;2025-11-09;14;1435.07
12;2025-11-09;15;1297.42
12;2025-11-09;16;1416.54
12;2025-11-09;17;1493.31
12;2025-11-09;18;1246.35
12;2025-11-09;19;1021.75
12;2025-11-09;20;790.84
12;2025-11-09;21;622.95
12;2025-11-09;22;412.33
12;2025-11-09;23;233.72
17;2025-11-09;0;192.34
17;2025-11-09;1;0.0
17;2025-11-09;2;0.0
17;2025-11-09;3;0.0
17;2025-11-09;4;0.0
17;2025-11-09;5;100.83
17;2025-11-09;6;394.44
17;2025-11-09;7;702.29
17;2025-11-09;8;1108.06
17;2025-11-09;9;1483.49
17;2025-11-09;10;1711.42
17;2025-11-09;11;2117.1
17;2025-11-09;12;2443.27
17;2025-11-09;13;2633.19
17;2025-11-09;14;2663.32
17;2025-11-09;15;2695.7
17;2025-11-09;16;2651.84
17;2025-11-09;17;2553.03
17;2025-11-09;18;2313.71
17;2025-11-09;19;1958.7
17;2025-11-09;20;1588.2
17;2025-11-09;21;1157.84
17;2025-11-09;22;764.56
17;2025-11-09;23;334.53
25;2025-11-09;0;0.0
25;2025-11-09;1;0.0
25;2025-11-09;2;0.0
25;2025-11-09;3;0.0
25;2025-11-09;4;0.0
25;2025-11-09;5;2.98
25;2025-11-09;6;40.19
25;2025-11-09;7;90.89
25;2025-11-09;8;167.64
25;2025-11-09;9;181.44
25;2025-11-09;10;191.31
25;2025-11-09;11;251.57
25;2025-11-09;12;295.91
25;2025-11-09;13;353.03
25;2025-11-09;14;393.5
25;2025-11-09;15;455.7
25;2025-11-09;16;388.79
25;2025-11-09;17;365.09
25;2025-11-09;18;364.84
25;2025-11-09;19;293.95
25;2025-11-09;20;210.86
25;2025-11-09;21;184.02
25;2025-11-09;22;112.48
25;2025-11-09;23;38.22
26;2025-11-09;0;0.0
26;2025-11-09;1;0.0
26;2025-11-09;2;0.0
26;2025-11-09;3;0.0
26;2025-11-09;4;0.0
26;2025-11-09;5;33.82
26;2025-11-09;6;155.45
26;2025-11-09;7;248.88
26;2025-11-09;8;373.63
26;2025-11-09;9;494.03
26;2025-11-09;10;543.24
26;2025-11-09;11;714.28
26;2025-11-09;12;753.36
26;2025-11-09;13;766.53
26;2025-11-09;14;746.88
26;2025-11-09;15;714.54
26;2025-11-09;16;707.01
26;2025-11-09;17;713.69
26;2025-11-09;18;668.42
26;2025-11-09;19;554.72
26;2025-11-09;20;419.89
26;2025-11-09;21;305.05
26;2025-11-09;22;208.92
26;2025-11-09;23;109.13
28;2025-11-09;0;0.0
28;2025-11-09;1;0.0
28;2025-11-09;2;0.0
28;2025-11-09;3;0.0
28;2025-11-09;4;0.0
28;2025-11-09;5;31.1
28;2025-11-09;6;82.36
28;2025-11-09;7;137.0
28;2025-11-09;8;229.36
28;2025-11-09;9;302.75
28;2025-11-09;10;332.96
28;2025-11-09;11;364.84
28;2025-11-09;12;412.62
28;2025-11-09;13;465.51
28;2025-11-09;14;456.17
28;2025-11-09;15;465.0
28;2025-11-09;16;443.07
28;2025-11-09;17;429.05
28;2025-11-09;18;405.06
28;2025-11-09;19;350.59
28;2025-11-09;20;301.26
28;2025-11-09;21;242.2
28;2025-11-09;22;111.28
28;2025-11-09;23;15.59
50;2025-11-09;0;57.46
50;2025-11-09;1;0.0
50;2025-11-09;2;0.0
50;2025-11-09;3;0.0
50;2025-11-09;4;0.0
50;2025-11-09;5;34.93
50;2025-11-09;6;154.46
50;2025-11-09;7;271.16
50;2025-11-09;8;409.77
50;2025-11-09;9;486.6
50;2025-11-09;10;527.77
50;2025-11-09;11;656.75
50;2025-11-09;12;702.24
50;2025-11-09;13;772.55
50;2025-11-09;14;798.37
50;2025-11-09;15;732.62
50;2025-11-09;16;745.68
50;2025-11-09;17;743.78
50;2025-11-09;18;702.61
50;2025-11-09;19;608.32
50;2025-11-09;20;515.88
50;2025-11-09;21;410.7
50;2025-11-09;22;246.88
50;2025-11-09;23;135.0
1;2025-11-10;0;0.0
1;2025-11-10;1;0.0
1;2025-11-10;2;0.0
1;2025-11-10;3;0.0
1;2025-11-10;4;0.0
1;2025-11-10;5;126.69
1;2025-11-10;6;522.07
1;2025-11-10;7;1299.89
1;2025-11-10;8;1667.66
1;2025-11-10;9;1302.04
1;2025-11-10;10;1152.24
1;2025-11-10;11;1193.46
1;2025-11-10;12;1213.22
1;2025-11-10;13;1201.19
1;2025-11-10;14;1144.04
1;2025-11-10;15;1281.6
1;2025-11-10;16;1313.63
1;2025-11-10;17;1572.97
1;2025-11-10;18;1659.64
1;2025-11-10;19;1304.02
1;2025-11-10;20;847.09
1;2025-11-10;21;470.25
1;2025-11-10;22;246.53
1;2025-11-10;23;41.07
5;2025-11-10;0;0.0
5;2025-11-10;1;0.0
5;2025-11-10;2;0.0
5;2025-11-10;3;0.0
5;2025-11-10;4;0.0
5;2025-11-10;5;0.0
5;2025-11-10;6;0.0
5;2025-11-10;7;0.0
5;2025-11-10;8;0.0
5;2025-11-10;9;0.0
5;2025-11-10;10;0.0
5;2025-11-10;11;0.0
5;2025-11-10;12;0.0
5;2025-11-10;13;0.0
5;2025-11-10;14;0.0
5;2025-11-10;15;0.0
5;2025-11-10;16;0.0
5;2025-11-10;17;0.0
5;2025-11-10;18;0.0
5;2025-11-10;19;0.0
5;2025-11-10;20;0.0
5;2025-11-10;21;0.0
5;2025-11-10;22;0.0
5;2025-11-10;23;0.0
7;2025-11-10;0;78.81
7;2025-11-10;1;0.0
7;2025-11-10;2;0.0
7;2025-11-10;3;0.0
7;2025-11-10;4;0.0
7;2025-11-10;5;210.73
7;2025-11-10;6;713.52
7;2025-11-10;7;1518.07
7;2025-11-10;8;2207.0
7;2025-11-10;9;1715.86
7;2025-11-10;10;1418.59
7;2025-11-10;11;1276.96
7;2025-11-10;12;1326.29
7;2025-11-10;13;1340.08
7;2025-11-10;14;1374.53
7;2025-11-10;15;1485.17
7;2025-11-10;16;1614.92
7;2025-11-10;17;2078.68
7;2025-11-10;18;2411.34
7;2025-11-10;19;1616.71
7;2025-11-10;20;1050.27
7;2025-11-10;21;581.23
7;2025-11-10;22;303.94
7;2025-11-10;23;185.2
11;2025-11-10;0;83.21
11;2025-11-10;1;0.0
11;2025-11-10;2;0.0
11;2025-11-10;3;0.0
11;2025-11-10;4;0.0
11;2025-11-10;5;302.63
11;2025-11-10;6;1331.86
11;2025-11-10;7;2170.61
11;2025-11-10;8;2863.0
11;2025-11-10;9;2235.13
11;2025-11-10;10;1677.58
11;2025-11-10;11;1715.91
11;2025-11-10;12;1657.11
11;2025-11-10;13;1771.29
11;2025-11-10;14;1756.65
11;2025-11-10;15;1878.58
11;2025-11-10;16;2110.85
11;2025-11-10;17;2639.5
11;2025-11-10;18;3026.71
11;2025-11-10;19;2282.36
11;2025-11-10;20;1573.39
11;2025-11-10;21;899.37
11;2025-11-10;22;465.47
11;2025-11-10;23;231.29
12;2025-11-10;0;73.73
12;2025-11-10;1;0.0
12;2025-11-10;2;0.0
12;2025-11-10;3;0.0
12;2025-11-10;4;0.0
12;2025-11-10;5;365.72
12;2025-11-10;6;1393.53
12;2025-11-10;7;2493.72
12;2025-11-10;8;3255.37
12;2025-11-10;9;2345.85
12;2025-11-10;10;1929.09
12;2025-11-10;11;1852.09
12;2025-11-10;12;1929.24
12;2025-11-10;13;1871.71
12;2025-11-10;14;1813.45
12;2025-11-10;15;2070.5
12;2025-11-10;16;2505.79
12;2025-11-10;17;2806.24
12;2025-11-10;18;3066.12
12;2025-11-10;19;2462.73
12;2025-11-10;20;1574.27
12;2025-11-10;21;932.06
12;2025-11-10;22;501.98
12;2025-11-10;23;253.65
17;2025-11-10;0;110.43
17;2025-11-10;1;0.0
17;2025-11-10;2;0.0
17;2025-11-10;3;0.0
17;2025-11-10;4;0.0
17;2025-11-10;5;304.17
17;2025-11-10;6;1439.17
17;2025-11-10;7;3695.49
17;2025-11-10;8;4948.97
17;2025-11-10;9;3554.19
17;2025-11-10;10;2758.61
17;2025-11-10;11;2737.34
17;2025-11-10;12;2798.46
17;2025-11-10;13;2855.64
17;2025-11-10;14;2841.64
17;2025-11-10;15;2990.9
17;2025-11-10;16;3366.65
17;2025-11-10;17;4264.61
17;2025-11-10;18;4919.07
17;2025-11-10;19;3488.84
17;2025-11-10;20;2391.54
17;2025-11-10;21;1490.51
17;2025-11-10;22;853.67
17;2025-11-10;23;359.04
25;2025-11-10;0;0.0
25;2025-11-10;1;0.0
25;2025-11-10;2;0.0
25;2025-11-10;3;0.0
25;2025-11-10;4;0.0
25;2025-11-10;5;3.89
25;2025-11-10;6;136.83
25;2025-11-10;7;445.29
25;2025-11-10;8;725.16
25;2025-11-10;9;384.35
25;2025-11-10;10;285.62
25;2025-11-10;11;305.42
25;2025-11-10;12;321.27
25;2025-11-10;13;398.84
25;2025-11-10;14;343.9
25;2025-11-10;15;408.54
25;2025-11-10;16;521.7
25;2025-11-10;17;578.8
25;2025-11-10;18;661.36
25;2025-11-10;19;403.66
25;2025-11-10;20;277.88
25;2025-11-10;21;190.7
25;2025-11-10;22;99.59
25;2025-11-10;23;12.6
26;2025-11-10;0;0.0
26;2025-11-10;1;0.0
26;2025-11-10;2;0.0
26;2025-11-10;3;0.0
26;2025-11-10;4;0.0
26;2025-11-10;5;76.36
26;2025-11-10;6;505.32
26;2025-11-10;7;935.71
26;2025-11-10;8;1771.24
26;2025-11-10;9;1290.77
26;2025-11-10;10;1079.59
26;2025-11-10;11;945.88
26;2025-11-10;12;988.94
26;2025-11-10;13;1034.81
26;2025-11-10;14;984.79
26;2025-11-10;15;1075.91
26;2025-11-10;16;1239.67
26;2025-11-10;17;1445.5
26;2025-11-10;18;1675.97
26;2025-11-10;19;1174.63
26;2025-11-10;20;729.36
26;2025-11-10;21;424.23
26;2025-11-10;22;228.13
26;2025-11-10;23;108.51
28;2025-11-10;0;0.0
28;2025-11-10;1;0.0
28;2025-11-10;2;0.0
28;2025-11-10;3;0.0
28;2025-11-10;4;0.0
28;2025-11-10;5;78.2
28;2025-11-10;6;252.96
28;2025-11-10;7;673.79
28;2025-11-10;8;1016.34
28;2025-11-10;9;766.63
28;2025-11-10;10;548.55
28;2025-11-10;11;506.59
28;2025-11-10;12;598.39
28;2025-11-10;13;625.31
28;2025-11-10;14;557.64
28;2025-11-10;15;585.73
28;2025-11-10;16;738.53
28;2025-11-10;17;847.87
28;2025-11-10;18;869.7
28;2025-11-10;19;679.99
28;2025-11-10;20;463.83
28;2025-11-10;21;290.88
28;2025-11-10;22;125.86
28;2025-11-10;23;17.33
50;2025-11-10;0;0.0
50;2025-11-10;1;0.0
50;2025-11-10;2;0.0
50;2025-11-10;3;0.0
50;2025-11-10;4;0.0
50;2025-11-10;5;74.22
50;2025-11-10;6;534.94
50;2025-11-10;7;1676.76
50;2025-11-10;8;2467.2
50;2025-11-10;9;1949.09
50;2025-11-10;10;1457.11
50;2025-11-10;11;1388.33
50;2025-11-10;12;1282.95
50;2025-11-10;13;1262.82
50;2025-11-10;14;1226.4
50;2025-11-10;15;1354.59
50;2025-11-10;16;1437.22
50;2025-11-10;17;2092.67
50;2025-11-10;18;2322.89
50;2025-11-10;19;1441.58
50;2025-11-10;20;891.51
50;2025-11-10;21;583.04
50;2025-11-10;22;294.18
50;2025-11-10;23;140.2
1;2025-11-11;0;0.0
1;2025-11-11;1;0.0
1;2025-11-11;2;0.0
1;2025-11-11;3;0.0
1;2025-11-11;4;0.0
1;2025-11-11;5;137.26
1;2025-11-11;6;535.18
1;2025-11-11;7;1364.52
1;2025-11-11;8;1724.69
1;2025-11-11;9;1422.51
1;2025-11-11;10;1293.36
1;2025-11-11;11;1290.16
1;2025-11-11;12;1276.3
1;2025-11-11;13;1290.22
1;2025-11-11;14;1170.68
1;2025-11-11;15;1299.17
1;2025-11-11;16;1311.77
1;2025-11-11;17;1530.97
1;2025-11-11;18;1647.01
1;2025-11-11;19;1318.18
1;2025-11-11;20;887.6
1;2025-11-11;21;478.51
1;2025-11-11;22;252.04
1;2025-11-11;23;48.23
5;2025-11-11;0;0.0
5;2025-11-11;1;0.0
5;2025-11-11;2;0.0
5;2025-11-11;3;0.0
5;2025-11-11;4;0.0
5;2025-11-11;5;0.0
5;2025-11-11;6;0.0
5;2025-11-11;7;0.0
5;2025-11-11;8;0.0
5;2025-11-11;9;0.0
5;2025-11-11;10;0.0
5;2025-11-11;11;0.0
5;2025-11-11;12;0.0
5;2025-11-11;13;0.0
5;2025-11-11;14;0.0
5;2025-11-11;15;0.0
5;2025-11-11;16;0.0
5;2025-11-11;17;0.0
5;2025-11-11;18;0.0
5;2025-11-11;19;0.0
5;2025-11-11;20;0.0
5;2025-11-11;21;0.0
5;2025-11-11;22;0.0
5;2025-11-11;23;0.0
7;2025-11-11;0;59.73
7;2025-11-11;1;0.0
7;2025-11-11;2;0.0
7;2025-11-11;3;0.0
7;2025-11-11;4;0.0
7;2025-11-11;5;213.22
7;2025-11-11;6;729.81
7;2025-11-11;7;1536.14
7;2025-11-11;8;2271.65
7;2025-11-11;9;1736.2
7;2025-11-11;10;1506.7
7;2025-11-11;11;1347.3
7;2025-11-11;12;1396.3
7;2025-11-11;13;1402.24
7;2025-11-11;14;1418.5
7;2025-11-11;15;1556.76
7;2025-11-11;16;1622.62
7;2025-11-11;17;2108.88
7;2025-11-11;18;2428.96
7;2025-11-11;19;1721.56
7;2025-11-11;20;1073.5
7;2025-11-11;21;642.3
7;2025-11-11;22;333.23
7;2025-11-11;23;185.08
11;2025-11-11;0;70.89
11;2025-11-11;1;0.0
11;2025-11-11;2;0.0
11;2025-11-11;3;0.0
11;2025-11-11;4;0.0
11;2025-11-11;5;293.55
11;2025-11-11;6;1331.42
11;2025-11-11;7;2225.1
11;2025-11-11;8;2915.29
11;2025-11-11;9;2311.19
11;2025-11-11;10;1756.68
11;2025-11-11;11;1729.45
11;2025-11-11;12;1724.22
11;2025-11-11;13;1850.84
11;2025-11-11;14;1859.89
11;2025-11-11;15;1942.26
11;2025-11-11;16;2151.5
11;2025-11-11;17;2699.62
11;2025-11-11;18;3023.34
11;2025-11-11;19;2288.76
11;2025-11-11;20;1561.49
11;2025-11-11;21;931.12
11;2025-11-11;22;472.4
11;2025-11-11;23;249.68
12;2025-11-11;0;0.0
12;2025-11-11;1;0.0
12;2025-11-11;2;0.0
12;2025-11-11;3;0.0
12;2025-11-11;4;0.0
12;2025-11-11;5;370.95
12;2025-11-11;6;1448.09
12;2025-11-11;7;2614.43
12;2025-11-11;8;3425.24
12;2025-11-11;9;2452.02
12;2025-11-11;10;2044.17
12;2025-11-11;11;1967.61
12;2025-11-11;12;1965.54
12;2025-11-11;13;1943.48
12;2025-11-11;14;1931.53
12;2025-11-11;15;2120.54
12;2025-11-11;16;2645.63
12;2025-11-11;17;2951.98
12;2025-11-11;18;3127.99
12;2025-11-11;19;2587.7
12;2025-11-11;20;1602.2
12;2025-11-11;21;969.56
12;2025-11-11;22;550.34
12;2025-11-11;23;258.86
17;2025-11-11;0;130.55
17;2025-11-11;1;0.0
17;2025-11-11;2;0.0
17;2025-11-11;3;0.0
17;2025-11-11;4;0.0
17;2025-11-11;5;309.94
17;2025-11-11;6;1476.45
17;2025-11-11;7;3787.27
17;2025-11-11;8;5058.64
17;2025-11-11;9;3695.55
17;2025-11-11;10;2877.61
17;2025-11-11;11;2784.88
17;2025-11-11;12;2837.38
17;2025-11-11;13;2860.81
17;2025-11-11;14;2920.2
17;2025-11-11;15;3021.55
17;2025-11-11;16;3440.29
17;2025-11-11;17;4332.48
17;2025-11-11;18;4916.22
17;2025-11-11;19;3566.92
17;2025-11-11;20;2484.54
17;2025-11-11;21;1568.2
17;2025-11-11;22;898.24
17;2025-11-11;23;384.1
25;2025-11-11;0;0.0
25;2025-11-11;1;0.0
25;2025-11-11;2;0.0
25;2025-11-11;3;0.0
25;2025-11-11;4;0.0
25;2025-11-11;5;4.29
25;2025-11-11;6;140.07
25;2025-11-11;7;464.92
25;2025-11-11;8;709.92
25;2025-11-11;9;421.67
25;2025-11-11;10;320.64
25;2025-11-11;11;351.84
25;2025-11-11;12;337.98
25;2025-11-11;13;383.13
25;2025-11-11;14;366.39
25;2025-11-11;15;447.77
25;2025-11-11;16;524.56
25;2025-11-11;17;565.67
25;2025-11-11;18;660.09
25;2025-11-11;19;452.19
25;2025-11-11;20;297.83
25;2025-11-11;21;190.99
25;2025-11-11;22;112.44
25;2025-11-11;23;12.18
26;2025-11-11;0;0.0
26;2025-11-11;1;0.0
26;2025-11-11;2;0.0
26;2025-11-11;3;64.11
26;2025-11-11;4;0.0
26;2025-11-11;5;83.46
26;2025-11-11;6;514.47
26;2025-11-11;7;987.22
26;2025-11-11;8;1819.01
26;2025-11-11;9;1352.13
26;2025-11-11;10;1083.48
26;2025-11-11;11;988.36
26;2025-11-11;12;1009.55
26;2025-11-11;13;1025.75
26;2025-11-11;14;1027.24
26;2025-11-11;15;1102.01
26;2025-11-11;16;1268.14
26;2025-11-11;17;1478.97
26;2025-11-11;18;1675.3
26;2025-11-11;19;1200.15
26;2025-11-11;20;766.39
26;2025-11-11;21;444.75
26;2025-11-11;22;238.51
26;2025-11-11;23;118.95
28;2025-11-11;0;0.0
28;2025-11-11;1;0.0
28;2025-11-11;2;0.0
28;2025-11-11;3;0.0
28;2025-11-11;4;0.0
28;2025-11-11;5;74.6
28;2025-11-11;6;249.5
28;2025-11-11;7;689.52
28;2025-11-11;8;1037.14
28;2025-11-11;9;801.54
28;2025-11-11;10;587.42
28;2025-11-11;11;524.86
28;2025-11-11;12;613.8
28;2025-11-11;13;655.02
28;2025-11-11;14;580.16
28;2025-11-11;15;576.79
28;2025-11-11;16;733.02
28;2025-11-11;17;849.87
28;2025-11-11;18;839.31
28;2025-11-11;19;685.68
28;2025-11-11;20;489.24
28;2025-11-11;21;306.1
28;2025-11-11;22;139.14
28;2025-11-11;23;18.46
50;2025-11-11;0;0.0
50;2025-11-11;1;0.0
50;2025-11-11;2;0.0
50;2025-11-11;3;0.0
50;2025-11-11;4;0.0
50;2025-11-11;5;77.52
50;2025-11-11;6;589.47
50;2025-11-11;7;1733.16
50;2025-11-11;8;2536.57
50;2025-11-11;9;1977.86
50;2025-11-11;10;1541.99
50;2025-11-11;11;1423.85
50;2025-11-11;12;1336.11
50;2025-11-11;13;1306.72
50;2025-11-11;14;1251.84
50;2025-11-11;15;1379.66
50;2025-11-11;16;1468.01
50;2025-11-11;17;2178.49
50;2025-11-11;18;2380.31
50;2025-11-11;19;1424.2
50;2025-11-11;20;934.38
50;2025-11-11;21;628.43
50;2025-11-11;22;310.95
50;2025-11-11;23;148.26
1;2025-11-12;0;0.0
1;2025-11-12;1;0.0
1;2025-11-12;2;0.0
1;2025-11-12;3;0.0
1;2025-11-12;4;0.0
1;2025-11-12;5;129.59
1;2025-11-12;6;504.27
1;2025-11-12;7;1288.05
1;2025-11-12;8;1726.19
1;2025-11-12;9;1381.0
1;2025-11-12;10;1231.17
1;2025-11-12;11;1255.62
1;2025-11-12;12;1262.02
1;2025-11-12;13;1290.06
1;2025-11-12;14;1203.66
1;2025-11-12;15;1308.87
1;2025-11-12;16;1315.42
1;2025-11-12;17;1569.82
1;2025-11-12;18;1648.11
1;2025-11-12;19;1286.74
1;2025-11-12;20;853.83
1;2025-11-12;21;477.75
1;2025-11-12;22;263.28
1;2025-11-12;23;48.33
5;2025-11-12;0;0.0
5;2025-11-12;1;0.0
5;2025-11-12;2;0.0
5;2025-11-12;3;0.0
5;2025-11-12;4;0.0
5;2025-11-12;5;0.0
5;2025-11-12;6;0.0
5;2025-11-12;7;0.0
5;2025-11-12;8;0.0
5;2025-11-12;9;0.0
5;2025-11-12;10;0.0
5;2025-11-12;11;0.0
5;2025-11-12;12;0.0
5;2025-11-12;13;0.0
5;2025-11-12;14;0.0
5;2025-11-12;15;0.0
5;2025-11-12;16;0.0
5;2025-11-12;17;0.0
5;2025-11-12;18;0.0
5;2025-11-12;19;0.0
5;2025-11-12;20;0.0
5;2025-11-12;21;0.0
5;2025-11-12;22;0.0
5;2025-11-12;23;0.0
7;2025-11-12;0;62.28
7;2025-11-12;1;0.0
7;2025-11-12;2;0.0
7;2025-11-12;3;0.0
7;2025-11-12;4;0.0
7;2025-11-12;5;213.19
7;2025-11-12;6;708.92
7;2025-11-12;7;1504.74
7;2025-11-12;8;2296.73
7;2025-11-12;9;1773.84
7;2025-11-12;10;1504.59
7;2025-11-12;11;1347.66
7;2025-11-12;12;1386.8
7;2025-11-12;13;1419.06
7;2025-11-12;14;1452.11
7;2025-11-12;15;1602.77
7;2025-11-12;16;1668.57
7;2025-11-12;17;2168.01
7;2025-11-12;18;2380.65
7;2025-11-12;19;1662.71
7;2025-11-12;20;1088.45
7;2025-11-12;21;651.37
7;2025-11-12;22;365.39
7;2025-11-12;23;206.01
11;2025-11-12;0;71.81
11;2025-11-12;1;0.0
11;2025-11-12;2;0.0
11;2025-11-12;3;0.0
11;2025-11-12;4;0.0
11;2025-11-12;5;300.75
11;2025-11-12;6;1280.4
11;2025-11-12;7;2163.72
11;2025-11-12;8;2895.59
11;2025-11-12;9;2219.26
11;2025-11-12;10;1763.99
11;2025-11-12;11;1766.8
11;2025-11-12;12;1804.73
11;2025-11-12;13;1876.57
11;2025-11-12;14;1818.43
11;2025-11-12;15;1922.76
11;2025-11-12;16;2068.7
11;2025-11-12;17;2652.2
11;2025-11-12;18;2942.34
11;2025-11-12;19;2273.93
11;2025-11-12;20;1561.6
11;2025-11-12;21;947.13
11;2025-11-12;22;492.73
11;2025-11-12;23;262.82
12;2025-11-12;0;61.63
12;2025-11-12;1;0.0
12;2025-11-12;2;0.0
12;2025-11-12;3;0.0
12;2025-11-12;4;0.0
12;2025-11-12;5;354.3
12;2025-11-12;6;1401.78
12;2025-11-12;7;2488.42
12;2025-11-12;8;3161.78
12;2025-11-12;9;2364.27
12;2025-11-12;10;1996.61
12;2025-11-12;11;1961.44
12;2025-11-12;12;1956.85
12;2025-11-12;13;1956.97
12;2025-11-12;14;1935.07
12;2025-11-12;15;2144.44
12;2025-11-12;16;2583.93
12;2025-11-12;17;2876.7
12;2025-11-12;18;3067.32
12;2025-11-12;19;2449.78
12;2025-11-12;20;1596.38
12;2025-11-12;21;1000.88
12;2025-11-12;22;549.17
12;2025-11-12;23;269.24
17;2025-11-12;0;139.57
17;2025-11-12;1;0.0
17;2025-11-12;2;0.0
17;2025-11-12;3;0.0
17;2025-11-12;4;0.0
17;2025-11-12;5;314.78
17;2025-11-12;6;1433.35
17;2025-11-12;7;3616.88
17;2025-11-12;8;4840.86
17;2025-11-12;9;3572.46
17;2025-11-12;10;2826.55
17;2025-11-12;11;2770.69
17;2025-11-12;12;2825.4
17;2025-11-12;13;2920.23
17;2025-11-12;14;2933.57
17;2025-11-12;15;3035.89
17;2025-11-12;16;3368.03
17;2025-11-12;17;4103.9
17;2025-11-12;18;4634.65
17;2025-11-12;19;3383.08
17;2025-11-12;20;2381.56
17;2025-11-12;21;1577.9
17;2025-11-12;22;930.8
17;2025-11-12;23;422.12
25;2025-11-12;0;0.0
25;2025-11-12;1;0.0
25;2025-11-12;2;0.0
25;2025-11-12;3;0.0
25;2025-11-12;4;0.0
25;2025-11-12;5;4.15
25;2025-11-12;6;142.88
25;2025-11-12;7;444.54
25;2025-11-12;8;733.13
25;2025-11-12;9;399.64
25;2025-11-12;10;314.87
25;2025-11-12;11;342.46
25;2025-11-12;12;357.8
25;2025-11-12;13;423.59
25;2025-11-12;14;385.03
25;2025-11-12;15;447.6
25;2025-11-12;16;528.36
25;2025-11-12;17;603.07
25;2025-11-12;18;668.43
25;2025-11-12;19;432.62
25;2025-11-12;20;318.71
25;2025-11-12;21;213.88
25;2025-11-12;22;121.15
25;2025-11-12;23;11.09
26;2025-11-12;0;0.0
26;2025-11-12;1;0.0
26;2025-11-12;2;0.0
26;2025-11-12;3;0.0
26;2025-11-12;4;0.0
26;2025-11-12;5;79.92
26;2025-11-12;6;482.16
26;2025-11-12;7;926.1
26;2025-11-12;8;1709.33
26;2025-11-12;9;1306.06
26;2025-11-12;10;1078.48
26;2025-11-12;11;972.47
26;2025-11-12;12;1011.41
26;2025-11-12;13;1034.66
26;2025-11-12;14;1046.11
26;2025-11-12;15;1080.41
26;2025-11-12;16;1217.6
26;2025-11-12;17;1423.03
26;2025-11-12;18;1601.68
26;2025-11-12;19;1149.39
26;2025-11-12;20;729.7
26;2025-11-12;21;460.78
26;2025-11-12;22;252.31
26;2025-11-12;23;130.46
28;2025-11-12;0;0.0
28;2025-11-12;1;0.0
28;2025-11-12;2;0.0
28;2025-11-12;3;0.0
28;2025-11-12;4;0.0
28;2025-11-12;5;84.93
28;2025-11-12;6;250.43
28;2025-11-12;7;666.32
28;2025-11-12;8;1019.55
28;2025-11-12;9;730.08
28;2025-11-12;10;542.94
28;2025-11-12;11;545.09
28;2025-11-12;12;602.34
28;2025-11-12;13;635.3
28;2025-11-12;14;565.33
28;2025-11-12;15;611.65
28;2025-11-12;16;727.55
28;2025-11-12;17;821.41
28;2025-11-12;18;848.87
28;2025-11-12;19;657.72
28;2025-11-12;20;468.44
28;2025-11-12;21;315.36
28;2025-11-12;22;149.47
28;2025-11-12;23;18.66
50;2025-11-12;0;0.0
50;2025-11-12;1;0.0
50;2025-11-12;2;0.0
50;2025-11-12;3;0.0
50;2025-11-12;4;0.0
50;2025-11-12;5;79.44
50;2025-11-12;6;541.16
50;2025-11-12;7;1624.88
50;2025-11-12;8;2412.63
50;2025-11-12;9;1951.25
50;2025-11-12;10;1464.91
50;2025-11-12;11;1395.45
50;2025-11-12;12;1303.58
50;2025-11-12;13;1313.2
50;2025-11-12;14;1285.56
50;2025-11-12;15;1389.32
50;2025-11-12;16;1546.17
50;2025-11-12;17;2080.89
50;2025-11-12;18;2194.7
50;2025-11-12;19;1418.01
50;2025-11-12;20;879.82
50;2025-11-12;21;614.9
50;2025-11-12;22;325.38
50;2025-11-12;23;151.77
1;2025-11-13;0;0.0
1;2025-11-13;1;0.0
1;2025-11-13;2;0.0
1;2025-11-13;3;0.0
1;2025-11-13;4;0.0
1;2025-11-13;5;117.69
1;2025-11-13;6;497.59
1;2025-11-13;7;1244.92
1;2025-11-13;8;1618.39
1;2025-11-13;9;1319.43
1;2025-11-13;10;1246.44
1;2025-11-13;11;1223.43
1;2025-11-13;12;1257.31
1;2025-11-13;13;1231.95
1;2025-11-13;14;1188.1
1;2025-11-13;15;1258.45
1;2025-11-13;16;1301.72
1;2025-11-13;17;1511.66
1;2025-11-13;18;1609.72
1;2025-11-13;19;1255.83
1;2025-11-13;20;834.96
1;2025-11-13;21;490.17
1;2025-11-13;22;257.49
1;2025-11-13;23;56.01
5;2025-11-13;0;0.0
5;2025-11-13;1;0.0
5;2025-11-13;2;0.0
5;2025-11-13;3;0.0
5;2025-11-13;4;0.0
5;2025-11-13;5;0.0
5;2025-11-13;6;0.0
5;2025-11-13;7;0.0
5;2025-11-13;8;0.0
5;2025-11-13;9;0.0
5;2025-11-13;10;0.0
5;2025-11-13;11;0.0
5;2025-11-13;12;0.0
5;2025-11-13;13;0.0
5;2025-11-13;14;0.0
5;2025-11-13;15;0.0
5;2025-11-13;16;0.0
5;2025-11-13;17;0.0
5;2025-11-13;18;0.0
5;2025-11-13;19;0.0
5;2025-11-13;20;0.0
5;2025-11-13;21;0.0
5;2025-11-13;22;0.0
5;2025-11-13;23;0.0
7;2025-11-13;0;73.31
7;2025-11-13;1;0.0
7;2025-11-13;2;0.0
7;2025-11-13;3;0.0
7;2025-11-13;4;0.0
7;2025-11-13;5;198.67
7;2025-11-13;6;704.57
7;2025-11-13;7;1448.78
7;2025-11-13;8;2170.99
7;2025-11-13;9;1674.17
7;2025-11-13;10;1405.04
7;2025-11-13;11;1321.27
7;2025-11-13;12;1376.05
7;2025-11-13;13;1397.5
7;2025-11-13;14;1431.46
7;2025-11-13;15;1482.12
7;2025-11-13;16;1638.59
7;2025-11-13;17;2040.03
7;2025-11-13;18;2398.44
7;2025-11-13;19;1645.77
7;2025-11-13;20;1054.49
7;2025-11-13;21;659.88
7;2025-11-13;22;352.31
7;2025-11-13;23;202.77
11;2025-11-13;0;76.12
11;2025-11-13;1;0.0
11;2025-11-13;2;0.0
11;2025-11-13;3;0.0
11;2025-11-13;4;0.0
11;2025-11-13;5;301.55
11;2025-11-13;6;1275.63
11;2025-11-13;7;2096.54
11;2025-11-13;8;2675.48
11;2025-11-13;9;2247.96
11;2025-11-13;10;1762.63
11;2025-11-13;11;1719.76
11;2025-11-13;12;1729.71
11;2025-11-13;13;1866.82
11;2025-11-13;14;1826.44
11;2025-11-13;15;1922.68
11;2025-11-13;16;2083.93
11;2025-11-13;17;2587.16
11;2025-11-13;18;2872.87
11;2025-11-13;19;2206.25
11;2025-11-13;20;1510.6
11;2025-11-13;21;943.92
11;2025-11-13;22;506.64
11;2025-11-13;23;274.09
12;2025-11-13;0;58.47
12;2025-11-13;1;0.0
12;2025-11-13;2;0.0
12;2025-11-13;3;0.0
12;2025-11-13;4;0.0
12;2025-11-13;5;345.36
12;2025-11-13;6;1322.03
12;2025-11-13;7;2376.52
12;2025-11-13;8;3041.77
12;2025-11-13;9;2215.42
12;2025-11-13;10;1894.21
12;2025-11-13;11;1884.15
12;2025-11-13;12;1933.12
12;2025-11-13;13;1883.48
12;2025-11-13;14;1860.5
12;2025-11-13;15;2032.89
12;2025-11-13;16;2494.21
12;2025-11-13;17;2761.99
12;2025-11-13;18;2958.46
12;2025-11-13;19;2396.81
12;2025-11-13;20;1567.53
12;2025-11-13;21;966.09
12;2025-11-13;22;550.95
12;2025-11-13;23;282.95
17;2025-11-13;0;147.98
17;2025-11-13;1;0.0
17;2025-11-13;2;0.0
17;2025-11-13;3;0.0
17;2025-11-13;4;0.0
17;2025-11-13;5;298.52
17;2025-11-13;6;1387.1
17;2025-11-13;7;3451.87
17;2025-11-13;8;4635.04
17;2025-11-13;9;3449.75
17;2025-11-13;10;2769.12
17;2025-11-13;11;2735.69
17;2025-11-13;12;2845.27
17;2025-11-13;13;2905.53
17;2025-11-13;14;2931.09
17;2025-11-13;15;3026.3
17;2025-11-13;16;3429.21
17;2025-11-13;17;4133.11
17;2025-11-13;18;4681.52
17;2025-11-13;19;3444.67
17;2025-11-13;20;2454.19
17;2025-11-13;21;1628.78
17;2025-11-13;22;979.85
17;2025-11-13;23;443.05
25;2025-11-13;0;0.0
25;2025-11-13;1;0.0
25;2025-11-13;2;0.0
25;2025-11-13;3;0.0
25;2025-11-13;4;0.0
25;2025-11-13;5;4.6
25;2025-11-13;6;128.07
25;2025-11-13;7;412.6
25;2025-11-13;8;701.86
25;2025-11-13;9;383.77
25;2025-11-13;10;311.31
25;2025-11-13;11;320.17
25;2025-11-13;12;336.6
25;2025-11-13;13;377.68
25;2025-11-13;14;379.11
25;2025-11-13;15;437.19
25;2025-11-13;16;523.9
25;2025-11-13;17;594.74
25;2025-11-13;18;650.01
25;2025-11-13;19;429.06
25;2025-11-13;20;300.93
25;2025-11-13;21;212.65
25;2025-11-13;22;128.24
25;2025-11-13;23;15.17
26;2025-11-13;0;0.0
26;2025-11-13;1;0.0
26;2025-11-13;2;0.0
26;2025-11-13;3;0.0
26;2025-11-13;4;0.0
26;2025-11-13;5;77.35
26;2025-11-13;6;485.31
26;2025-11-13;7;913.83
26;2025-11-13;8;1657.51
26;2025-11-13;9;1241.42
26;2025-11-13;10;1033.84
26;2025-11-13;11;971.82
26;2025-11-13;12;985.73
26;2025-11-13;13;985.76
26;2025-11-13;14;1000.9
26;2025-11-13;15;1074.5
26;2025-11-13;16;1221.92
26;2025-11-13;17;1410.65
26;2025-11-13;18;1617.58
26;2025-11-13;19;1148.88
26;2025-11-13;20;731.89
26;2025-11-13;21;462.85
26;2025-11-13;22;252.65
26;2025-11-13;23;133.13
28;2025-11-13;0;0.0
28;2025-11-13;1;0.0
28;2025-11-13;2;0.0
28;2025-11-13;3;0.0
28;2025-11-13;4;0.0
28;2025-11-13;5;75.99
28;2025-11-13;6;245.61
28;2025-11-13;7;651.87
28;2025-11-13;8;966.06
28;2025-11-13;9;742.66
28;2025-11-13;10;543.57
28;2025-11-13;11;504.64
28;2025-11-13;12;600.59
28;2025-11-13;13;617.67
28;2025-11-13;14;556.5
28;2025-11-13;15;577.77
28;2025-11-13;16;692.24
28;2025-11-13;17;819.14
28;2025-11-13;18;830.95
28;2025-11-13;19;637.08
28;2025-11-13;20;476.92
28;2025-11-13;21;315.19
28;2025-11-13;22;144.25
28;2025-11-13;23;19.98
50;2025-11-13;0;0.0
50;2025-11-13;1;0.0
50;2025-11-13;2;0.0
50;2025-11-13;3;0.0
50;2025-11-13;4;0.0
50;2025-11-13;5;81.89
50;2025-11-13;6;531.8
50;2025-11-13;7;1622.86
50;2025-11-13;8;2322.03
50;2025-11-13;9;1850.9
50;2025-11-13;10;1433.78
50;2025-11-13;11;1366.51
50;2025-11-13;12;1264.11
50;2025-11-13;13;1244.96
50;2025-11-13;14;1178.68
50;2025-11-13;15;1310.67
50;2025-11-13;16;1501.4
50;2025-11-13;17;2025.34
50;2025-11-13;18;2237.6
50;2025-11-13;19;1416.42
50;2025-11-13;20;929.65
50;2025-11-13;21;664.27
50;2025-11-13;22;330.29
50;2025-11-13;23;179.35
1;2025-11-14;0;0.0
1;2025-11-14;1;0.0
1;2025-11-14;2;0.0
1;2025-11-14;3;0.0
1;2025-11-14;4;0.0
1;2025-11-14;5;120.75
1;2025-11-14;6;475.08
1;2025-11-14;7;1238.35
1;2025-11-14;8;1590.62
1;2025-11-14;9;1278.34
1;2025-11-14;10;1170.94
1;2025-11-14;11;1223.61
1;2025-11-14;12;1220.87
1;2025-11-14;13;1240.71
1;2025-11-14;14;1172.6
1;2025-11-14;15;1304.02
1;2025-11-14;16;1351.27
1;2025-11-14;17;1485.08
1;2025-11-14;18;1383.58
1;2025-11-14;19;1065.78
1;2025-11-14;20;762.29
1;2025-11-14;21;486.07
1;2025-11-14;22;261.09
1;2025-11-14;23;62.9
5;2025-11-14;0;0.0
5;2025-11-14;1;0.0
5;2025-11-14;2;0.0
5;2025-11-14;3;0.0
5;2025-11-14;4;0.0
5;2025-11-14;5;0.0
5;2025-11-14;6;0.0
5;2025-11-14;7;0.0
5;2025-11-14;8;0.0
5;2025-11-14;9;0.0
5;2025-11-14;10;0.0
5;2025-11-14;11;0.0
5;2025-11-14;12;0.0
5;2025-11-14;13;0.0
5;2025-11-14;14;0.0
5;2025-11-14;15;0.0
5;2025-11-14;16;0.0
5;2025-11-14;17;0.0
5;2025-11-14;18;0.0
5;2025-11-14;19;0.0
5;2025-11-14;20;0.0
5;2025-11-14;21;0.0
5;2025-11-14;22;0.0
5;2025-11-14;23;0.0
7;2025-11-14;0;72.19
7;2025-11-14;1;0.0
7;2025-11-14;2;0.0
7;2025-11-14;3;0.0
7;2025-11-14;4;0.0
7;2025-11-14;5;192.34
7;2025-11-14;6;631.69
7;2025-11-14;7;1410.57
7;2025-11-14;8;2009.6
7;2025-11-14;9;1597.2
7;2025-11-14;10;1359.23
7;2025-11-14;11;1362.97
7;2025-11-14;12;1432.22
7;2025-11-14;13;1513.99
7;2025-11-14;14;1550.25
7;2025-11-14;15;1610.04
7;2025-11-14;16;1820.0
7;2025-11-14;17;1997.88
7;2025-11-14;18;1865.27
7;2025-11-14;19;1467.13
7;2025-11-14;20;1001.12
7;2025-11-14;21;641.21
7;2025-11-14;22;377.56
7;2025-11-14;23;231.13
11;2025-11-14;0;81.81
11;2025-11-14;1;0.0
11;2025-11-14;2;0.0
11;2025-11-14;3;0.0
11;2025-11-14;4;0.0
11;2025-11-14;5;291.55
11;2025-11-14;6;1244.75
11;2025-11-14;7;1985.12
11;2025-11-14;8;2581.0
11;2025-11-14;9;2126.03
11;2025-11-14;10;1717.62
11;2025-11-14;11;1728.32
11;2025-11-14;12;1777.26
11;2025-11-14;13;1841.09
11;2025-11-14;14;1897.06
11;2025-11-14;15;2043.78
11;2025-11-14;16;2267.91
11;2025-11-14;17;2641.94
11;2025-11-14;18;2414.66
11;2025-11-14;19;2041.2
11;2025-11-14;20;1472.44
11;2025-11-14;21;948.49
11;2025-11-14;22;515.8
11;2025-11-14;23;302.1
12;2025-11-14;0;66.88
12;2025-11-14;1;0.0
12;2025-11-14;2;0.0
12;2025-11-14;3;0.0
12;2025-11-14;4;0.0
12;2025-11-14;5;340.1
12;2025-11-14;6;1311.74
12;2025-11-14;7;2323.2
12;2025-11-14;8;3010.0
12;2025-11-14;9;2159.7
12;2025-11-14;10;1863.83
12;2025-11-14;11;1917.91
12;2025-11-14;12;1899.79
12;2025-11-14;13;1876.4
12;2025-11-14;14;1931.62
12;2025-11-14;15;2248.28
12;2025-11-14;16;2753.63
12;2025-11-14;17;2735.36
12;2025-11-14;18;2466.47
12;2025-11-14;19;2147.45
12;2025-11-14;20;1486.67
12;2025-11-14;21;1006.34
12;2025-11-14;22;572.5
12;2025-11-14;23;309.99
17;2025-11-14;0;161.61
17;2025-11-14;1;0.0
17;2025-11-14;2;0.0
17;2025-11-14;3;0.0
17;2025-11-14;4;0.0
17;2025-11-14;5;294.04
17;2025-11-14;6;1342.71
17;2025-11-14;7;3374.25
17;2025-11-14;8;4493.02
17;2025-11-14;9;3358.4
17;2025-11-14;10;2723.35
17;2025-11-14;11;2768.24
17;2025-11-14;12;2866.16
17;2025-11-14;13;2958.68
17;2025-11-14;14;3033.23
17;2025-11-14;15;3319.0
17;2025-11-14;16;3815.94
17;2025-11-14;17;4191.05
17;2025-11-14;18;4101.36
17;2025-11-14;19;3088.13
17;2025-11-14;20;2353.67
17;2025-11-14;21;1630.93
17;2025-11-14;22;1001.49
17;2025-11-14;23;486.34
25;2025-11-14;0;0.0
25;2025-11-14;1;0.0
25;2025-11-14;2;0.0
25;2025-11-14;3;0.0
25;2025-11-14;4;0.0
25;2025-11-14;5;4.69
25;2025-11-14;6;132.11
25;2025-11-14;7;409.6
25;2025-11-14;8;663.84
25;2025-11-14;9;386.71
25;2025-11-14;10;302.02
25;2025-11-14;11;330.38
25;2025-11-14;12;348.1
25;2025-11-14;13;409.23
25;2025-11-14;14;420.98
25;2025-11-14;15;493.33
25;2025-11-14;16;570.09
25;2025-11-14;17;597.82
25;2025-11-14;18;515.01
25;2025-11-14;19;390.95
25;2025-11-14;20;288.76
25;2025-11-14;21;213.1
25;2025-11-14;22;134.47
25;2025-11-14;23;18.53
26;2025-11-14;0;0.0
26;2025-11-14;1;0.0
26;2025-11-14;2;0.0
26;2025-11-14;3;0.0
26;2025-11-14;4;0.0
26;2025-11-14;5;75.03
26;2025-11-14;6;473.5
26;2025-11-14;7;865.87
26;2025-11-14;8;1570.61
26;2025-11-14;9;1197.83
26;2025-11-14;10;994.34
26;2025-11-14;11;918.43
26;2025-11-14;12;987.55
26;2025-11-14;13;1025.12
26;2025-11-14;14;1010.92
26;2025-11-14;15;1128.15
26;2025-11-14;16;1354.73
26;2025-11-14;17;1411.53
26;2025-11-14;18;1217.23
26;2025-11-14;19;968.61
26;2025-11-14;20;680.12
26;2025-11-14;21;431.64
26;2025-11-14;22;251.37
26;2025-11-14;23;152.49
28;2025-11-14;0;0.0
28;2025-11-14;1;0.0
28;2025-11-14;2;0.0
28;2025-11-14;3;0.0
28;2025-11-14;4;0.0
28;2025-11-14;5;72.84
28;2025-11-14;6;228.33
28;2025-11-14;7;616.01
28;2025-11-14;8;920.71
28;2025-11-14;9;693.55
28;2025-11-14;10;527.83
28;2025-11-14;11;516.31
28;2025-11-14;12;590.33
28;2025-11-14;13;611.08
28;2025-11-14;14;584.11
28;2025-11-14;15;607.33
28;2025-11-14;16;774.08
28;2025-11-14;17;810.8
28;2025-11-14;18;703.19
28;2025-11-14;19;572.73
28;2025-11-14;20;445.33
28;2025-11-14;21;300.45
28;2025-11-14;22;146.83
28;2025-11-14;23;19.24
50;2025-11-14;0;0.0
50;2025-11-14;1;0.0
50;2025-11-14;2;0.0
50;2025-11-14;3;0.0
50;2025-11-14;4;0.0
50;2025-11-14;5;77.35
50;2025-11-14;6;531.86
50;2025-11-14;7;1499.3
50;2025-11-14;8;2253.65
50;2025-11-14;9;1713.51
50;2025-11-14;10;1381.43
50;2025-11-14;11;1367.62
50;2025-11-14;12;1322.42
50;2025-11-14;13;1288.85
50;2025-11-14;14;1220.98
50;2025-11-14;15;1494.3
50;2025-11-14;16;1720.35
50;2025-11-14;17;1849.51
50;2025-11-14;18;1607.85
50;2025-11-14;19;1137.57
50;2025-11-14;20;792.24
50;2025-11-14;21;572.4
50;2025-11-14;22;331.4
50;2025-11-14;23;186.87
1;2025-11-15;0;0.0
1;2025-11-15;1;0.0
1;2025-11-15;2;0.0
1;2025-11-15;3;0.0
1;2025-11-15;4;0.0
1;2025-11-15;5;35.54
1;2025-11-15;6;170.83
1;2025-11-15;7;324.96
1;2025-11-15;8;435.5
1;2025-11-15;9;683.53
1;2025-11-15;10;771.16
1;2025-11-15;11;720.93
1;2025-11-15;12;886.61
1;2025-11-15;13;889.78
1;2025-11-15;14;824.75
1;2025-11-15;15;737.68
1;2025-11-15;16;683.91
1;2025-11-15;17;653.4
1;2025-11-15;18;599.78
1;2025-11-15;19;549.03
1;2025-11-15;20;414.12
1;2025-11-15;21;303.79
1;2025-11-15;22;149.92
1;2025-11-15;23;41.35
5;2025-11-15;0;0.0
5;2025-11-15;1;0.0
5;2025-11-15;2;0.0
5;2025-11-15;3;0.0
5;2025-11-15;4;0.0
5;2025-11-15;5;0.0
5;2025-11-15;6;0.0
5;2025-11-15;7;0.0
5;2025-11-15;8;0.0
5;2025-11-15;9;0.0
5;2025-11-15;10;0.0
5;2025-11-15;11;0.0
5;2025-11-15;12;0.0
5;2025-11-15;13;0.0
5;2025-11-15;14;0.0
5;2025-11-15;15;0.0
5;2025-11-15;16;0.0
5;2025-11-15;17;0.0
5;2025-11-15;18;0.0
5;2025-11-15;19;0.0
5;2025-11-15;20;0.0
5;2025-11-15;21;0.0
5;2025-11-15;22;0.0
5;2025-11-15;23;0.0
7;2025-11-15;0;99.53
7;2025-11-15;1;0.0
7;2025-11-15;2;0.0
7;2025-11-15;3;0.0
7;2025-11-15;4;0.0
7;2025-11-15;5;61.06
7;2025-11-15;6;308.28
7;2025-11-15;7;483.39
7;2025-11-15;8;738.67
7;2025-11-15;9;828.78
7;2025-11-15;10;901.77
7;2025-11-15;11;1054.26
7;2025-11-15;12;1156.14
7;2025-11-15;13;1207.86
7;2025-11-15;14;1252.7
7;2025-11-15;15;1159.47
7;2025-11-15;16;1110.75
7;2025-11-15;17;1078.97
7;2025-11-15;18;1058.62
7;2025-11-15;19;1048.42
7;2025-11-15;20;783.15
7;2025-11-15;21;642.56
7;2025-11-15;22;347.36
7;2025-11-15;23;220.29
11;2025-11-15;0;103.5
11;2025-11-15;1;0.0
11;2025-11-15;2;0.0
11;2025-11-15;3;0.0
11;2025-11-15;4;0.0
11;2025-11-15;5;215.52
11;2025-11-15;6;768.96
11;2025-11-15;7;684.4
11;2025-11-15;8;913.31
11;2025-11-15;9;1092.72
11;2025-11-15;10;1172.48
11;2025-11-15;11;1558.42
11;2025-11-15;12;1700.13
11;2025-11-15;13;1611.93
11;2025-11-15;14;1627.4
11;2025-11-15;15;1660.56
11;2025-11-15;16;1688.83
11;2025-11-15;17;1707.5
11;2025-11-15;18;1517.57
11;2025-11-15;19;1441.1
11;2025-11-15;20;1166.99
11;2025-11-15;21;815.48
11;2025-11-15;22;470.47
11;2025-11-15;23;326.04
12;2025-11-15;0;89.1
12;2025-11-15;1;0.0
12;2025-11-15;2;0.0
12;2025-11-15;3;0.0
12;2025-11-15;4;0.0
12;2025-11-15;5;273.68
12;2025-11-15;6;846.59
12;2025-11-15;7;882.28
12;2025-11-15;8;941.42
12;2025-11-15;9;1089.07
12;2025-11-15;10;1313.52
12;2025-11-15;11;1417.45
12;2025-11-15;12;1375.85
12;2025-11-15;13;1622.34
12;2025-11-15;14;1519.32
12;2025-11-15;15;1408.33
12;2025-11-15;16;1459.45
12;2025-11-15;17;1416.92
12;2025-11-15;18;1376.67
12;2025-11-15;19;1398.27
12;2025-11-15;20;1012.25
12;2025-11-15;21;699.08
12;2025-11-15;22;447.53
12;2025-11-15;23;281.75
17;2025-11-15;0;201.96
17;2025-11-15;1;0.0
17;2025-11-15;2;0.0
17;2025-11-15;3;0.0
17;2025-11-15;4;0.0
17;2025-11-15;5;118.43
17;2025-11-15;6;504.64
17;2025-11-15;7;1032.09
17;2025-11-15;8;1481.87
17;2025-11-15;9;1834.84
17;2025-11-15;10;2051.61
17;2025-11-15;11;2414.5
17;2025-11-15;12;2676.69
17;2025-11-15;13;2848.54
17;2025-11-15;14;2901.1
17;2025-11-15;15;2939.59
17;2025-11-15;16;2912.94
17;2025-11-15;17;2859.64
17;2025-11-15;18;2638.41
17;2025-11-15;19;2277.32
17;2025-11-15;20;1835.22
17;2025-11-15;21;1357.29
17;2025-11-15;22;897.9
17;2025-11-15;23;465.59
25;2025-11-15;0;0.0
25;2025-11-15;1;0.0
25;2025-11-15;2;0.0
25;2025-11-15;3;0.0
25;2025-11-15;4;0.0
25;2025-11-15;5;1.92
25;2025-11-15;6;49.55
25;2025-11-15;7;121.57
25;2025-11-15;8;244.25
25;2025-11-15;9;240.58
25;2025-11-15;10;237.72
25;2025-11-15;11;313.61
25;2025-11-15;12;332.9
25;2025-11-15;13;420.0
25;2025-11-15;14;452.36
25;2025-11-15;15;524.07
25;2025-11-15;16;467.09
25;2025-11-15;17;407.1
25;2025-11-15;18;409.26
25;2025-11-15;19;363.19
25;2025-11-15;20;249.13
25;2025-11-15;21;219.04
25;2025-11-15;22;136.82
25;2025-11-15;23;55.58
26;2025-11-15;0;0.0
26;2025-11-15;1;0.0
26;2025-11-15;2;0.0
26;2025-11-15;3;0.0
26;2025-11-15;4;0.0
26;2025-11-15;5;44.41
26;2025-11-15;6;266.99
26;2025-11-15;7;344.12
26;2025-11-15;8;504.48
26;2025-11-15;9;620.49
26;2025-11-15;10;714.71
26;2025-11-15;11;868.34
26;2025-11-15;12;894.41
26;2025-11-15;13;905.34
26;2025-11-15;14;896.88
26;2025-11-15;15;829.92
26;2025-11-15;16;836.99
26;2025-11-15;17;814.44
26;2025-11-15;18;796.04
26;2025-11-15;19;759.15
26;2025-11-15;20;536.91
26;2025-11-15;21;364.11
26;2025-11-15;22;234.14
26;2025-11-15;23;142.36
28;2025-11-15;0;0.0
28;2025-11-15;1;0.0
28;2025-11-15;2;0.0
28;2025-11-15;3;0.0
28;2025-11-15;4;0.0
28;2025-11-15;5;36.84
28;2025-11-15;6;97.44
28;2025-11-15;7;201.75
28;2025-11-15;8;312.38
28;2025-11-15;9;408.04
28;2025-11-15;10;421.8
28;2025-11-15;11;432.86
28;2025-11-15;12;501.09
28;2025-11-15;13;529.9
28;2025-11-15;14;529.64
28;2025-11-15;15;515.28
28;2025-11-15;16;484.55
28;2025-11-15;17;496.47
28;2025-11-15;18;444.85
28;2025-11-15;19;389.69
28;2025-11-15;20;307.76
28;2025-11-15;21;278.52
28;2025-11-15;22;138.72
28;2025-11-15;23;24.37
50;2025-11-15;0;70.82
50;2025-11-15;1;0.0
50;2025-11-15;2;0.0
50;2025-11-15;3;0.0
50;2025-11-15;4;0.0
50;2025-11-15;5;49.23
50;2025-11-15;6;217.14
50;2025-11-15;7;425.74
50;2025-11-15;8;608.63
50;2025-11-15;9;659.17
50;2025-11-15;10;655.48
50;2025-11-15;11;795.75
50;2025-11-15;12;814.57
50;2025-11-15;13;851.37
50;2025-11-15;14;853.41
50;2025-11-15;15;812.58
50;2025-11-15;16;796.69
50;2025-11-15;17;805.49
50;2025-11-15;18;749.19
50;2025-11-15;19;673.47
50;2025-11-15;20;540.11
50;2025-11-15;21;437.83
50;2025-11-15;22;253.74
50;2025-11-15;23;174.47
1;2025-11-16;0;0.0
1;2025-11-16;1;0.0
1;2025-11-16;2;0.0
1;2025-11-16;3;0.0
1;2025-11-16;4;0.0
1;2025-11-16;5;28.12
1;2025-11-16;6;129.38
1;2025-11-16;7;255.42
1;2025-11-16;8;355.49
1;2025-11-16;9;574.04
1;2025-11-16;10;679.64
1;2025-11-16;11;675.91
1;2025-11-16;12;807.22
1;2025-11-16;13;844.76
1;2025-11-16;14;743.73
1;2025-11-16;15;680.01
1;2025-11-16;16;627.78
1;2025-11-16;17;586.37
1;2025-11-16;18;542.75
1;2025-11-16;19;469.38
1;2025-11-16;20;367.94
1;2025-11-16;21;279.59
1;2025-11-16;22;121.07
1;2025-11-16;23;35.25
5;2025-11-16;0;0.0
5;2025-11-16;1;0.0
5;2025-11-16;2;0.0
5;2025-11-16;3;0.0
5;2025-11-16;4;0.0
5;2025-11-16;5;0.0
5;2025-11-16;6;0.0
5;2025-11-16;7;0.0
5;2025-11-16;8;0.0
5;2025-11-16;9;0.0
5;2025-11-16;10;0.0
5;2025-11-16;11;0.0
5;2025-11-16;12;0.0
5;2025-11-16;13;0.0
5;2025-11-16;14;0.0
5;2025-11-16;15;0.0
5;2025-11-16;16;0.0
5;2025-11-16;17;0.0
5;2025-11-16;18;0.0
5;2025-11-16;19;0.0
5;2025-11-16;20;0.0
5;2025-11-16;21;0.0
5;2025-11-16;22;0.0
5;2025-11-16;23;0.0
7;2025-11-16;0;111.75
7;2025-11-16;1;0.0
7;2025-11-16;2;0.0
7;2025-11-16;3;80.41
7;2025-11-16;4;0.0
7;2025-11-16;5;43.59
7;2025-11-16;6;210.69
7;2025-11-16;7;326.69
7;2025-11-16;8;532.46
7;2025-11-16;9;645.3
7;2025-11-16;10;719.62
7;2025-11-16;11;901.47
7;2025-11-16;12;984.04
7;2025-11-16;13;1035.73
7;2025-11-16;14;1110.13
7;2025-11-16;15;1062.89
7;2025-11-16;16;977.08
7;2025-11-16;17;1032.34
7;2025-11-16;18;932.75
7;2025-11-16;19;818.94
7;2025-11-16;20;676.52
7;2025-11-16;21;541.62
7;2025-11-16;22;313.84
7;2025-11-16;23;185.3
11;2025-11-16;0;111.94
11;2025-11-16;1;0.0
11;2025-11-16;2;0.0
11;2025-11-16;3;64.76
11;2025-11-16;4;0.0
11;2025-11-16;5;130.01
11;2025-11-16;6;517.25
11;2025-11-16;7;523.9
11;2025-11-16;8;666.79
11;2025-11-16;9;901.57
11;2025-11-16;10;1021.95
11;2025-11-16;11;1399.39
11;2025-11-16;12;1536.07
11;2025-11-16;13;1449.34
11;2025-11-16;14;1511.21
11;2025-11-16;15;1587.76
11;2025-11-16;16;1538.67
11;2025-11-16;17;1610.63
11;2025-11-16;18;1371.63
11;2025-11-16;19;1170.22
11;2025-11-16;20;988.35
11;2025-11-16;21;714.7
11;2025-11-16;22;414.94
11;2025-11-16;23;260.91
12;2025-11-16;0;91.73
12;2025-11-16;1;0.0
12;2025-11-16;2;0.0
12;2025-11-16;3;0.0
12;2025-11-16;4;0.0
12;2025-11-16;5;179.69
12;2025-11-16;6;546.69
12;2025-11-16;7;618.74
12;2025-11-16;8;733.19
12;2025-11-16;9;911.78
12;2025-11-16;10;1119.8
12;2025-11-16;11;1241.67
12;2025-11-16;12;1292.33
12;2025-11-16;13;1491.96
12;2025-11-16;14;1435.07
12;2025-11-16;15;1297.42
12;2025-11-16;16;1416.54
12;2025-11-16;17;1493.31
12;2025-11-16;18;1246.35
12;2025-11-16;19;1021.75
12;2025-11-16;20;790.84
12;2025-11-16;21;622.95
12;2025-11-16;22;412.33
12;2025-11-16;23;233.72
17;2025-11-16;0;192.34
17;2025-11-16;1;0.0
17;2025-11-16;2;0.0
17;2025-11-16;3;0.0
17;2025-11-16;4;0.0
17;2025-11-16;5;100.83
17;2025-11-16;6;394.44
17;2025-11-16;7;702.29
17;2025-11-16;8;1108.06
17;2025-11-16;9;1483.49
17;2025-11-16;10;1711.42
17;2025-11-16;11;2117.1
17;2025-11-16;12;2443.27
17;2025-11-16;13;2633.19
17;2025-11-16;14;2663.32
17;2025-11-16;15;2695.7
17;2025-11-16;16;2651.84
17;2025-11-16;17;2553.03
17;2025-11-16;18;2313.71
17;2025-11-16;19;1958.7
17;2025-11-16;20;1588.2
17;2025-11-16;21;1157.84
17;2025-11-16;22;764.56
17;2025-11-16;23;334.53
25;2025-11-16;0;0.0
25;2025-11-16;1;0.0
25;2025-11-16;2;0.0
25;2025-11-16;3;0.0
25;2025-11-16;4;0.0
25;2025-11-16;5;2.98
25;2025-11-16;6;40.19
25;2025-11-16;7;90.89
25;2025-11-16;8;167.64
25;2025-11-16;9;181.44
25;2025-11-16;10;191.31
25;2025-11-16;11;251.57
25;2025-11-16;12;295.91
25;2025-11-16;13;353.03
25;2025-11-16;14;393.5
25;2025-11-16;15;455.7
25;2025-11-16;16;388.79
25;2025-11-16;17;365.09
25;2025-11-16;18;364.84
25;2025-11-16;19;293.95
25;2025-11-16;20;210.86
25;2025-11-16;21;184.02
25;2025-11-16;22;112.48
25;2025-11-16;23;38.22
26;2025-11-16;0;0.0
26;2025-11-16;1;0.0
26;2025-11-16;2;0.0
26;2025-11-16;3;0.0
26;2025-11-16;4;0.0
26;2025-11-16;5;33.82
26;2025-11-16;6;155.45
26;2025-11-16;7;248.88
26;2025-11-16;8;373.63
26;2025-11-16;9;494.03
26;2025-11-16;10;543.24
26;2025-11-16;11;714.28
26;2025-11-16;12;753.36
26;2025-11-16;13;766.53
26;2025-11-16;14;746.88
26;2025-11-16;15;714.54
26;2025-11-16;16;707.01
26;2025-11-16;17;713.69
26;2025-11-16;18;668.42
26;2025-11-16;19;554.72
26;2025-11-16;20;419.89
26;2025-11-16;21;305.05
26;2025-11-16;22;208.92
26;2025-11-16;23;109.13
28;2025-11-16;0;0.0
28;2025-11-16;1;0.0
28;2025-11-16;2;0.0
28;2025-11-16;3;0.0
28;2025-11-16;4;0.0
28;2025-11-16;5;31.1
28;2025-11-16;6;82.36
28;2025-11-16;7;137.0
28;2025-11-16;8;229.36
28;2025-11-16;9;302.75
28;2025-11-16;10;332.96
28;2025-11-16;11;364.84
28;2025-11-16;12;412.62
28;2025-11-16;13;465.51
28;2025-11-16;14;456.17
28;2025-11-16;15;465.0
28;2025-11-16;16;443.07
28;2025-11-16;17;429.05
28;2025-11-16;18;405.06
28;2025-11-16;19;350.59
28;2025-11-16;20;301.26
28;2025-11-16;21;242.2
28;2025-11-16;22;111.28
28;2025-11-16;23;15.59
50;2025-11-16;0;57.46
50;2025-11-16;1;0.0
50;2025-11-16;2;0.0
50;2025-11-16;3;0.0
50;2025-11-16;4;0.0
50;2025-11-16;5;34.93
50;2025-11-16;6;154.46
50;2025-11-16;7;271.16
50;2025-11-16;8;409.77
50;2025-11-16;9;486.6
50;2025-11-16;10;527.77
50;2025-11-16;11;656.75
50;2025-11-16;12;702.24
50;2025-11-16;13;772.55
50;2025-11-16;14;798.37
50;2025-11-16;15;732.62
50;2025-11-16;16;745.68
50;2025-11-16;17;743.78
50;2025-11-16;18;702.61
50;2025-11-16;19;608.32
50;2025-11-16;20;515.88
50;2025-11-16;21;410.7
50;2025-11-16;22;246.88
50;2025-11-16;23;135.0
1;2025-11-17;0;0.0
1;2025-11-17;1;0.0
1;2025-11-17;2;0.0
1;2025-11-17;3;0.0
1;2025-11-17;4;0.0
1;2025-11-17;5;126.69
1;2025-11-17;6;522.07
1;2025-11-17;7;1299.89
1;2025-11-17;8;1667.66
1;2025-11-17;9;1302.04
1;2025-11-17;10;1152.24
1;2025-11-17;11;1193.46
1;2025-11-17;12;1213.22
1;2025-11-17;13;1201.19
1;2025-11-17;14;1144.04
1;2025-11-17;15;1281.6
1;2025-11-17;16;1313.63
1;2025-11-17;17;1572.97
1;2025-11-17;18;1659.64
1;2025-11-17;19;1304.02
1;2025-11-17;20;847.09
1;2025-11-17;21;470.25
1;2025-11-17;22;246.53
1;2025-11-17;23;41.07
5;2025-11-17;0;0.0
5;2025-11-17;1;0.0
5;2025-11-17;2;0.0
5;2025-11-17;3;0.0
5;2025-11-17;4;0.0
5;2025-11-17;5;0.0
5;2025-11-17;6;0.0
5;2025-11-17;7;0.0
5;2025-11-17;8;0.0
5;2025-11-17;9;0.0
5;2025-11-17;10;0.0
5;2025-11-17;11;0.0
5;2025-11-17;12;0.0
5;2025-11-17;13;0.0
5;2025-11-17;14;0.0
5;2025-11-17;15;0.0
5;2025-11-17;16;0.0
5;2025-11-17;17;0.0
5;2025-11-17;18;0.0
5;2025-11-17;19;0.0
5;2025-11-17;20;0.0
5;2025-11-17;21;0.0
5;2025-11-17;22;0.0
5;2025-11-17;23;0.0
7;2025-11-17;0;78.81
7;2025-11-17;1;0.0
7;2025-11-17;2;0.0
7;2025-11-17;3;0.0
7;2025-11-17;4;0.0
7;2025-11-17;5;210.73
7;2025-11-17;6;713.52
7;2025-11-17;7;1518.07
7;2025-11-17;8;2207.0
7;2025-11-17;9;1715.86
7;2025-11-17;10;1418.59
7;2025-11-17;11;1276.96
7;2025-11-17;12;1326.29
7;2025-11-17;13;1340.08
7;2025-11-17;14;1374.53
7;2025-11-17;15;1485.17
7;2025-11-17;16;1614.92
7;2025-11-17;17;2078.68
7;2025-11-17;18;2411.34
7;2025-11-17;19;1616.71
7;2025-11-17;20;1050.27
7;2025-11-17;21;581.23
7;2025-11-17;22;303.94
7;2025-11-17;23;185.2
11;2025-11-17;0;83.21
11;2025-11-17;1;0.0
11;2025-11-17;2;0.0
11;2025-11-17;3;0.0
11;2025-11-17;4;0.0
11;2025-11-17;5;302.63
11;2025-11-17;6;1331.86
11;2025-11-17;7;2170.61
11;2025-11-17;8;2863.0
11;2025-11-17;9;2235.13
11;2025-11-17;10;1677.58
11;2025-11-17;11;1715.91
11;2025-11-17;12;1657.11
11;2025-11-17;13;1771.29
11;2025-11-17;14;1756.65
11;2025-11-17;15;1878.58
11;2025-11-17;16;2110.85
11;2025-11-17;17;2639.5
11;2025-11-17;18;3026.71
11;2025-11-17;19;2282.36
11;2025-11-17;20;1573.39
11;2025-11-17;21;899.37
11;2025-11-17;22;465.47
11;2025-11-17;23;231.29
12;2025-11-17;0;73.73
12;2025-11-17;1;0.0
12;2025-11-17;2;0.0
12;2025-11-17;3;0.0
12;2025-11-17;4;0.0
12;2025-11-17;5;365.72
12;2025-11-17;6;1393.53
12;2025-11-17;7;2493.72
12;2025-11-17;8;3255.37
12;2025-11-17;9;2345.85
12;2025-11-17;10;1929.09
12;2025-11-17;11;1852.09
12;2025-11-17;12;1929.24
12;2025-11-17;13;1871.71
12;2025-11-17;14;1813.45
12;2025-11-17;15;2070.5
12;2025-11-17;16;2505.79
12;2025-11-17;17;2806.24
12;2025-11-17;18;3066.12
12;2025-11-17;19;2462.73
12;2025-11-17;20;1574.27
12;2025-11-17;21;932.06
12;2025-11-17;22;501.98
12;2025-11-17;23;253.65
17;2025-11-17;0;110.43
17;2025-11-17;1;0.0
17;2025-11-17;2;0.0
17;2025-11-17;3;0.0
17;2025-11-17;4;0.0
17;2025-11-17;5;304.17
17;2025-11-17;6;1439.17
17;2025-11-17;7;3695.49
17;2025-11-17;8;4948.97
17;2025-11-17;9;3554.19
17;2025-11-17;10;2758.61
17;2025-11-17;11;2737.34
17;2025-11-17;12;2798.46
17;2025-11-17;13;2855.64
17;2025-11-17;14;2841.64
17;2025-11-17;15;2990.9
17;2025-11-17;16;3366.65
17;2025-11-17;17;4264.61
17;2025-11-17;18;4919.07
17;2025-11-17;19;3488.84
17;2025-11-17;20;2391.54
17;2025-11-17;21;1490.51
17;2025-11-17;22;853.67
17;2025-11-17;23;359.04
25;2025-11-17;0;0.0
25;2025-11-17;1;0.0
25;2025-11-17;2;0.0
25;2025-11-17;3;0.0
25;2025-11-17;4;0.0
25;2025-11-17;5;3.89
25;2025-11-17;6;136.83
25;2025-11-17;7;445.29
25;2025-11-17;8;725.16
25;2025-11-17;9;384.35
25;2025-11-17;10;285.62
25;2025-11-17;11;305.42
25;2025-11-17;12;321.27
25;2025-11-17;13;398.84
25;2025-11-17;14;343.9
25;2025-11-17;15;408.54
25;2025-11-17;16;521.7
25;2025-11-17;17;578.8
25;2025-11-17;18;661.36
25;2025-11-17;19;403.66
25;2025-11-17;20;277.88
25;2025-11-17;21;190.7
25;2025-11-17;22;99.59
25;2025-11-17;23;12.6
26;2025-11-17;0;0.0
26;2025-11-17;1;0.0
26;2025-11-17;2;0.0
26;2025-11-17;3;0.0
26;2025-11-17;4;0.0
26;2025-11-17;5;76.36
26;2025-11-17;6;505.32
26;2025-11-17;7;935.71
26;2025-11-17;8;1771.24
26;2025-11-17;9;1290.77
26;2025-11-17;10;1079.59
26;2025-11-17;11;945.88
26;2025-11-17;12;988.94
26;2025-11-17;13;1034.81
26;2025-11-17;14;984.79
26;2025-11-17;15;1075.91
26;2025-11-17;16;1239.67
26;2025-11-17;17;1445.5
26;2025-11-17;18;1675.97
26;2025-11-17;19;1174.63
26;2025-11-17;20;729.36
26;2025-11-17;21;424.23
26;2025-11-17;22;228.13
26;2025-11-17;23;108.51
28;2025-11-17;0;0.0
28;2025-11-17;1;0.0
28;2025-11-17;2;0.0
28;2025-11-17;3;0.0
28;2025-11-17;4;0.0
28;2025-11-17;5;78.2
28;2025-11-17;6;252.96
28;2025-11-17;7;673.79
28;2025-11-17;8;1016.34
28;2025-11-17;9;766.63
28;2025-11-17;10;548.55
28;2025-11-17;11;506.59
28;2025-11-17;12;598.39
28;2025-11-17;13;625.31
28;2025-11-17;14;557.64
28;2025-11-17;15;585.73
28;2025-11-17;16;738.53
28;2025-11-17;17;847.87
28;2025-11-17;18;869.7
28;2025-11-17;19;679.99
28;2025-11-17;20;463.83
28;2025-11-17;21;290.88
28;2025-11-17;22;125.86
28;2025-11-17;23;17.33
50;2025-11-17;0;0.0
50;2025-11-17;1;0.0
50;2025-11-17;2;0.0
50;2025-11-17;3;0.0
50;2025-11-17;4;0.0
50;2025-11-17;5;74.22
50;2025-11-17;6;534.94
50;2025-11-17;7;1676.76
50;2025-11-17;8;2467.2
50;2025-11-17;9;1949.09
50;2025-11-17;10;1457.11
50;2025-11-17;11;1388.33
50;2025-11-17;12;1282.95
50;2025-11-17;13;1262.82
50;2025-11-17;14;1226.4
50;2025-11-17;15;1354.59
50;2025-11-17;16;1437.22
50;2025-11-17;17;2092.67
50;2025-11-17;18;2322.89
50;2025-11-17;19;1441.58
50;2025-11-17;20;891.51
50;2025-11-17;21;583.04
50;2025-11-17;22;294.18
50;2025-11-17;23;140.2
1;2025-11-18;0;0.0
1;2025-11-18;1;0.0
1;2025-11-18;2;0.0
1;2025-11-18;3;0.0
1;2025-11-18;4;0.0
1;2025-11-18;5;137.26
1;2025-11-18;6;535.18
1;2025-11-18;7;1364.52
1;2025-11-18;8;1724.69
1;2025-11-18;9;1422.51
1;2025-11-18;10;1293.36
1;2025-11-18;11;1290.16
1;2025-11-18;12;1276.3
1;2025-11-18;13;1290.22
1;2025-11-18;14;1170.68
1;2025-11-18;15;1299.17
1;2025-11-18;16;1311.77
1;2025-11-18;17;1530.97
1;2025-11-18;18;1647.01
1;2025-11-18;19;1318.18
1;2025-11-18;20;887.6
1;2025-11-18;21;478.51
1;2025-11-18;22;252.04
1;2025-11-18;23;48.23
5;2025-11-18;0;0.0
5;2025-11-18;1;0.0
5;2025-11-18;2;0.0
5;2025-11-18;3;0.0
5;2025-11-18;4;0.0
5;2025-11-18;5;0.0
5;2025-11-18;6;0.0
5;2025-11-18;7;0.0
5;2025-11-18;8;0.0
5;2025-11-18;9;0.0
5;2025-11-18;10;0.0
5;2025-11-18;11;0.0
5;2025-11-18;12;0.0
5;2025-11-18;13;0.0
5;2025-11-18;14;0.0
5;2025-11-18;15;0.0
5;2025-11-18;16;0.0
5;2025-11-18;17;0.0
5;2025-11-18;18;0.0
5;2025-11-18;19;0.0
5;2025-11-18;20;0.0
5;2025-11-18;21;0.0
5;2025-11-18;22;0.0
5;2025-11-18;23;0.0
7;2025-11-18;0;59.73
7;2025-11-18;1;0.0
7;2025-11-18;2;0.0
7;2025-11-18;3;0.0
7;2025-11-18;4;0.0
7;2025-11-18;5;213.22
7;2025-11-18;6;729.81
7;2025-11-18;7;1536.14
7;2025-11-18;8;2271.65
7;2025-11-18;9;1736.2
7;2025-11-18;10;1506.7
7;2025-11-18;11;1347.3
7;2025-11-18;12;1396.3
7;2025-11-18;13;1402.24
7;2025-11-18;14;1418.5
7;2025-11-18;15;1556.76
7;2025-11-18;16;1622.62
7;2025-11-18;17;2108.88
7;2025-11-18;18;2428.96
7;2025-11-18;19;1721.56
7;2025-11-18;20;1073.5
7;2025-11-18;21;642.3
7;2025-11-18;22;333.23
7;2025-11-18;23;185.08
11;2025-11-18;0;70.89
11;2025-11-18;1;0.0
11;2025-11-18;2;0.0
11;2025-11-18;3;0.0
11;2025-11-18;4;0.0
11;2025-11-18;5;293.55
11;2025-11-18;6;1331.42
11;2025-11-18;7;2225.1
11;2025-11-18;8;2915.29
11;2025-11-18;9;2311.19
11;2025-11-18;10;1756.68
11;2025-11-18;11;1729.45
11;2025-11-18;12;1724.22
11;2025-11-18;13;1850.84
11;2025-11-18;14;1859.89
11;2025-11-18;15;1942.26
11;2025-11-18;16;2151.5
11;2025-11-18;17;2699.62
11;2025-11-18;18;3023.34
11;2025-11-18;19;2288.76
11;2025-11-18;20;1561.49
11;2025-11-18;21;931.12
11;2025-11-18;22;472.4
11;2025-11-18;23;249.68
12;2025-11-18;0;0.0
12;2025-11-18;1;0.0
12;2025-11-18;2;0.0
12;2025-11-18;3;0.0
12;2025-11-18;4;0.0
12;2025-11-18;5;370.95
12;2025-11-18;6;1448.09
12;2025-11-18;7;2614.43
12;2025-11-18;8;3425.24
12;2025-11-18;9;2452.02
12;2025-11-18;10;2044.17
12;2025-11-18;11;1967.61
12;2025-11-18;12;1965.54
12;2025-11-18;13;1943.48
12;2025-11-18;14;1931.53
12;2025-11-18;15;2120.54
12;2025-11-18;16;2645.63
12;2025-11-18;17;2951.98
12;2025-11-18;18;3127.99
12;2025-11-18;19;2587.7
12;2025-11-18;20;1602.2
12;2025-11-18;21;969.56
12;2025-11-18;22;550.34
12;2025-11-18;23;258.86
17;2025-11-18;0;130.55
17;2025-11-18;1;0.0
17;2025-11-18;2;0.0
17;2025-11-18;3;0.0
17;2025-11-18;4;0.0
17;2025-11-18;5;309.94
17;2025-11-18;6;1476.45
17;2025-11-18;7;3787.27
17;2025-11-18;8;5058.64
17;2025-11-18;9;3695.55
17;2025-11-18;10;2877.61
17;2025-11-18;11;2784.88
17;2025-11-18;12;2837.38
17;2025-11-18;13;2860.81
17;2025-11-18;14;2920.2
17;2025-11-18;15;3021.55
17;2025-11-18;16;3440.29
17;2025-11-18;17;4332.48
17;2025-11-18;18;4916.22
17;2025-11-18;19;3566.92
17;2025-11-18;20;2484.54
17;2025-11-18;21;1568.2
17;2025-11-18;22;898.24
17;2025-11-18;23;384.1
25;2025-11-18;0;0.0
25;2025-11-18;1;0.0
25;2025-11-18;2;0.0
25;2025-11-18;3;0.0
25;2025-11-18;4;0.0
25;2025-11-18;5;4.29
25;2025-11-18;6;140.07
25;2025-11-18;7;464.92
25;2025-11-18;8;709.92
25;2025-11-18;9;421.67
25;2025-11-18;10;320.64
25;2025-11-18;11;351.84
25;2025-11-18;12;337.98
25;2025-11-18;13;383.13
25;2025-11-18;14;366.39
25;2025-11-18;15;447.77
25;2025-11-18;16;524.56
25;2025-11-18;17;565.67
25;2025-11-18;18;660.09
25;2025-11-18;19;452.19
25;2025-11-18;20;297.83
25;2025-11-18;21;190.99
25;2025-11-18;22;112.44
25;2025-11-18;23;12.18
26;2025-11-18;0;0.0
26;2025-11-18;1;0.0
26;2025-11-18;2;0.0
26;2025-11-18;3;64.11
26;2025-11-18;4;0.0
26;2025-11-18;5;83.46
26;2025-11-18;6;514.47
26;2025-11-18;7;987.22
26;2025-11-18;8;1819.01
26;2025-11-18;9;1352.13
26;2025-11-18;10;1083.48
26;2025-11-18;11;988.36
26;2025-11-18;12;1009.55
26;2025-11-18;13;1025.75
26;2025-11-18;14;1027.24
26;2025-11-18;15;1102.01
26;2025-11-18;16;1268.14
26;2025-11-18;17;1478.97
26;2025-11-18;18;1675.3
26;2025-11-18;19;1200.15
26;2025-11-18;20;766.39
26;2025-11-18;21;444.75
26;2025-11-18;22;238.51
26;2025-11-18;23;118.95
28;2025-11-18;0;0.0
28;2025-11-18;1;0.0
28;2025-11-18;2;0.0
28;2025-11-18;3;0.0
28;2025-11-18;4;0.0
28;2025-11-18;5;74.6
28;2025-11-18;6;249.5
28;2025-11-18;7;689.52
28;2025-11-18;8;1037.14
28;2025-11-18;9;801.54
28;2025-11-18;10;587.42
28;2025-11-18;11;524.86
28;2025-11-18;12;613.8
28;2025-11-18;13;655.02
28;2025-11-18;14;580.16
28;2025-11-18;15;576.79
28;2025-11-18;16;733.02
28;2025-11-18;17;849.87
28;2025-11-18;18;839.31
28;2025-11-18;19;685.68
28;2025-11-18;20;489.24
28;2025-11-18;21;306.1
28;2025-11-18;22;139.14
28;2025-11-18;23;18.46
50;2025-11-18;0;0.0
50;2025-11-18;1;0.0
50;2025-11-18;2;0.0
50;2025-11-18;3;0.0
50;2025-11-18;4;0.0
50;2025-11-18;5;77.52
50;2025-11-18;6;589.47
50;2025-11-18;7;1733.16
50;2025-11-18;8;2536.57
50;2025-11-18;9;1977.86
50;2025-11-18;10;1541.99
50;2025-11-18;11;1423.85
50;2025-11-18;12;1336.11
50;2025-11-18;13;1306.72
50;2025-11-18;14;1251.84
50;2025-11-18;15;1379.66
50;2025-11-18;16;1468.01
50;2025-11-18;17;2178.49
50;2025-11-18;18;2380.31
50;2025-11-18;19;1424.2
50;2025-11-18;20;934.38
50;2025-11-18;21;628.43
50;2025-11-18;22;310.95
50;2025-11-18;23;148.26
1;2025-11-19;0;0.0
1;2025-11-19;1;0.0
1;2025-11-19;2;0.0
1;2025-11-19;3;0.0
1;2025-11-19;4;0.0
1;2025-11-19;5;129.59
1;2025-11-19;6;504.27
1;2025-11-19;7;1288.05
1;2025-11-19;8;1726.19
1;2025-11-19;9;1381.0
1;2025-11-19;10;1231.17
1;2025-11-19;11;1255.62
1;2025-11-19;12;1262.02
1;2025-11-19;13;1290.06
1;2025-11-19;14;1203.66
1;2025-11-19;15;1308.87
1;2025-11-19;16;1315.42
1;2025-11-19;17;1569.82
1;2025-11-19;18;1648.11
1;2025-11-19;19;1286.74
1;2025-11-19;20;853.83
1;2025-11-19;21;477.75
1;2025-11-19;22;263.28
1;2025-11-19;23;48.33
5;2025-11-19;0;0.0
5;2025-11-19;1;0.0
5;2025-11-19;2;0.0
5;2025-11-19;3;0.0
5;2025-11-19;4;0.0
5;2025-11-19;5;0.0
5;2025-11-19;6;0.0
5;2025-11-19;7;0.0
5;2025-11-19;8;0.0
5;2025-11-19;9;0.0
5;2025-11-19;10;0.0
5;2025-11-19;11;0.0
5;2025-11-19;12;0.0
5;2025-11-19;13;0.0
5;2025-11-19;14;0.0
5;2025-11-19;15;0.0
5;2025-11-19;16;0.0
5;2025-11-19;17;0.0
5;2025-11-19;18;0.0
5;2025-11-19;19;0.0
5;2025-11-19;20;0.0
5;2025-11-19;21;0.0
5;2025-11-19;22;0.0
5;2025-11-19;23;0.0
7;2025-11-19;0;62.28
7;2025-11-19;1;0.0
7;2025-11-19;2;0.0
7;2025-11-19;3;0.0
7;2025-11-19;4;0.0
7;2025-11-19;5;213.19
7;2025-11-19;6;708.92
7;2025-11-19;7;1504.74
7;2025-11-19;8;2296.73
7;2025-11-19;9;1773.84
7;2025-11-19;10;1504.59
7;2025-11-19;11;1347.66
7;2025-11-19;12;1386.8
7;2025-11-19;13;1419.06
7;2025-11-19;14;1452.11
7;2025-11-19;15;1602.77
7;2025-11-19;16;1668.57
7;2025-11-19;17;2168.01
7;2025-11-19;18;2380.65
7;2025-11-19;19;1662.71
7;2025-11-19;20;1088.45
7;2025-11-19;21;651.37
7;2025-11-19;22;365.39
7;2025-11-19;23;206.01
11;2025-11-19;0;71.81
11;2025-11-19;1;0.0
11;2025-11-19;2;0.0
11;2025-11-19;3;0.0
11;2025-11-19;4;0.0
11;2025-11-19;5;300.75
11;2025-11-19;6;1280.4
11;2025-11-19;7;2163.72
11;2025-11-19;8;2895.59
11;2025-11-19;9;2219.26
11;2025-11-19;10;1763.99
11;2025-11-19;11;1766.8
11;2025-11-19;12;1804.73
11;2025-11-19;13;1876.57
11;2025-11-19;14;1818.43
11;2025-11-19;15;1922.76
11;2025-11-19;16;2068.7
11;2025-11-19;17;2652.2
11;2025-11-19;18;2942.34
11;2025-11-19;19;2273.93
11;2025-11-19;20;1561.6
11;2025-11-19;21;947.13
11;2025-11-19;22;492.73
11;2025-11-19;23;262.82
12;2025-11-19;0;61.63
12;2025-11-19;1;0.0
12;2025-11-19;2;0.0
12;2025-11-19;3;0.0
12;2025-11-19;4;0.0
12;2025-11-19;5;354.3
12;2025-11-19;6;1401.78
12;2025-11-19;7;2488.42
12;2025-11-19;8;3161.78
12;2025-11-19;9;2364.27
12;2025-11-19;10;1996.61
12;2025-11-19;11;1961.44
12;2025-11-19;12;1956.85
12;2025-11-19;13;1956.97
12;2025-11-19;14;1935.07
12;2025-11-19;15;2144.44
12;2025-11-19;16;2583.93
12;2025-11-19;17;2876.7
12;2025-11-19;18;3067.32
12;2025-11-19;19;2449.78
12;2025-11-19;20;1596.38
12;2025-11-19;21;1000.88
12;2025-11-19;22;549.17
12;2025-11-19;23;269.24
17;2025-11-19;0;139.57
17;2025-11-19;1;0.0
17;2025-11-19;2;0.0
17;2025-11-19;3;0.0
17;2025-11-19;4;0.0
17;2025-11-19;5;314.78
17;2025-11-19;6;1433.35
17;2025-11-19;7;3616.88
17;2025-11-19;8;4840.86
17;2025-11-19;9;3572.46
17;2025-11-19;10;2826.55
17;2025-11-19;11;2770.69
17;2025-11-19;12;2825.4
17;2025-11-19;13;2920.23
17;2025-11-19;14;2933.57
17;2025-11-19;15;3035.89
17;2025-11-19;16;3368.03
17;2025-11-19;17;4103.9
17;2025-11-19;18;4634.65
17;2025-11-19;19;3383.08
17;2025-11-19;20;2381.56
17;2025-11-19;21;1577.9
17;2025-11-19;22;930.8
17;2025-11-19;23;422.12
25;2025-11-19;0;0.0
25;2025-11-19;1;0.0
25;2025-11-19;2;0.0
25;2025-11-19;3;0.0
25;2025-11-19;4;0.0
25;2025-11-19;5;4.15
25;2025-11-19;6;142.88
25;2025-11-19;7;444.54
25;2025-11-19;8;733.13
25;2025-11-19;9;399.64
25;2025-11-19;10;314.87
25;2025-11-19;11;342.46
25;2025-11-19;12;357.8
25;2025-11-19;13;423.59
25;2025-11-19;14;385.03
25;2025-11-19;15;447.6
25;2025-11-19;16;528.36
25;2025-11-19;17;603.07
25;2025-11-19;18;668.43
25;2025-11-19;19;432.62
25;2025-11-19;20;318.71
25;2025-11-19;21;213.88
25;2025-11-19;22;121.15
25;2025-11-19;23;11.09
26;2025-11-19;0;0.0
26;2025-11-19;1;0.0
26;2025-11-19;2;0.0
26;2025-11-19;3;0.0
26;2025-11-19;4;0.0
26;2025-11-19;5;79.92
26;2025-11-19;6;482.16
26;2025-11-19;7;926.1
26;2025-11-19;8;1709.33
26;2025-11-19;9;1306.06
26;2025-11-19;10;1078.48
26;2025-11-19;11;972.47
26;2025-11-19;12;1011.41
26;2025-11-19;13;1034.66
26;2025-11-19;14;1046.11
26;2025-11-19;15;1080.41
26;2025-11-19;16;1217.6
26;2025-11-19;17;1423.03
26;2025-11-19;18;1601.68
26;2025-11-19;19;1149.39
26;2025-11-19;20;729.7
26;2025-11-19;21;460.78
26;2025-11-19;22;252.31
26;2025-11-19;23;130.46
28;2025-11-19;0;0.0
28;2025-11-19;1;0.0
28;2025-11-19;2;0.0
28;2025-11-19;3;0.0
28;2025-11-19;4;0.0
28;2025-11-19;5;84.93
28;2025-11-19;6;250.43
28;2025-11-19;7;666.32
28;2025-11-19;8;1019.55
28;2025-11-19;9;730.08
28;2025-11-19;10;542.94
28;2025-11-19;11;545.09
28;2025-11-19;12;602.34
28;2025-11-19;13;635.3
28;2025-11-19;14;565.33
28;2025-11-19;15;611.65
28;2025-11-19;16;727.55
28;2025-11-19;17;821.41
28;2025-11-19;18;848.87
28;2025-11-19;19;657.72
28;2025-11-19;20;468.44
28;2025-11-19;21;315.36
28;2025-11-19;22;149.47
28;2025-11-19;23;18.66
50;2025-11-19;0;0.0
50;2025-11-19;1;0.0
50;2025-11-19;2;0.0
50;2025-11-19;3;0.0
50;2025-11-19;4;0.0
50;2025-11-19;5;79.44
50;2025-11-19;6;541.16
50;2025-11-19;7;1624.88
50;2025-11-19;8;2412.63
50;2025-11-19;9;1951.25
50;2025-11-19;10;1464.91
50;2025-11-19;11;1395.45
50;2025-11-19;12;1303.58
50;2025-11-19;13;1313.2
50;2025-11-19;14;1285.56
50;2025-11-19;15;1389.32
50;2025-11-19;16;1546.17
50;2025-11-19;17;2080.89
50;2025-11-19;18;2194.7
50;2025-11-19;19;1418.01
50;2025-11-19;20;879.82
50;2025-11-19;21;614.9
50;2025-11-19;22;325.38
50;2025-11-19;23;151.77
1;2025-11-20;0;0.0
1;2025-11-20;1;0.0
1;2025-11-20;2;0.0
1;2025-11-20;3;0.0
1;2025-11-20;4;0.0
1;2025-11-20;5;117.69
1;2025-11-20;6;497.59
1;2025-11-20;7;1244.92
1;2025-11-20;8;1618.39
1;2025-11-20;9;1319.43
1;2025-11-20;10;1246.44
1;2025-11-20;11;1223.43
1;2025-11-20;12;1257.31
1;2025-11-20;13;1231.95
1;2025-11-20;14;1188.1
1;2025-11-20;15;1258.45
1;2025-11-20;16;1301.72
1;2025-11-20;17;1511.66
1;2025-11-20;18;1609.72
1;2025-11-20;19;1255.83
1;2025-11-20;20;834.96
1;2025-11-20;21;490.17
1;2025-11-20;22;257.49
1;2025-11-20;23;56.01
5;2025-11-20;0;0.0
5;2025-11-20;1;0.0
5;2025-11-20;2;0.0
5;2025-11-20;3;0.0
5;2025-11-20;4;0.0
5;2025-11-20;5;0.0
5;2025-11-20;6;0.0
5;2025-11-20;7;0.0
5;2025-11-20;8;0.0
5;2025-11-20;9;0.0
5;2025-11-20;10;0.0
5;2025-11-20;11;0.0
5;2025-11-20;12;0.0
5;2025-11-20;13;0.0
5;2025-11-20;14;0.0
5;2025-11-20;15;0.0
5;2025-11-20;16;0.0
5;2025-11-20;17;0.0
5;2025-11-20;18;0.0
5;2025-11-20;19;0.0
5;2025-11-20;20;0.0
5;2025-11-20;21;0.0
5;2025-11-20;22;0.0
5;2025-11-20;23;0.0
7;2025-11-20;0;73.31
7;2025-11-20;1;0.0
7;2025-11-20;2;0.0
7;2025-11-20;3;0.0
7;2025-11-20;4;0.0
7;2025-11-20;5;198.67
7;2025-11-20;6;704.57
7;2025-11-20;7;1448.78
7;2025-11-20;8;2170.99
7;2025-11-20;9;1674.17
7;2025-11-20;10;1405.04
7;2025-11-20;11;1321.27
7;2025-11-20;12;1376.05
7;2025-11-20;13;1397.5
7;2025-11-20;14;1431.46
7;2025-11-20;15;1482.12
7;2025-11-20;16;1638.59
7;2025-11-20;17;2040.03
7;2025-11-20;18;2398.44
7;2025-11-20;19;1645.77
7;2025-11-20;20;1054.49
7;2025-11-20;21;659.88
7;2025-11-20;22;352.31
7;2025-11-20;23;202.77
11;2025-11-20;0;76.12
11;2025-11-20;1;0.0
11;2025-11-20;2;0.0
11;2025-11-20;3;0.0
11;2025-11-20;4;0.0
11;2025-11-20;5;301.55
11;2025-11-20;6;1275.63
11;2025-11-20;7;2096.54
11;2025-11-20;8;2675.48
11;2025-11-20;9;2247.96
11;2025-11-20;10;1762.63
11;2025-11-20;11;1719.76
11;2025-11-20;12;1729.71
11;2025-11-20;13;1866.82
11;2025-11-20;14;1826.44
11;2025-11-20;15;1922.68
11;2025-11-20;16;2083.93
11;2025-11-20;17;2587.16
11;2025-11-20;18;2872.87
11;2025-11-20;19;2206.25
11;2025-11-20;20;1510.6
11;2025-11-20;21;943.92
11;2025-11-20;22;506.64
11;2025-11-20;23;274.09
12;2025-11-20;0;58.47
12;2025-11-20;1;0.0
12;2025-11-20;2;0.0
12;2025-11-20;3;0.0
12;2025-11-20;4;0.0
12;2025-11-20;5;345.36
12;2025-11-20;6;1322.03
12;2025-11-20;7;2376.52
12;2025-11-20;8;3041.77
12;2025-11-20;9;2215.42
12;2025-11-20;10;1894.21
12;2025-11-20;11;1884.15
12;2025-11-20;12;1933.12
12;2025-11-20;13;1883.48
12;2025-11-20;14;1860.5
12;2025-11-20;15;2032.89
12;2025-11-20;16;2494.21
12;2025-11-20;17;2761.99
12;2025-11-20;18;2958.46
12;2025-11-20;19;2396.81
12;2025-11-20;20;1567.53
12;2025-11-20;21;966.09
12;2025-11-20;22;550.95
12;2025-11-20;23;282.95
17;2025-11-20;0;147.98
17;2025-11-20;1;0.0
17;2025-11-20;2;0.0
17;2025-11-20;3;0.0
17;2025-11-20;4;0.0
17;2025-11-20;5;298.52
17;2025-11-20;6;1387.1
17;2025-11-20;7;3451.87
17;2025-11-20;8;4635.04
17;2025-11-20;9;3449.75
17;2025-11-20;10;2769.12
17;2025-11-20;11;2735.69
17;2025-11-20;12;2845.27
17;2025-11-20;13;2905.53
17;2025-11-20;14;2931.09
17;2025-11-20;15;3026.3
17;2025-11-20;16;3429.21
17;2025-11-20;17;4133.11
17;2025-11-20;18;4681.52
17;2025-11-20;19;3444.67
17;2025-11-20;20;2454.19
17;2025-11-20;21;1628.78
17;2025-11-20;22;979.85
17;2025-11-20;23;443.05
25;2025-11-20;0;0.0
25;2025-11-20;1;0.0
25;2025-11-20;2;0.0
25;2025-11-20;3;0.0
25;2025-11-20;4;0.0
25;2025-11-20;5;4.6
25;2025-11-20;6;128.07
25;2025-11-20;7;412.6
25;2025-11-20;8;701.86
25;2025-11-20;9;383.77
25;2025-11-20;10;311.31
25;2025-11-20;11;320.17
25;2025-11-20;12;336.6
25;2025-11-20;13;377.68
25;2025-11-20;14;379.11
25;2025-11-20;15;437.19
25;2025-11-20;16;523.9
25;2025-11-20;17;594.74
25;2025-11-20;18;650.01
25;2025-11-20;19;429.06
25;2025-11-20;20;300.93
25;2025-11-20;21;212.65
25;2025-11-20;22;128.24
25;2025-11-20;23;15.17
26;2025-11-20;0;0.0
26;2025-11-20;1;0.0
26;2025-11-20;2;0.0
26;2025-11-20;3;0.0
26;2025-11-20;4;0.0
26;2025-11-20;5;77.35
26;2025-11-20;6;485.31
26;2025-11-20;7;913.83
26;2025-11-20;8;1657.51
26;2025-11-20;9;1241.42
26;2025-11-20;10;1033.84
26;2025-11-20;11;971.82
26;2025-11-20;12;985.73
26;2025-11-20;13;985.76
26;2025-11-20;14;1000.9
26;2025-11-20;15;1074.5
26;2025-11-20;16;1221.92
26;2025-11-20;17;1410.65
26;2025-11-20;18;1617.58
26;2025-11-20;19;1148.88
26;2025-11-20;20;731.89
26;2025-11-20;21;462.85
26;2025-11-20;22;252.65
26;2025-11-20;23;133.13
28;2025-11-20;0;0.0
28;2025-11-20;1;0.0
28;2025-11-20;2;0.0
28;2025-11-20;3;0.0
28;2025-11-20;4;0.0
28;2025-11-20;5;75.99
28;2025-11-20;6;245.61
28;2025-11-20;7;651.87
28;2025-11-20;8;966.06
28;2025-11-20;9;742.66
28;2025-11-20;10;543.57
28;2025-11-20;11;504.64
28;2025-11-20;12;600.59
28;2025-11-20;13;617.67
28;2025-11-20;14;556.5
28;2025-11-20;15;577.77
28;2025-11-20;16;692.24
28;2025-11-20;17;819.14
28;2025-11-20;18;830.95
28;2025-11-20;19;637.08
28;2025-11-20;20;476.92
28;2025-11-20;21;315.19
28;2025-11-20;22;144.25
28;2025-11-20;23;19.98
50;2025-11-20;0;0.0
50;2025-11-20;1;0.0
50;2025-11-20;2;0.0
50;2025-11-20;3;0.0
50;2025-11-20;4;0.0
50;2025-11-20;5;81.89
50;2025-11-20;6;531.8
50;2025-11-20;7;1622.86
50;2025-11-20;8;2322.03
50;2025-11-20;9;1850.9
50;2025-11-20;10;1433.78
50;2025-11-20;11;1366.51
50;2025-11-20;12;1264.11
50;2025-11-20;13;1244.96
50;2025-11-20;14;1178.68
50;2025-11-20;15;1310.67
50;2025-11-20;16;1501.4
50;2025-11-20;17;2025.34
50;2025-11-20;18;2237.6
50;2025-11-20;19;1416.42
50;2025-11-20;20;929.65
50;2025-11-20;21;664.27
50;2025-11-20;22;330.29
50;2025-11-20;23;179.35
1;2025-11-21;0;0.0
1;2025-11-21;1;0.0
1;2025-11-21;2;0.0
1;2025-11-21;3;0.0
1;2025-11-21;4;0.0
1;2025-11-21;5;120.75
1;2025-11-21;6;475.08
1;2025-11-21;7;1238.35
1;2025-11-21;8;1590.62
1;2025-11-21;9;1278.34
1;2025-11-21;10;1170.94
1;2025-11-21;11;1223.61
1;2025-11-21;12;1220.87
1;2025-11-21;13;1240.71
1;2025-11-21;14;1172.6
1;2025-11-21;15;1304.02
1;2025-11-21;16;1351.27
1;2025-11-21;17;1485.08
1;2025-11-21;18;1383.58
1;2025-11-21;19;1065.78
1;2025-11-21;20;762.29
1;2025-11-21;21;486.07
1;2025-11-21;22;261.09
1;2025-11-21;23;62.9
5;2025-11-21;0;0.0
5;2025-11-21;1;0.0
5;2025-11-21;2;0.0
5;2025-11-21;3;0.0
5;2025-11-21;4;0.0
5;2025-11-21;5;0.0
5;2025-11-21;6;0.0
5;2025-11-21;7;0.0
5;2025-11-21;8;0.0
5;2025-11-21;9;0.0
5;2025-11-21;10;0.0
5;2025-11-21;11;0.0
5;2025-11-21;12;0.0
5;2025-11-21;13;0.0
5;2025-11-21;14;0.0
5;2025-11-21;15;0.0
5;2025-11-21;16;0.0
5;2025-11-21;17;0.0
5;2025-11-21;18;0.0
5;2025-11-21;19;0.0
5;2025-11-21;20;0.0
5;2025-11-21;21;0.0
5;2025-11-21;22;0.0
5;2025-11-21;23;0.0
7;2025-11-21;0;72.19
7;2025-11-21;1;0.0
7;2025-11-21;2;0.0
7;2025-11-21;3;0.0
7;2025-11-21;4;0.0
7;2025-11-21;5;192.34
7;2025-11-21;6;631.69
7;2025-11-21;7;1410.57
7;2025-11-21;8;2009.6
7;2025-11-21;9;1597.2
7;2025-11-21;10;1359.23
7;2025-11-21;11;1362.97
7;2025-11-21;12;1432.22
7;2025-11-21;13;1513.99
7;2025-11-21;14;1550.25
7;2025-11-21;15;1610.04
7;2025-11-21;16;1820.0
7;2025-11-21;17;1997.88
7;2025-11-21;18;1865.27
7;2025-11-21;19;1467.13
7;2025-11-21;20;1001.12
7;2025-11-21;21;641.21
7;2025-11-21;22;377.56
7;2025-11-21;23;231.13
11;2025-11-21;0;81.81
11;2025-11-21;1;0.0
11;2025-11-21;2;0.0
11;2025-11-21;3;0.0
11;2025-11-21;4;0.0
11;2025-11-21;5;291.55
11;2025-11-21;6;1244.75
11;2025-11-21;7;1985.12
11;2025-11-21;8;2581.0
11;2025-11-21;9;2126.03
11;2025-11-21;10;1717.62
11;2025-11-21;11;1728.32
11;2025-11-21;12;1777.26
11;2025-11-21;13;1841.09
11;2025-11-21;14;1897.06
11;2025-11-21;15;2043.78
11;2025-11-21;16;2267.91
11;2025-11-21;17;2641.94
11;2025-11-21;18;2414.66
11;2025-11-21;19;2041.2
11;2025-11-21;20;1472.44
11;2025-11-21;21;948.49
11;2025-11-21;22;515.8
11;2025-11-21;23;302.1
12;2025-11-21;0;66.88
12;2025-11-21;1;0.0
12;2025-11-21;2;0.0
12;2025-11-21;3;0.0
12;2025-11-21;4;0.0
12;2025-11-21;5;340.1
12;2025-11-21;6;1311.74
12;2025-11-21;7;2323.2
12;2025-11-21;8;3010.0
12;2025-11-21;9;2159.7
12;2025-11-21;10;1863.83
12;2025-11-21;11;1917.91
12;2025-11-21;12;1899.79
12;2025-11-21;13;1876.4
12;2025-11-21;14;1931.62
12;2025-11-21;15;2248.28
12;2025-11-21;16;2753.63
12;2025-11-21;17;2735.36
12;2025-11-21;18;2466.47
12;2025-11-21;19;2147.45
12;2025-11-21;20;1486.67
12;2025-11-21;21;1006.34
12;2025-11-21;22;572.5
12;2025-11-21;23;309.99
17;2025-11-21;0;161.61
17;2025-11-21;1;0.0
17;2025-11-21;2;0.0
17;2025-11-21;3;0.0
17;2025-11-21;4;0.0
17;2025-11-21;5;294.04
17;2025-11-21;6;1342.71
17;2025-11-21;7;3374.25
17;2025-11-21;8;4493.02
17;2025-11-21;9;3358.4
17;2025-11-21;10;2723.35
17;2025-11-21;11;2768.24
17;2025-11-21;12;2866.16
17;2025-11-21;13;2958.68
17;2025-11-21;14;3033.23
17;2025-11-21;15;3319.0
17;2025-11-21;16;3815.94
17;2025-11-21;17;4191.05
17;2025-11-21;18;4101.36
17;2025-11-21;19;3088.13
17;2025-11-21;20;2353.67
17;2025-11-21;21;1630.93
17;2025-11-21;22;1001.49
17;2025-11-21;23;486.34
25;2025-11-21;0;0.0
25;2025-11-21;1;0.0
25;2025-11-21;2;0.0
25;2025-11-21;3;0.0
25;2025-11-21;4;0.0
25;2025-11-21;5;4.69
25;2025-11-21;6;132.11
25;2025-11-21;7;409.6
25;2025-11-21;8;663.84
25;2025-11-21;9;386.71
25;2025-11-21;10;302.02
25;2025-11-21;11;330.38
25;2025-11-21;12;348.1
25;2025-11-21;13;409.23
25;2025-11-21;14;420.98
25;2025-11-21;15;493.33
25;2025-11-21;16;570.09
25;2025-11-21;17;597.82
25;2025-11-21;18;515.01
25;2025-11-21;19;390.95
25;2025-11-21;20;288.76
25;2025-11-21;21;213.1
25;2025-11-21;22;134.47
25;2025-11-21;23;18.53
26;2025-11-21;0;0.0
26;2025-11-21;1;0.0
26;2025-11-21;2;0.0
26;2025-11-21;3;0.0
26;2025-11-21;4;0.0
26;2025-11-21;5;75.03
26;2025-11-21;6;473.5
26;2025-11-21;7;865.87
26;2025-11-21;8;1570.61
26;2025-11-21;9;1197.83
26;2025-11-21;10;994.34
26;2025-11-21;11;918.43
26;2025-11-21;12;987.55
26;2025-11-21;13;1025.12
26;2025-11-21;14;1010.92
26;2025-11-21;15;1128.15
26;2025-11-21;16;1354.73
26;2025-11-21;17;1411.53
26;2025-11-21;18;1217.23
26;2025-11-21;19;968.61
26;2025-11-21;20;680.12
26;2025-11-21;21;431.64
26;2025-11-21;22;251.37
26;2025-11-21;23;152.49
28;2025-11-21;0;0.0
28;2025-11-21;1;0.0
28;2025-11-21;2;0.0
28;2025-11-21;3;0.0
28;2025-11-21;4;0.0
28;2025-11-21;5;72.84
28;2025-11-21;6;228.33
28;2025-11-21;7;616.01
28;2025-11-21;8;920.71
28;2025-11-21;9;693.55
28;2025-11-21;10;527.83
28;2025-11-21;11;516.31
28;2025-11-21;12;590.33
28;2025-11-21;13;611.08
28;2025-11-21;14;584.11
28;2025-11-21;15;607.33
28;2025-11-21;16;774.08
28;2025-11-21;17;810.8
28;2025-11-21;18;703.19
28;2025-11-21;19;572.73
28;2025-11-21;20;445.33
28;2025-11-21;21;300.45
28;2025-11-21;22;146.83
28;2025-11-21;23;19.24
50;2025-11-21;0;0.0
50;2025-11-21;1;0.0
50;2025-11-21;2;0.0
50;2025-11-21;3;0.0
50;2025-11-21;4;0.0
50;2025-11-21;5;77.35
50;2025-11-21;6;531.86
50;2025-11-21;7;1499.3
50;2025-11-21;8;2253.65
50;2025-11-21;9;1713.51
50;2025-11-21;10;1381.43
50;2025-11-21;11;1367.62
50;2025-11-21;12;1322.42
50;2025-11-21;13;1288.85
50;2025-11-21;14;1220.98
50;2025-11-21;15;1494.3
50;2025-11-21;16;1720.35
50;2025-11-21;17;1849.51
50;2025-11-21;18;1607.85
50;2025-11-21;19;1137.57
50;2025-11-21;20;792.24
50;2025-11-21;21;572.4
50;2025-11-21;22;331.4
50;2025-11-21;23;186.87
1;2025-11-22;0;0.0
1;2025-11-22;1;0.0
1;2025-11-22;2;0.0
1;2025-11-22;3;0.0
1;2025-11-22;4;0.0
1;2025-11-22;5;35.54
1;2025-11-22;6;170.83
1;2025-11-22;7;324.96
1;2025-11-22;8;435.5
1;2025-11-22;9;683.53
1;2025-11-22;10;771.16
1;2025-11-22;11;720.93
1;2025-11-22;12;886.61
1;2025-11-22;13;889.78
1;2025-11-22;14;824.75
1;2025-11-22;15;737.68
1;2025-11-22;16;683.91
1;2025-11-22;17;653.4
1;2025-11-22;18;599.78
1;2025-11-22;19;549.03
1;2025-11-22;20;414.12
1;2025-11-22;21;303.79
1;2025-11-22;22;149.92
1;2025-11-22;23;41.35
5;2025-11-22;0;0.0
5;2025-11-22;1;0.0
5;2025-11-22;2;0.0
5;2025-11-22;3;0.0
5;2025-11-22;4;0.0
5;2025-11-22;5;0.0
5;2025-11-22;6;0.0
5;2025-11-22;7;0.0
5;2025-11-22;8;0.0
5;2025-11-22;9;0.0
5;2025-11-22;10;0.0
5;2025-11-22;11;0.0
5;2025-11-22;12;0.0
5;2025-11-22;13;0.0
5;2025-11-22;14;0.0
5;2025-11-22;15;0.0
5;2025-11-22;16;0.0
5;2025-11-22;17;0.0
5;2025-11-22;18;0.0
5;2025-11-22;19;0.0
5;2025-11-22;20;0.0
5;2025-11-22;21;0.0
5;2025-11-22;22;0.0
5;2025-11-22;23;0.0
7;2025-11-22;0;99.53
7;2025-11-22;1;0.0
7;2025-11-22;2;0.0
7;2025-11-22;3;0.0
7;2025-11-22;4;0.0
7;2025-11-22;5;61.06
7;2025-11-22;6;308.28
7;2025-11-22;7;483.39
7;2025-11-22;8;738.67
7;2025-11-22;9;828.78
7;2025-11-22;10;901.77
7;2025-11-22;11;1054.26
7;2025-11-22;12;1156.14
7;2025-11-22;13;1207.86
7;2025-11-22;14;1252.7
7;2025-11-22;15;1159.47
7;2025-11-22;16;1110.75
7;2025-11-22;17;1078.97
7;2025-11-22;18;1058.62
7;2025-11-22;19;1048.42
7;2025-11-22;20;783.15
7;2025-11-22;21;642.56
7;2025-11-22;22;347.36
7;2025-11-22;23;220.29
11;2025-11-22;0;103.5
11;2025-11-22;1;0.0
11;2025-11-22;2;0.0
11;2025-11-22;3;0.0
11;2025-11-22;4;0.0
11;2025-11-22;5;215.52
11;2025-11-22;6;768.96
11;2025-11-22;7;684.4
11;2025-11-22;8;913.31
11;2025-11-22;9;1092.72
11;2025-11-22;10;1172.48
11;2025-11-22;11;1558.42
11;2025-11-22;12;1700.13
11;2025-11-22;13;1611.93
11;2025-11-22;14;1627.4
11;2025-11-22;15;1660.56
11;2025-11-22;16;1688.83
11;2025-11-22;17;1707.5
11;2025-11-22;18;1517.57
11;2025-11-22;19;1441.1
11;2025-11-22;20;1166.99
11;2025-11-22;21;815.48
11;2025-11-22;22;470.47
11;2025-11-22;23;326.04
12;2025-11-22;0;89.1
12;2025-11-22;1;0.0
12;2025-11-22;2;0.0
12;2025-11-22;3;0.0
12;2025-11-22;4;0.0
12;2025-11-22;5;273.68
12;2025-11-22;6;846.59
12;2025-11-22;7;882.28
12;2025-11-22;8;941.42
12;2025-11-22;9;1089.07
12;2025-11-22;10;1313.52
12;2025-11-22;11;1417.45
12;2025-11-22;12;1375.85
12;2025-11-22;13;1622.34
12;2025-11-22;14;1519.32
12;2025-11-22;15;1408.33
12;2025-11-22;16;1459.45
12;2025-11-22;17;1416.92
12;2025-11-22;18;1376.67
12;2025-11-22;19;1398.27
12;2025-11-22;20;1012.25
12;2025-11-22;21;699.08
12;2025-11-22;22;447.53
12;2025-11-22;23;281.75
17;2025-11-22;0;201.96
17;2025-11-22;1;0.0
17;2025-11-22;2;0.0
17;2025-11-22;3;0.0
17;2025-11-22;4;0.0
17;2025-11-22;5;118.43
17;2025-11-22;6;504.64
17;2025-11-22;7;1032.09
17;2025-11-22;8;1481.87
17;2025-11-22;9;1834.84
17;2025-11-22;10;2051.61
17;2025-11-22;11;2414.5
17;2025-11-22;12;2676.69
17;2025-11-22;13;2848.54
17;2025-11-22;14;2901.1
17;2025-11-22;15;2939.59
17;2025-11-22;16;2912.94
17;2025-11-22;17;2859.64
17;2025-11-22;18;2638.41
17;2025-11-22;19;2277.32
17;2025-11-22;20;1835.22
17;2025-11-22;21;1357.29
17;2025-11-22;22;897.9
17;2025-11-22;23;465.59
25;2025-11-22;0;0.0
25;2025-11-22;1;0.0
25;2025-11-22;2;0.0
25;2025-11-22;3;0.0
25;2025-11-22;4;0.0
25;2025-11-22;5;1.92
25;2025-11-22;6;49.55
25;2025-11-22;7;121.57
25;2025-11-22;8;244.25
25;2025-11-22;9;240.58
25;2025-11-22;10;237.72
25;2025-11-22;11;313.61
25;2025-11-22;12;332.9
25;2025-11-22;13;420.0
25;2025-11-22;14;452.36
25;2025-11-22;15;524.07
25;2025-11-22;16;467.09
25;2025-11-22;17;407.1
25;2025-11-22;18;409.26
25;2025-11-22;19;363.19
25;2025-11-22;20;249.13
25;2025-11-22;21;219.04
25;2025-11-22;22;136.82
25;2025-11-22;23;55.58
26;2025-11-22;0;0.0
26;2025-11-22;1;0.0
26;2025-11-22;2;0.0
26;2025-11-22;3;0.0
26;2025-11-22;4;0.0
26;2025-11-22;5;44.41
26;2025-11-22;6;266.99
26;2025-11-22;7;344.12
26;2025-11-22;8;504.48
26;2025-11-22;9;620.49
26;2025-11-22;10;714.71
26;2025-11-22;11;868.34
26;2025-11-22;12;894.41
26;2025-11-22;13;905.34
26;2025-11-22;14;896.88
26;2025-11-22;15;829.92
26;2025-11-22;16;836.99
26;2025-11-22;17;814.44
26;2025-11-22;18;796.04
26;2025-11-22;19;759.15
26;2025-11-22;20;536.91
26;2025-11-22;21;364.11
26;2025-11-22;22;234.14
26;2025-11-22;23;142.36
28;2025-11-22;0;0.0
28;2025-11-22;1;0.0
28;2025-11-22;2;0.0
28;2025-11-22;3;0.0
28;2025-11-22;4;0.0
28;2025-11-22;5;36.84
28;2025-11-22;6;97.44
28;2025-11-22;7;201.75
28;2025-11-22;8;312.38
28;2025-11-22;9;408.04
28;2025-11-22;10;421.8
28;2025-11-22;11;432.86
28;2025-11-22;12;501.09
28;2025-11-22;13;529.9
28;2025-11-22;14;529.64
28;2025-11-22;15;515.28
28;2025-11-22;16;484.55
28;2025-11-22;17;496.47
28;2025-11-22;18;444.85
28;2025-11-22;19;389.69
28;2025-11-22;20;307.76
28;2025-11-22;21;278.52
28;2025-11-22;22;138.72
28;2025-11-22;23;24.37
50;2025-11-22;0;70.82
50;2025-11-22;1;0.0
50;2025-11-22;2;0.0
50;2025-11-22;3;0.0
50;2025-11-22;4;0.0
50;2025-11-22;5;49.23
50;2025-11-22;6;217.14
50;2025-11-22;7;425.74
50;2025-11-22;8;608.63
50;2025-11-22;9;659.17
50;2025-11-22;10;655.48
50;2025-11-22;11;795.75
50;2025-11-22;12;814.57
50;2025-11-22;13;851.37
50;2025-11-22;14;853.41
50;2025-11-22;15;812.58
50;2025-11-22;16;796.69
50;2025-11-22;17;805.49
50;2025-11-22;18;749.19
50;2025-11-22;19;673.47
50;2025-11-22;20;540.11
50;2025-11-22;21;437.83
50;2025-11-22;22;253.74
50;2025-11-22;23;174.47
1;2025-11-23;0;0.0
1;2025-11-23;1;0.0
1;2025-11-23;2;0.0
1;2025-11-23;3;0.0
1;2025-11-23;4;0.0
1;2025-11-23;5;28.12
1;2025-11-23;6;129.38
1;2025-11-23;7;255.42
1;2025-11-23;8;355.49
1;2025-11-23;9;574.04
1;2025-11-23;10;679.64
1;2025-11-23;11;675.91
1;2025-11-23;12;807.22
1;2025-11-23;13;844.76
1;2025-11-23;14;743.73
1;2025-11-23;15;680.01
1;2025-11-23;16;627.78
1;2025-11-23;17;586.37
1;2025-11-23;18;542.75
1;2025-11-23;19;469.38
1;2025-11-23;20;367.94
1;2025-11-23;21;279.59
1;2025-11-23;22;121.07
1;2025-11-23;23;35.25
5;2025-11-23;0;0.0
5;2025-11-23;1;0.0
5;2025-11-23;2;0.0
5;2025-11-23;3;0.0
5;2025-11-23;4;0.0
5;2025-11-23;5;0.0
5;2025-11-23;6;0.0
5;2025-11-23;7;0.0
5;2025-11-23;8;0.0
5;2025-11-23;9;0.0
5;2025-11-23;10;0.0
5;2025-11-23;11;0.0
5;2025-11-23;12;0.0
5;2025-11-23;13;0.0
5;2025-11-23;14;0.0
5;2025-11-23;15;0.0
5;2025-11-23;16;0.0
5;2025-11-23;17;0.0
5;2025-11-23;18;0.0
5;2025-11-23;19;0.0
5;2025-11-23;20;0.0
5;2025-11-23;21;0.0
5;2025-11-23;22;0.0
5;2025-11-23;23;0.0
7;2025-11-23;0;111.75
7;2025-11-23;1;0.0
7;2025-11-23;2;0.0
7;2025-11-23;3;80.41
7;2025-11-23;4;0.0
7;2025-11-23;5;43.59
7;2025-11-23;6;210.69
7;2025-11-23;7;326.69
7;2025-11-23;8;532.46
7;2025-11-23;9;645.3
7;2025-11-23;10;719.62
7;2025-11-23;11;901.47
7;2025-11-23;12;984.04
7;2025-11-23;13;1035.73
7;2025-11-23;14;1110.13
7;2025-11-23;15;1062.89
7;2025-11-23;16;977.08
7;2025-11-23;17;1032.34
7;2025-11-23;18;932.75
7;2025-11-23;19;818.94
7;2025-11-23;20;676.52
7;2025-11-23;21;541.62
7;2025-11-23;22;313.84
7;2025-11-23;23;185.3
11;2025-11-23;0;111.94
11;2025-11-23;1;0.0
11;2025-11-23;2;0.0
11;2025-11-23;3;64.76
11;2025-11-23;4;0.0
11;2025-11-23;5;130.01
11;2025-11-23;6;517.25
11;2025-11-23;7;523.9
11;2025-11-23;8;666.79
11;2025-11-23;9;901.57
11;2025-11-23;10;1021.95
11;2025-11-23;11;1399.39
11;2025-11-23;12;1536.07
11;2025-11-23;13;1449.34
11;2025-11-23;14;1511.21
11;2025-11-23;15;1587.76
11;2025-11-23;16;1538.67
11;2025-11-23;17;1610.63
11;2025-11-23;18;1371.63
11;2025-11-23;19;1170.22
11;2025-11-23;20;988.35
11;2025-11-23;21;714.7
11;2025-11-23;22;414.94
11;2025-11-23;23;260.91
12;2025-11-23;0;91.73
12;2025-11-23;1;0.0
12;2025-11-23;2;0.0
12;2025-11-23;3;0.0
12;2025-11-23;4;0.0
12;2025-11-23;5;179.69
12;2025-11-23;6;546.69
12;2025-11-23;7;618.74
12;2025-11-23;8;733.19
12;2025-11-23;9;911.78
12;2025-11-23;10;1119.8
12;2025-11-23;11;1241.67
12;2025-11-23;12;1292.33
12;2025-11-23;13;1491.96
12;2025-11-23;14;1435.07
12;2025-11-23;15;1297.42
12;2025-11-23;16;1416.54
12;2025-11-23;17;1493.31
12;2025-11-23;18;1246.35
12;2025-11-23;19;1021.75
12;2025-11-23;20;790.84
12;2025-11-23;21;622.95
12;2025-11-23;22;412.33
12;2025-11-23;23;233.72
17;2025-11-23;0;192.34
17;2025-11-23;1;0.0
17;2025-11-23;2;0.0
17;2025-11-23;3;0.0
17;2025-11-23;4;0.0
17;2025-11-23;5;100.83
17;2025-11-23;6;394.44
17;2025-11-23;7;702.29
17;2025-11-23;8;1108.06
17;2025-11-23;9;1483.49
17;2025-11-23;10;1711.42
17;2025-11-23;11;2117.1
17;2025-11-23;12;2443.27
17;2025-11-23;13;2633.19
17;2025-11-23;14;2663.32
17;2025-11-23;15;2695.7
17;2025-11-23;16;2651.84
17;2025-11-23;17;2553.03
17;2025-11-23;18;2313.71
17;2025-11-23;19;1958.7
17;2025-11-23;20;1588.2
17;2025-11-23;21;1157.84
17;2025-11-23;22;764.56
17;2025-11-23;23;334.53
25;2025-11-23;0;0.0
25;2025-11-23;1;0.0
25;2025-11-23;2;0.0
25;2025-11-23;3;0.0
25;2025-11-23;4;0.0
25;2025-11-23;5;2.98
25;2025-11-23;6;40.19
25;2025-11-23;7;90.89
25;2025-11-23;8;167.64
25;2025-11-23;9;181.44
25;2025-11-23;10;191.31
25;2025-11-23;11;251.57
25;2025-11-23;12;295.91
25;2025-11-23;13;353.03
25;2025-11-23;14;393.5
25;2025-11-23;15;455.7
25;2025-11-23;16;388.79
25;2025-11-23;17;365.09
25;2025-11-23;18;364.84
25;2025-11-23;19;293.95
25;2025-11-23;20;210.86
25;2025-11-23;21;184.02
25;2025-11-23;22;112.48
25;2025-11-23;23;38.22
26;2025-11-23;0;0.0
26;2025-11-23;1;0.0
26;2025-11-23;2;0.0
26;2025-11-23;3;0.0
26;2025-11-23;4;0.0
26;2025-11-23;5;33.82
26;2025-11-23;6;155.45
26;2025-11-23;7;248.88
26;2025-11-23;8;373.63
26;2025-11-23;9;494.03
26;2025-11-23;10;543.24
26;2025-11-23;11;714.28
26;2025-11-23;12;753.36
26;2025-11-23;13;766.53
26;2025-11-23;14;746.88
26;2025-11-23;15;714.54
26;2025-11-23;16;707.01
26;2025-11-23;17;713.69
26;2025-11-23;18;668.42
26;2025-11-23;19;554.72
26;2025-11-23;20;419.89
26;2025-11-23;21;305.05
26;2025-11-23;22;208.92
26;2025-11-23;23;109.13
28;2025-11-23;0;0.0
28;2025-11-23;1;0.0
28;2025-11-23;2;0.0
28;2025-11-23;3;0.0
28;2025-11-23;4;0.0
28;2025-11-23;5;31.1
28;2025-11-23;6;82.36
28;2025-11-23;7;137.0
28;2025-11-23;8;229.36
28;2025-11-23;9;302.75
28;2025-11-23;10;332.96
28;2025-11-23;11;364.84
28;2025-11-23;12;412.62
28;2025-11-23;13;465.51
28;2025-11-23;14;456.17
28;2025-11-23;15;465.0
28;2025-11-23;16;443.07
28;2025-11-23;17;429.05
28;2025-11-23;18;405.06
28;2025-11-23;19;350.59
28;2025-11-23;20;301.26
28;2025-11-23;21;242.2
28;2025-11-23;22;111.28
28;2025-11-23;23;15.59
50;2025-11-23;0;57.46
50;2025-11-23;1;0.0
50;2025-11-23;2;0.0
50;2025-11-23;3;0.0
50;2025-11-23;4;0.0
50;2025-11-23;5;34.93
50;2025-11-23;6;154.46
50;2025-11-23;7;271.16
50;2025-11-23;8;409.77
50;2025-11-23;9;486.6
50;2025-11-23;10;527.77
50;2025-11-23;11;656.75
50;2025-11-23;12;702.24
50;2025-11-23;13;772.55
50;2025-11-23;14;798.37
50;2025-11-23;15;732.62
50;2025-11-23;16;745.68
50;2025-11-23;17;743.78
50;2025-11-23;18;702.61
50;2025-11-23;19;608.32
50;2025-11-23;20;515.88
50;2025-11-23;21;410.7
50;2025-11-23;22;246.88
50;2025-11-23;23;135.0
1;2025-11-24;0;0.0
1;2025-11-24;1;0.0
1;2025-11-24;2;0.0
1;2025-11-24;3;0.0
1;2025-11-24;4;0.0
1;2025-11-24;5;126.69
1;2025-11-24;6;522.07
1;2025-11-24;7;1299.89
1;2025-11-24;8;1667.66
1;2025-11-24;9;1302.04
1;2025-11-24;10;1152.24
1;2025-11-24;11;1193.46
1;2025-11-24;12;1213.22
1;2025-11-24;13;1201.19
1;2025-11-24;14;1144.04
1;2025-11-24;15;1281.6
1;2025-11-24;16;1313.63
1;2025-11-24;17;1572.97
1;2025-11-24;18;1659.64
1;2025-11-24;19;1304.02
1;2025-11-24;20;847.09
1;2025-11-24;21;470.25
1;2025-11-24;22;246.53
1;2025-11-24;23;41.07
5;2025-11-24;0;0.0
5;2025-11-24;1;0.0
5;2025-11-24;2;0.0
5;2025-11-24;3;0.0
5;2025-11-24;4;0.0
5;2025-11-24;5;0.0
5;2025-11-24;6;0.0
5;2025-11-24;7;0.0
5;2025-11-24;8;0.0
5;2025-11-24;9;0.0
5;2025-11-24;10;0.0
5;2025-11-24;11;0.0
5;2025-11-24;12;0.0
5;2025-11-24;13;0.0
5;2025-11-24;14;0.0
5;2025-11-24;15;0.0
5;2025-11-24;16;0.0
5;2025-11-24;17;0.0
5;2025-11-24;18;0.0
5;2025-11-24;19;0.0
5;2025-11-24;20;0.0
5;2025-11-24;21;0.0
5;2025-11-24;22;0.0
5;2025-11-24;23;0.0
7;2025-11-24;0;78.81
7;2025-11-24;1;0.0
7;2025-11-24;2;0.0
7;2025-11-24;3;0.0
7;2025-11-24;4;0.0
7;2025-11-24;5;210.73
7;2025-11-24;6;713.52
7;2025-11-24;7;1518.07
7;2025-11-24;8;2207.0
7;2025-11-24;9;1715.86
7;2025-11-24;10;1418.59
7;2025-11-24;11;1276.96
7;2025-11-24;12;1326.29
7;2025-11-24;13;1340.08
7;2025-11-24;14;1374.53
7;2025-11-24;15;1485.17
7;2025-11-24;16;1614.92
7;2025-11-24;17;2078.68
7;2025-11-24;18;2411.34
7;2025-11-24;19;1616.71
7;2025-11-24;20;1050.27
7;2025-11-24;21;581.23
7;2025-11-24;22;303.94
7;2025-11-24;23;185.2
11;2025-11-24;0;83.21
11;2025-11-24;1;0.0
11;2025-11-24;2;0.0
11;2025-11-24;3;0.0
11;2025-11-24;4;0.0
11;2025-11-24;5;302.63
11;2025-11-24;6;1331.86
11;2025-11-24;7;2170.61
11;2025-11-24;8;2863.0
11;2025-11-24;9;2235.13
11;2025-11-24;10;1677.58
11;2025-11-24;11;1715.91
11;2025-11-24;12;1657.11
11;2025-11-24;13;1771.29
11;2025-11-24;14;1756.65
11;2025-11-24;15;1878.58
11;2025-11-24;16;2110.85
11;2025-11-24;17;2639.5
11;2025-11-24;18;3026.71
11;2025-11-24;19;2282.36
11;2025-11-24;20;1573.39
11;2025-11-24;21;899.37
11;2025-11-24;22;465.47
11;2025-11-24;23;231.29
12;2025-11-24;0;73.73
12;2025-11-24;1;0.0
12;2025-11-24;2;0.0
12;2025-11-24;3;0.0
12;2025-11-24;4;0.0
12;2025-11-24;5;365.72
12;2025-11-24;6;1393.53
12;2025-11-24;7;2493.72
12;2025-11-24;8;3255.37
12;2025-11-24;9;2345.85
12;2025-11-24;10;1929.09
12;2025-11-24;11;1852.09
12;2025-11-24;12;1929.24
12;2025-11-24;13;1871.71
12;2025-11-24;14;1813.45
12;2025-11-24;15;2070.5
12;2025-11-24;16;2505.79
12;2025-11-24;17;2806.24
12;2025-11-24;18;3066.12
12;2025-11-24;19;2462.73
12;2025-11-24;20;1574.27
12;2025-11-24;21;932.06
12;2025-11-24;22;501.98
12;2025-11-24;23;253.65
17;2025-11-24;0;110.43
17;2025-11-24;1;0.0
17;2025-11-24;2;0.0
17;2025-11-24;3;0.0
17;2025-11-24;4;0.0
17;2025-11-24;5;304.17
17;2025-11-24;6;1439.17
17;2025-11-24;7;3695.49
17;2025-11-24;8;4948.97
17;2025-11-24;9;3554.19
17;2025-11-24;10;2758.61
17;2025-11-24;11;2737.34
17;2025-11-24;12;2798.46
17;2025-11-24;13;2855.64
17;2025-11-24;14;2841.64
17;2025-11-24;15;2990.9
17;2025-11-24;16;3366.65
17;2025-11-24;17;4264.61
17;2025-11-24;18;4919.07
17;2025-11-24;19;3488.84
17;2025-11-24;20;2391.54
17;2025-11-24;21;1490.51
17;2025-11-24;22;853.67
17;2025-11-24;23;359.04
25;2025-11-24;0;0.0
25;2025-11-24;1;0.0
25;2025-11-24;2;0.0
25;2025-11-24;3;0.0
25;2025-11-24;4;0.0
25;2025-11-24;5;3.89
25;2025-11-24;6;136.83
25;2025-11-24;7;445.29
25;2025-11-24;8;725.16
25;2025-11-24;9;384.35
25;2025-11-24;10;285.62
25;2025-11-24;11;305.42
25;2025-11-24;12;321.27
25;2025-11-24;13;398.84
25;2025-11-24;14;343.9
25;2025-11-24;15;408.54
25;2025-11-24;16;521.7
25;2025-11-24;17;578.8
25;2025-11-24;18;661.36
25;2025-11-24;19;403.66
25;2025-11-24;20;277.88
25;2025-11-24;21;190.7
25;2025-11-24;22;99.59
25;2025-11-24;23;12.6
26;2025-11-24;0;0.0
26;2025-11-24;1;0.0
26;2025-11-24;2;0.0
26;2025-11-24;3;0.0
26;2025-11-24;4;0.0
26;2025-11-24;5;76.36
26;2025-11-24;6;505.32
26;2025-11-24;7;935.71
26;2025-11-24;8;1771.24
26;2025-11-24;9;1290.77
26;2025-11-24;10;1079.59
26;2025-11-24;11;945.88
26;2025-11-24;12;988.94
26;2025-11-24;13;1034.81
26;2025-11-24;14;984.79
26;2025-11-24;15;1075.91
26;2025-11-24;16;1239.67
26;2025-11-24;17;1445.5
26;2025-11-24;18;1675.97
26;2025-11-24;19;1174.63
26;2025-11-24;20;729.36
26;2025-11-24;21;424.23
26;2025-11-24;22;228.13
26;2025-11-24;23;108.51
28;2025-11-24;0;0.0
28;2025-11-24;1;0.0
28;2025-11-24;2;0.0
28;2025-11-24;3;0.0
28;2025-11-24;4;0.0
28;2025-11-24;5;78.2
28;2025-11-24;6;252.96
28;2025-11-24;7;673.79
28;2025-11-24;8;1016.34
28;2025-11-24;9;766.63
28;2025-11-24;10;548.55
28;2025-11-24;11;506.59
28;2025-11-24;12;598.39
28;2025-11-24;13;625.31
28;2025-11-24;14;557.64
28;2025-11-24;15;585.73
28;2025-11-24;16;738.53
28;2025-11-24;17;847.87
28;2025-11-24;18;869.7
28;2025-11-24;19;679.99
28;2025-11-24;20;463.83
28;2025-11-24;21;290.88
28;2025-11-24;22;125.86
28;2025-11-24;23;17.33
50;2025-11-24;0;0.0
50;2025-11-24;1;0.0
50;2025-11-24;2;0.0
50;2025-11-24;3;0.0
50;2025-11-24;4;0.0
50;2025-11-24;5;74.22
50;2025-11-24;6;534.94
50;2025-11-24;7;1676.76
50;2025-11-24;8;2467.2
50;2025-11-24;9;1949.09
50;2025-11-24;10;1457.11
50;2025-11-24;11;1388.33
50;2025-11-24;12;1282.95
50;2025-11-24;13;1262.82
50;2025-11-24;14;1226.4
50;2025-11-24;15;1354.59
50;2025-11-24;16;1437.22
50;2025-11-24;17;2092.67
50;2025-11-24;18;2322.89
50;2025-11-24;19;1441.58
50;2025-11-24;20;891.51
50;2025-11-24;21;583.04
50;2025-11-24;22;294.18
50;2025-11-24;23;140.2
1;2025-11-25;0;0.0
1;2025-11-25;1;0.0
1;2025-11-25;2;0.0
1;2025-11-25;3;0.0
1;2025-11-25;4;0.0
1;2025-11-25;5;137.26
1;2025-11-25;6;535.18
1;2025-11-25;7;1364.52
1;2025-11-25;8;1724.69
1;2025-11-25;9;1422.51
1;2025-11-25;10;1293.36
1;2025-11-25;11;1290.16
1;2025-11-25;12;1276.3
1;2025-11-25;13;1290.22
1;2025-11-25;14;1170.68
1;2025-11-25;15;1299.17
1;2025-11-25;16;1311.77
1;2025-11-25;17;1530.97
1;2025-11-25;18;1647.01
1;2025-11-25;19;1318.18
1;2025-11-25;20;887.6
1;2025-11-25;21;478.51
1;2025-11-25;22;252.04
1;2025-11-25;23;48.23
5;2025-11-25;0;0.0
5;2025-11-25;1;0.0
5;2025-11-25;2;0.0
5;2025-11-25;3;0.0
5;2025-11-25;4;0.0
5;2025-11-25;5;0.0
5;2025-11-25;6;0.0
5;2025-11-25;7;0.0
5;2025-11-25;8;0.0
5;2025-11-25;9;0.0
5;2025-11-25;10;0.0
5;2025-11-25;11;0.0
5;2025-11-25;12;0.0
5;2025-11-25;13;0.0
5;2025-11-25;14;0.0
5;2025-11-25;15;0.0
5;2025-11-25;16;0.0
5;2025-11-25;17;0.0
5;2025-11-25;18;0.0
5;2025-11-25;19;0.0
5;2025-11-25;20;0.0
5;2025-11-25;21;0.0
5;2025-11-25;22;0.0
5;2025-11-25;23;0.0
7;2025-11-25;0;59.73
7;2025-11-25;1;0.0
7;2025-11-25;2;0.0
7;2025-11-25;3;0.0
7;2025-11-25;4;0.0
7;2025-11-25;5;213.22
7;2025-11-25;6;729.81
7;2025-11-25;7;1536.14
7;2025-11-25;8;2271.65
7;2025-11-25;9;1736.2
7;2025-11-25;10;1506.7
7;2025-11-25;11;1347.3
7;2025-11-25;12;1396.3
7;2025-11-25;13;1402.24
7;2025-11-25;14;1418.5
7;2025-11-25;15;1556.76
7;2025-11-25;16;1622.62
7;2025-11-25;17;2108.88
7;2025-11-25;18;2428.96
7;2025-11-25;19;1721.56
7;2025-11-25;20;1073.5
7;2025-11-25;21;642.3
7;2025-11-25;22;333.23
7;2025-11-25;23;185.08
11;2025-11-25;0;70.89
11;2025-11-25;1;0.0
11;2025-11-25;2;0.0
11;2025-11-25;3;0.0
11;2025-11-25;4;0.0
11;2025-11-25;5;293.55
11;2025-11-25;6;1331.42
11;2025-11-25;7;2225.1
11;2025-11-25;8;2915.29
11;2025-11-25;9;2311.19
11;2025-11-25;10;1756.68
11;2025-11-25;11;1729.45
11;2025-11-25;12;1724.22
11;2025-11-25;13;1850.84
11;2025-11-25;14;1859.89
11;2025-11-25;15;1942.26
11;2025-11-25;16;2151.5
11;2025-11-25;17;2699.62
11;2025-11-25;18;3023.34
11;2025-11-25;19;2288.76
11;2025-11-25;20;1561.49
11;2025-11-25;21;931.12
11;2025-11-25;22;472.4
11;2025-11-25;23;249.68
12;2025-11-25;0;0.0
12;2025-11-25;1;0.0
12;2025-11-25;2;0.0
12;2025-11-25;3;0.0
12;2025-11-25;4;0.0
12;2025-11-25;5;370.95
12;2025-11-25;6;1448.09
12;2025-11-25;7;2614.43
12;2025-11-25;8;3425.24
12;2025-11-25;9;2452.02
12;2025-11-25;10;2044.17
12;2025-11-25;11;1967.61
12;2025-11-25;12;1965.54
12;2025-11-25;13;1943.48
12;2025-11-25;14;1931.53
12;2025-11-25;15;2120.54
12;2025-11-25;16;2645.63
12;2025-11-25;17;2951.98
12;2025-11-25;18;3127.99
12;2025-11-25;19;2587.7
12;2025-11-25;20;1602.2
12;2025-11-25;21;969.56
12;2025-11-25;22;550.34
12;2025-11-25;23;258.86
17;2025-11-25;0;130.55
17;2025-11-25;1;0.0
17;2025-11-25;2;0.0
17;2025-11-25;3;0.0
17;2025-11-25;4;0.0
17;2025-11-25;5;309.94
17;2025-11-25;6;1476.45
17;2025-11-25;7;3787.27
17;2025-11-25;8;5058.64
17;2025-11-25;9;3695.55
17;2025-11-25;10;2877.61
17;2025-11-25;11;2784.88
17;2025-11-25;12;2837.38
17;2025-11-25;13;2860.81
17;2025-11-25;14;2920.2
17;2025-11-25;15;3021.55
17;2025-11-25;16;3440.29
17;2025-11-25;17;4332.48
17;2025-11-25;18;4916.22
17;2025-11-25;19;3566.92
17;2025-11-25;20;2484.54
17;2025-11-25;21;1568.2
17;2025-11-25;22;898.24
17;2025-11-25;23;384.1
25;2025-11-25;0;0.0
25;2025-11-25;1;0.0
25;2025-11-25;2;0.0
25;2025-11-25;3;0.0
25;2025-11-25;4;0.0
25;2025-11-25;5;4.29
25;2025-11-25;6;140.07
25;2025-11-25;7;464.92
25;2025-11-25;8;709.92
25;2025-11-25;9;421.67
25;2025-11-25;10;320.64
25;2025-11-25;11;351.84
25;2025-11-25;12;337.98
25;2025-11-25;13;383.13
25;2025-11-25;14;366.39
25;2025-11-25;15;447.77
25;2025-11-25;16;524.56
25;2025-11-25;17;565.67
25;2025-11-25;18;660.09
25;2025-11-25;19;452.19
25;2025-11-25;20;297.83
25;2025-11-25;21;190.99
25;2025-11-25;22;112.44
25;2025-11-25;23;12.18
26;2025-11-25;0;0.0
26;2025-11-25;1;0.0
26;2025-11-25;2;0.0
26;2025-11-25;3;64.11
26;2025-11-25;4;0.0
26;2025-11-25;5;83.46
26;2025-11-25;6;514.47
26;2025-11-25;7;987.22
26;2025-11-25;8;1819.01
26;2025-11-25;9;1352.13
26;2025-11-25;10;1083.48
26;2025-11-25;11;988.36
26;2025-11-25;12;1009.55
26;2025-11-25;13;1025.75
26;2025-11-25;14;1027.24
26;2025-11-25;15;1102.01
26;2025-11-25;16;1268.14
26;2025-11-25;17;1478.97
26;2025-11-25;18;1675.3
26;2025-11-25;19;1200.15
26;2025-11-25;20;766.39
26;2025-11-25;21;444.75
26;2025-11-25;22;238.51
26;2025-11-25;23;118.95
28;2025-11-25;0;0.0
28;2025-11-25;1;0.0
28;2025-11-25;2;0.0
28;2025-11-25;3;0.0
28;2025-11-25;4;0.0
28;2025-11-25;5;74.6
28;2025-11-25;6;249.5
28;2025-11-25;7;689.52
28;2025-11-25;8;1037.14
28;2025-11-25;9;801.54
28;2025-11-25;10;587.42
28;2025-11-25;11;524.86
28;2025-11-25;12;613.8
28;2025-11-25;13;655.02
28;2025-11-25;14;580.16
28;2025-11-25;15;576.79
28;2025-11-25;16;733.02
28;2025-11-25;17;849.87
28;2025-11-25;18;839.31
28;2025-11-25;19;685.68
28;2025-11-25;20;489.24
28;2025-11-25;21;306.1
28;2025-11-25;22;139.14
28;2025-11-25;23;18.46
50;2025-11-25;0;0.0
50;2025-11-25;1;0.0
50;2025-11-25;2;0.0
50;2025-11-25;3;0.0
50;2025-11-25;4;0.0
50;2025-11-25;5;77.52
50;2025-11-25;6;589.47
50;2025-11-25;7;1733.16
50;2025-11-25;8;2536.57
50;2025-11-25;9;1977.86
50;2025-11-25;10;1541.99
50;2025-11-25;11;1423.85
50;2025-11-25;12;1336.11
50;2025-11-25;13;1306.72
50;2025-11-25;14;1251.84
50;2025-11-25;15;1379.66
50;2025-11-25;16;1468.01
50;2025-11-25;17;2178.49
50;2025-11-25;18;2380.31
50;2025-11-25;19;1424.2
50;2025-11-25;20;934.38
50;2025-11-25;21;628.43
50;2025-11-25;22;310.95
50;2025-11-25;23;148.26
1;2025-11-26;0;0.0
1;2025-11-26;1;0.0
1;2025-11-26;2;0.0
1;2025-11-26;3;0.0
1;2025-11-26;4;0.0
1;2025-11-26;5;129.59
1;2025-11-26;6;504.27
1;2025-11-26;7;1288.05
1;2025-11-26;8;1726.19
1;2025-11-26;9;1381.0
1;2025-11-26;10;1231.17
1;2025-11-26;11;1255.62
1;2025-11-26;12;1262.02
1;2025-11-26;13;1290.06
1;2025-11-26;14;1203.66
1;2025-11-26;15;1308.87
1;2025-11-26;16;1315.42
1;2025-11-26;17;1569.82
1;2025-11-26;18;1648.11
1;2025-11-26;19;1286.74
1;2025-11-26;20;853.83
1;2025-11-26;21;477.75
1;2025-11-26;22;263.28
1;2025-11-26;23;48.33
5;2025-11-26;0;0.0
5;2025-11-26;1;0.0
5;2025-11-26;2;0.0
5;2025-11-26;3;0.0
5;2025-11-26;4;0.0
5;2025-11-26;5;0.0
5;2025-11-26;6;0.0
5;2025-11-26;7;0.0
5;2025-11-26;8;0.0
5;2025-11-26;9;0.0
5;2025-11-26;10;0.0
5;2025-11-26;11;0.0
5;2025-11-26;12;0.0
5;2025-11-26;13;0.0
5;2025-11-26;14;0.0
5;2025-11-26;15;0.0
5;2025-11-26;16;0.0
5;2025-11-26;17;0.0
5;2025-11-26;18;0.0
5;2025-11-26;19;0.0
5;2025-11-26;20;0.0
5;2025-11-26;21;0.0
5;2025-11-26;22;0.0
5;2025-11-26;23;0.0
7;2025-11-26;0;62.28
7;2025-11-26;1;0.0
7;2025-11-26;2;0.0
7;2025-11-26;3;0.0
7;2025-11-26;4;0.0
7;2025-11-26;5;213.19
7;2025-11-26;6;708.92
7;2025-11-26;7;1504.74
7;2025-11-26;8;2296.73
7;2025-11-26;9;1773.84
7;2025-11-26;10;1504.59
7;2025-11-26;11;1347.66
7;2025-11-26;12;1386.8
7;2025-11-26;13;1419.06
7;2025-11-26;14;1452.11
7;2025-11-26;15;1602.77
7;2025-11-26;16;1668.57
7;2025-11-26;17;2168.01
7;2025-11-26;18;2380.65
7;2025-11-26;19;1662.71
7;2025-11-26;20;1088.45
7;2025-11-26;21;651.37
7;2025-11-26;22;365.39
7;2025-11-26;23;206.01
11;2025-11-26;0;71.81
11;2025-11-26;1;0.0
11;2025-11-26;2;0.0
11;2025-11-26;3;0.0
11;2025-11-26;4;0.0
11;2025-11-26;5;300.75
11;2025-11-26;6;1280.4
11;2025-11-26;7;2163.72
11;2025-11-26;8;2895.59
11;2025-11-26;9;2219.26
11;2025-11-26;10;1763.99
11;2025-11-26;11;1766.8
11;2025-11-26;12;1804.73
11;2025-11-26;13;1876.57
11;2025-11-26;14;1818.43
11;2025-11-26;15;1922.76
11;2025-11-26;16;2068.7
11;2025-11-26;17;2652.2
11;2025-11-26;18;2942.34
11;2025-11-26;19;2273.93
11;2025-11-26;20;1561.6
11;2025-11-26;21;947.13
11;2025-11-26;22;492.73
11;2025-11-26;23;262.82
12;2025-11-26;0;61.63
12;2025-11-26;1;0.0
12;2025-11-26;2;0.0
12;2025-11-26;3;0.0
12;2025-11-26;4;0.0
12;2025-11-26;5;354.3
12;2025-11-26;6;1401.78
12;2025-11-26;7;2488.42
12;2025-11-26;8;3161.78
12;2025-11-26;9;2364.27
12;2025-11-26;10;1996.61
12;2025-11-26;11;1961.44
12;2025-11-26;12;1956.85
12;2025-11-26;13;1956.97
12;2025-11-26;14;1935.07
12;2025-11-26;15;2144.44
12;2025-11-26;16;2583.93
12;2025-11-26;17;2876.7
12;2025-11-26;18;3067.32
12;2025-11-26;19;2449.78
12;2025-11-26;20;1596.38
12;2025-11-26;21;1000.88
12;2025-11-26;22;549.17
12;2025-11-26;23;269.24
17;2025-11-26;0;139.57
17;2025-11-26;1;0.0
17;2025-11-26;2;0.0
17;2025-11-26;3;0.0
17;2025-11-26;4;0.0
17;2025-11-26;5;314.78
17;2025-11-26;6;1433.35
17;2025-11-26;7;3616.88
17;2025-11-26;8;4840.86
17;2025-11-26;9;3572.46
17;2025-11-26;10;2826.55
17;2025-11-26;11;2770.69
17;2025-11-26;12;2825.4
17;2025-11-26;13;2920.23
17;2025-11-26;14;2933.57
17;2025-11-26;15;3035.89
17;2025-11-26;16;3368.03
17;2025-11-26;17;4103.9
17;2025-11-26;18;4634.65
17;2025-11-26;19;3383.08
17;2025-11-26;20;2381.56
17;2025-11-26;21;1577.9
17;2025-11-26;22;930.8
17;2025-11-26;23;422.12
25;2025-11-26;0;0.0
25;2025-11-26;1;0.0
25;2025-11-26;2;0.0
25;2025-11-26;3;0.0
25;2025-11-26;4;0.0
25;2025-11-26;5;4.15
25;2025-11-26;6;142.88
25;2025-11-26;7;444.54
25;2025-11-26;8;733.13
25;2025-11-26;9;399.64
25;2025-11-26;10;314.87
25;2025-11-26;11;342.46
25;2025-11-26;12;357.8
25;2025-11-26;13;423.59
25;2025-11-26;14;385.03
25;2025-11-26;15;447.6
25;2025-11-26;16;528.36
25;2025-11-26;17;603.07
25;2025-11-26;18;668.43
25;2025-11-26;19;432.62
25;2025-11-26;20;318.71
25;2025-11-26;21;213.88
25;2025-11-26;22;121.15
25;2025-11-26;23;11.09
26;2025-11-26;0;0.0
26;2025-11-26;1;0.0
26;2025-11-26;2;0.0
26;2025-11-26;3;0.0
26;2025-11-26;4;0.0
26;2025-11-26;5;79.92
26;2025-11-26;6;482.16
26;2025-11-26;7;926.1
26;2025-11-26;8;1709.33
26;2025-11-26;9;1306.06
26;2025-11-26;10;1078.48
26;2025-11-26;11;972.47
26;2025-11-26;12;1011.41
26;2025-11-26;13;1034.66
26;2025-11-26;14;1046.11
26;2025-11-26;15;1080.41
26;2025-11-26;16;1217.6
26;2025-11-26;17;1423.03
26;2025-11-26;18;1601.68
26;2025-11-26;19;1149.39
26;2025-11-26;20;729.7
26;2025-11-26;21;460.78
26;2025-11-26;22;252.31
26;2025-11-26;23;130.46
28;2025-11-26;0;0.0
28;2025-11-26;1;0.0
28;2025-11-26;2;0.0
28;2025-11-26;3;0.0
28;2025-11-26;4;0.0
28;2025-11-26;5;84.93
28;2025-11-26;6;250.43
28;2025-11-26;7;666.32
28;2025-11-26;8;1019.55
28;2025-11-26;9;730.08
28;2025-11-26;10;542.94
28;2025-11-26;11;545.09
28;2025-11-26;12;602.34
28;2025-11-26;13;635.3
28;2025-11-26;14;565.33
28;2025-11-26;15;611.65
28;2025-11-26;16;727.55
28;2025-11-26;17;821.41
28;2025-11-26;18;848.87
28;2025-11-26;19;657.72
28;2025-11-26;20;468.44
28;2025-11-26;21;315.36
28;2025-11-26;22;149.47
28;2025-11-26;23;18.66
50;2025-11-26;0;0.0
50;2025-11-26;1;0.0
50;2025-11-26;2;0.0
50;2025-11-26;3;0.0
50;2025-11-26;4;0.0
50;2025-11-26;5;79.44
50;2025-11-26;6;541.16
50;2025-11-26;7;1624.88
50;2025-11-26;8;2412.63
50;2025-11-26;9;1951.25
50;2025-11-26;10;1464.91
50;2025-11-26;11;1395.45
50;2025-11-26;12;1303.58
50;2025-11-26;13;1313.2
50;2025-11-26;14;1285.56
50;2025-11-26;15;1389.32
50;2025-11-26;16;1546.17
50;2025-11-26;17;2080.89
50;2025-11-26;18;2194.7
50;2025-11-26;19;1418.01
50;2025-11-26;20;879.82
50;2025-11-26;21;614.9
50;2025-11-26;22;325.38
50;2025-11-26;23;151.77
1;2025-11-27;0;0.0
1;2025-11-27;1;0.0
1;2025-11-27;2;0.0
1;2025-11-27;3;0.0
1;2025-11-27;4;0.0
1;2025-11-27;5;117.69
1;2025-11-27;6;497.59
1;2025-11-27;7;1244.92
1;2025-11-27;8;1618.39
1;2025-11-27;9;1319.43
1;2025-11-27;10;1246.44
1;2025-11-27;11;1223.43
1;2025-11-27;12;1257.31
1;2025-11-27;13;1231.95
1;2025-11-27;14;1188.1
1;2025-11-27;15;1258.45
1;2025-11-27;16;1301.72
1;2025-11-27;17;1511.66
1;2025-11-27;18;1609.72
1;2025-11-27;19;1255.83
1;2025-11-27;20;834.96
1;2025-11-27;21;490.17
1;2025-11-27;22;257.49
1;2025-11-27;23;56.01
5;2025-11-27;0;0.0
5;2025-11-27;1;0.0
5;2025-11-27;2;0.0
5;2025-11-27;3;0.0
5;2025-11-27;4;0.0
5;2025-11-27;5;0.0
5;2025-11-27;6;0.0
5;2025-11-27;7;0.0
5;2025-11-27;8;0.0
5;2025-11-27;9;0.0
5;2025-11-27;10;0.0
5;2025-11-27;11;0.0
5;2025-11-27;12;0.0
5;2025-11-27;13;0.0
5;2025-11-27;14;0.0
5;2025-11-27;15;0.0
5;2025-11-27;16;0.0
5;2025-11-27;17;0.0
5;2025-11-27;18;0.0
5;2025-11-27;19;0.0
5;2025-11-27;20;0.0
5;2025-11-27;21;0.0
5;2025-11-27;22;0.0
5;2025-11-27;23;0.0
7;2025-11-27;0;73.31
7;2025-11-27;1;0.0
7;2025-11-27;2;0.0
7;2025-11-27;3;0.0
7;2025-11-27;4;0.0
7;2025-11-27;5;198.67
7;2025-11-27;6;704.57
7;2025-11-27;7;1448.78
7;2025-11-27;8;2170.99
7;2025-11-27;9;1674.17
7;2025-11-27;10;1405.04
7;2025-11-27;11;1321.27
7;2025-11-27;12;1376.05
7;2025-11-27;13;1397.5
7;2025-11-27;14;1431.46
7;2025-11-27;15;1482.12
7;2025-11-27;16;1638.59
7;2025-11-27;17;2040.03
7;2025-11-27;18;2398.44
7;2025-11-27;19;1645.77
7;2025-11-27;20;1054.49
7;2025-11-27;21;659.88
7;2025-11-27;22;352.31
7;2025-11-27;23;202.77
11;2025-11-27;0;76.12
11;2025-11-27;1;0.0
11;2025-11-27;2;0.0
11;2025-11-27;3;0.0
11;2025-11-27;4;0.0
11;2025-11-27;5;301.55
11;2025-11-27;6;1275.63
11;2025-11-27;7;2096.54
11;2025-11-27;8;2675.48
11;2025-11-27;9;2247.96
11;2025-11-27;10;1762.63
11;2025-11-27;11;1719.76
11;2025-11-27;12;1729.71
11;2025-11-27;13;1866.82
11;2025-11-27;14;1826.44
11;2025-11-27;15;1922.68
11;2025-11-27;16;2083.93
11;2025-11-27;17;2587.16
11;2025-11-27;18;2872.87
11;2025-11-27;19;2206.25
11;2025-11-27;20;1510.6
11;2025-11-27;21;943.92
11;2025-11-27;22;506.64
11;2025-11-27;23;274.09
12;2025-11-27;0;58.47
12;2025-11-27;1;0.0
12;2025-11-27;2;0.0
12;2025-11-27;3;0.0
12;2025-11-27;4;0.0
12;2025-11-27;5;345.36
12;2025-11-27;6;1322.03
12;2025-11-27;7;2376.52
12;2025-11-27;8;3041.77
12;2025-11-27;9;2215.42
12;2025-11-27;10;1894.21
12;2025-11-27;11;1884.15
12;2025-11-27;12;1933.12
12;2025-11-27;13;1883.48
12;2025-11-27;14;1860.5
12;2025-11-27;15;2032.89
12;2025-11-27;16;2494.21
12;2025-11-27;17;2761.99
12;2025-11-27;18;2958.46
12;2025-11-27;19;2396.81
12;2025-11-27;20;1567.53
12;2025-11-27;21;966.09
12;2025-11-27;22;550.95
12;2025-11-27;23;282.95
17;2025-11-27;0;147.98
17;2025-11-27;1;0.0
17;2025-11-27;2;0.0
17;2025-11-27;3;0.0
17;2025-11-27;4;0.0
17;2025-11-27;5;298.52
17;2025-11-27;6;1387.1
17;2025-11-27;7;3451.87
17;2025-11-27;8;4635.04
17;2025-11-27;9;3449.75
17;2025-11-27;10;2769.12
17;2025-11-27;11;2735.69
17;2025-11-27;12;2845.27
17;2025-11-27;13;2905.53
17;2025-11-27;14;2931.09
17;2025-11-27;15;3026.3
17;2025-11-27;16;3429.21
17;2025-11-27;17;4133.11
17;2025-11-27;18;4681.52
17;2025-11-27;19;3444.67
17;2025-11-27;20;2454.19
17;2025-11-27;21;1628.78
17;2025-11-27;22;979.85
17;2025-11-27;23;443.05
25;2025-11-27;0;0.0
25;2025-11-27;1;0.0
25;2025-11-27;2;0.0
25;2025-11-27;3;0.0
25;2025-11-27;4;0.0
25;2025-11-27;5;4.6
25;2025-11-27;6;128.07
25;2025-11-27;7;412.6
25;2025-11-27;8;701.86
25;2025-11-27;9;383.77
25;2025-11-27;10;311.31
25;2025-11-27;11;320.17
25;2025-11-27;12;336.6
25;2025-11-27;13;377.68
25;2025-11-27;14;379.11
25;2025-11-27;15;437.19
25;2025-11-27;16;523.9
25;2025-11-27;17;594.74
25;2025-11-27;18;650.01
25;2025-11-27;19;429.06
25;2025-11-27;20;300.93
25;2025-11-27;21;212.65
25;2025-11-27;22;128.24
25;2025-11-27;23;15.17
26;2025-11-27;0;0.0
26;2025-11-27;1;0.0
26;2025-11-27;2;0.0
26;2025-11-27;3;0.0
26;2025-11-27;4;0.0
26;2025-11-27;5;77.35
26;2025-11-27;6;485.31
26;2025-11-27;7;913.83
26;2025-11-27;8;1657.51
26;2025-11-27;9;1241.42
26;2025-11-27;10;1033.84
26;2025-11-27;11;971.82
26;2025-11-27;12;985.73
26;2025-11-27;13;985.76
26;2025-11-27;14;1000.9
26;2025-11-27;15;1074.5
26;2025-11-27;16;1221.92
26;2025-11-27;17;1410.65
26;2025-11-27;18;1617.58
26;2025-11-27;19;1148.88
26;2025-11-27;20;731.89
26;2025-11-27;21;462.85
26;2025-11-27;22;252.65
26;2025-11-27;23;133.13
28;2025-11-27;0;0.0
28;2025-11-27;1;0.0
28;2025-11-27;2;0.0
28;2025-11-27;3;0.0
28;2025-11-27;4;0.0
28;2025-11-27;5;75.99
28;2025-11-27;6;245.61
28;2025-11-27;7;651.87
28;2025-11-27;8;966.06
28;2025-11-27;9;742.66
28;2025-11-27;10;543.57
28;2025-11-27;11;504.64
28;2025-11-27;12;600.59
28;2025-11-27;13;617.67
28;2025-11-27;14;556.5
28;2025-11-27;15;577.77
28;2025-11-27;16;692.24
28;2025-11-27;17;819.14
28;2025-11-27;18;830.95
28;2025-11-27;19;637.08
28;2025-11-27;20;476.92
28;2025-11-27;21;315.19
28;2025-11-27;22;144.25
28;2025-11-27;23;19.98
50;2025-11-27;0;0.0
50;2025-11-27;1;0.0
50;2025-11-27;2;0.0
50;2025-11-27;3;0.0
50;2025-11-27;4;0.0
50;2025-11-27;5;81.89
50;2025-11-27;6;531.8
50;2025-11-27;7;1622.86
50;2025-11-27;8;2322.03
50;2025-11-27;9;1850.9
50;2025-11-27;10;1433.78
50;2025-11-27;11;1366.51
50;2025-11-27;12;1264.11
50;2025-11-27;13;1244.96
50;2025-11-27;14;1178.68
50;2025-11-27;15;1310.67
50;2025-11-27;16;1501.4
50;2025-11-27;17;2025.34
50;2025-11-27;18;2237.6
50;2025-11-27;19;1416.42
50;2025-11-27;20;929.65
50;2025-11-27;21;664.27
50;2025-11-27;22;330.29
50;2025-11-27;23;179.35
1;2025-11-28;0;0.0
1;2025-11-28;1;0.0
1;2025-11-28;2;0.0
1;2025-11-28;3;0.0
1;2025-11-28;4;0.0
1;2025-11-28;5;120.75
1;2025-11-28;6;475.08
1;2025-11-28;7;1238.35
1;2025-11-28;8;1590.62
1;2025-11-28;9;1278.34
1;2025-11-28;10;1170.94
1;2025-11-28;11;1223.61
1;2025-11-28;12;1220.87
1;2025-11-28;13;1240.71
1;2025-11-28;14;1172.6
1;2025-11-28;15;1304.02
1;2025-11-28;16;1351.27
1;2025-11-28;17;1485.08
1;2025-11-28;18;1383.58
1;2025-11-28;19;1065.78
1;2025-11-28;20;762.29
1;2025-11-28;21;486.07
1;2025-11-28;22;261.09
1;2025-11-28;23;62.9
5;2025-11-28;0;0.0
5;2025-11-28;1;0.0
5;2025-11-28;2;0.0
5;2025-11-28;3;0.0
5;2025-11-28;4;0.0
5;2025-11-28;5;0.0
5;2025-11-28;6;0.0
5;2025-11-28;7;0.0
5;2025-11-28;8;0.0
5;2025-11-28;9;0.0
5;2025-11-28;10;0.0
5;2025-11-28;11;0.0
5;2025-11-28;12;0.0
5;2025-11-28;13;0.0
5;2025-11-28;14;0.0
5;2025-11-28;15;0.0
5;2025-11-28;16;0.0
5;2025-11-28;17;0.0
5;2025-11-28;18;0.0
5;2025-11-28;19;0.0
5;2025-11-28;20;0.0
5;2025-11-28;21;0.0
5;2025-11-28;22;0.0
5;2025-11-28;23;0.0
7;2025-11-28;0;72.19
7;2025-11-28;1;0.0
7;2025-11-28;2;0.0
7;2025-11-28;3;0.0
7;2025-11-28;4;0.0
7;2025-11-28;5;192.34
7;2025-11-28;6;631.69
7;2025-11-28;7;1410.57
7;2025-11-28;8;2009.6
7;2025-11-28;9;1597.2
7;2025-11-28;10;1359.23
7;2025-11-28;11;1362.97
7;2025-11-28;12;1432.22
7;2025-11-28;13;1513.99
7;2025-11-28;14;1550.25
7;2025-11-28;15;1610.04
7;2025-11-28;16;1820.0
7;2025-11-28;17;1997.88
7;2025-11-28;18;1865.27
7;2025-11-28;19;1467.13
7;2025-11-28;20;1001.12
7;2025-11-28;21;641.21
7;2025-11-28;22;377.56
7;2025-11-28;23;231.13
11;2025-11-28;0;81.81
11;2025-11-28;1;0.0
11;2025-11-28;2;0.0
11;2025-11-28;3;0.0
11;2025-11-28;4;0.0
11;2025-11-28;5;291.55
11;2025-11-28;6;1244.75
11;2025-11-28;7;1985.12
11;2025-11-28;8;2581.0
11;2025-11-28;9;2126.03
11;2025-11-28;10;1717.62
11;2025-11-28;11;1728.32
11;2025-11-28;12;1777.26
11;2025-11-28;13;1841.09
11;2025-11-28;14;1897.06
11;2025-11-28;15;2043.78
11;2025-11-28;16;2267.91
11;2025-11-28;17;2641.94
11;2025-11-28;18;2414.66
11;2025-11-28;19;2041.2
11;2025-11-28;20;1472.44
11;2025-11-28;21;948.49
11;2025-11-28;22;515.8
11;2025-11-28;23;302.1
12;2025-11-28;0;66.88
12;2025-11-28;1;0.0
12;2025-11-28;2;0.0
12;2025-11-28;3;0.0
12;2025-11-28;4;0.0
12;2025-11-28;5;340.1
12;2025-11-28;6;1311.74
12;2025-11-28;7;2323.2
12;2025-11-28;8;3010.0
12;2025-11-28;9;2159.7
12;2025-11-28;10;1863.83
12;2025-11-28;11;1917.91
12;2025-11-28;12;1899.79
12;2025-11-28;13;1876.4
12;2025-11-28;14;1931.62
12;2025-11-28;15;2248.28
12;2025-11-28;16;2753.63
12;2025-11-28;17;2735.36
12;2025-11-28;18;2466.47
12;2025-11-28;19;2147.45
12;2025-11-28;20;1486.67
12;2025-11-28;21;1006.34
12;2025-11-28;22;572.5
12;2025-11-28;23;309.99
17;2025-11-28;0;161.61
17;2025-11-28;1;0.0
17;2025-11-28;2;0.0
17;2025-11-28;3;0.0
17;2025-11-28;4;0.0
17;2025-11-28;5;294.04
17;2025-11-28;6;1342.71
17;2025-11-28;7;3374.25
17;2025-11-28;8;4493.02
17;2025-11-28;9;3358.4
17;2025-11-28;10;2723.35
17;2025-11-28;11;2768.24
17;2025-11-28;12;2866.16
17;2025-11-28;13;2958.68
17;2025-11-28;14;3033.23
17;2025-11-28;15;3319.0
17;2025-11-28;16;3815.94
17;2025-11-28;17;4191.05
17;2025-11-28;18;4101.36
17;2025-11-28;19;3088.13
17;2025-11-28;20;2353.67
17;2025-11-28;21;1630.93
17;2025-11-28;22;1001.49
17;2025-11-28;23;486.34
25;2025-11-28;0;0.0
25;2025-11-28;1;0.0
25;2025-11-28;2;0.0
25;2025-11-28;3;0.0
25;2025-11-28;4;0.0
25;2025-11-28;5;4.69
25;2025-11-28;6;132.11
25;2025-11-28;7;409.6
25;2025-11-28;8;663.84
25;2025-11-28;9;386.71
25;2025-11-28;10;302.02
25;2025-11-28;11;330.38
25;2025-11-28;12;348.1
25;2025-11-28;13;409.23
25;2025-11-28;14;420.98
25;2025-11-28;15;493.33
25;2025-11-28;16;570.09
25;2025-11-28;17;597.82
25;2025-11-28;18;515.01
25;2025-11-28;19;390.95
25;2025-11-28;20;288.76
25;2025-11-28;21;213.1
25;2025-11-28;22;134.47
25;2025-11-28;23;18.53
26;2025-11-28;0;0.0
26;2025-11-28;1;0.0
26;2025-11-28;2;0.0
26;2025-11-28;3;0.0
26;2025-11-28;4;0.0
26;2025-11-28;5;75.03
26;2025-11-28;6;473.5
26;2025-11-28;7;865.87
26;2025-11-28;8;1570.61
26;2025-11-28;9;1197.83
26;2025-11-28;10;994.34
26;2025-11-28;11;918.43
26;2025-11-28;12;987.55
26;2025-11-28;13;1025.12
26;2025-11-28;14;1010.92
26;2025-11-28;15;1128.15
26;2025-11-28;16;1354.73
26;2025-11-28;17;1411.53
26;2025-11-28;18;1217.23
26;2025-11-28;19;968.61
26;2025-11-28;20;680.12
26;2025-11-28;21;431.64
26;2025-11-28;22;251.37
26;2025-11-28;23;152.49
28;2025-11-28;0;0.0
28;2025-11-28;1;0.0
28;2025-11-28;2;0.0
28;2025-11-28;3;0.0
28;2025-11-28;4;0.0
28;2025-11-28;5;72.84
28;2025-11-28;6;228.33
28;2025-11-28;7;616.01
28;2025-11-28;8;920.71
28;2025-11-28;9;693.55
28;2025-11-28;10;527.83
28;2025-11-28;11;516.31
28;2025-11-28;12;590.33
28;2025-11-28;13;611.08
28;2025-11-28;14;584.11
28;2025-11-28;15;607.33
28;2025-11-28;16;774.08
28;2025-11-28;17;810.8
28;2025-11-28;18;703.19
28;2025-11-28;19;572.73
28;2025-11-28;20;445.33
28;2025-11-28;21;300.45
28;2025-11-28;22;146.83
28;2025-11-28;23;19.24
50;2025-11-28;0;0.0
50;2025-11-28;1;0.0
50;2025-11-28;2;0.0
50;2025-11-28;3;0.0
50;2025-11-28;4;0.0
50;2025-11-28;5;77.35
50;2025-11-28;6;531.86
50;2025-11-28;7;1499.3
50;2025-11-28;8;2253.65
50;2025-11-28;9;1713.51
50;2025-11-28;10;1381.43
50;2025-11-28;11;1367.62
50;2025-11-28;12;1322.42
50;2025-11-28;13;1288.85
50;2025-11-28;14;1220.98
50;2025-11-28;15;1494.3
50;2025-11-28;16;1720.35
50;2025-11-28;17;1849.51
50;2025-11-28;18;1607.85
50;2025-11-28;19;1137.57
50;2025-11-28;20;792.24
50;2025-11-28;21;572.4
50;2025-11-28;22;331.4
50;2025-11-28;23;186.87
1;2025-11-29;0;0.0
1;2025-11-29;1;0.0
1;2025-11-29;2;0.0
1;2025-11-29;3;0.0
1;2025-11-29;4;0.0
1;2025-11-29;5;35.54
1;2025-11-29;6;170.83
1;2025-11-29;7;324.96
1;2025-11-29;8;435.5
1;2025-11-29;9;683.53
1;2025-11-29;10;771.16
1;2025-11-29;11;720.93
1;2025-11-29;12;886.61
1;2025-11-29;13;889.78
1;2025-11-29;14;824.75
1;2025-11-29;15;737.68
1;2025-11-29;16;683.91
1;2025-11-29;17;653.4
1;2025-11-29;18;599.78
1;2025-11-29;19;549.03
1;2025-11-29;20;414.12
1;2025-11-29;21;303.79
1;2025-11-29;22;149.92
1;2025-11-29;23;41.35
5;2025-11-29;0;0.0
5;2025-11-29;1;0.0
5;2025-11-29;2;0.0
5;2025-11-29;3;0.0
5;2025-11-29;4;0.0
5;2025-11-29;5;0.0
5;2025-11-29;6;0.0
5;2025-11-29;7;0.0
5;2025-11-29;8;0.0
5;2025-11-29;9;0.0
5;2025-11-29;10;0.0
5;2025-11-29;11;0.0
5;2025-11-29;12;0.0
5;2025-11-29;13;0.0
5;2025-11-29;14;0.0
5;2025-11-29;15;0.0
5;2025-11-29;16;0.0
5;2025-11-29;17;0.0
5;2025-11-29;18;0.0
5;2025-11-29;19;0.0
5;2025-11-29;20;0.0
5;2025-11-29;21;0.0
5;2025-11-29;22;0.0
5;2025-11-29;23;0.0
7;2025-11-29;0;99.53
7;2025-11-29;1;0.0
7;2025-11-29;2;0.0
7;2025-11-29;3;0.0
7;2025-11-29;4;0.0
7;2025-11-29;5;61.06
7;2025-11-29;6;308.28
7;2025-11-29;7;483.39
7;2025-11-29;8;738.67
7;2025-11-29;9;828.78
7;2025-11-29;10;901.77
7;2025-11-29;11;1054.26
7;2025-11-29;12;1156.14
7;2025-11-29;13;1207.86
7;2025-11-29;14;1252.7
7;2025-11-29;15;1159.47
7;2025-11-29;16;1110.75
7;2025-11-29;17;1078.97
7;2025-11-29;18;1058.62
7;2025-11-29;19;1048.42
7;2025-11-29;20;783.15
7;2025-11-29;21;642.56
7;2025-11-29;22;347.36
7;2025-11-29;23;220.29
11;2025-11-29;0;103.5
11;2025-11-29;1;0.0
11;2025-11-29;2;0.0
11;2025-11-29;3;0.0
11;2025-11-29;4;0.0
11;2025-11-29;5;215.52
11;2025-11-29;6;768.96
11;2025-11-29;7;684.4
11;2025-11-29;8;913.31
11;2025-11-29;9;1092.72
11;2025-11-29;10;1172.48
11;2025-11-29;11;1558.42
11;2025-11-29;12;1700.13
11;2025-11-29;13;1611.93
11;2025-11-29;14;1627.4
11;2025-11-29;15;1660.56
11;2025-11-29;16;1688.83
11;2025-11-29;17;1707.5
11;2025-11-29;18;1517.57
11;2025-11-29;19;1441.1
11;2025-11-29;20;1166.99
11;2025-11-29;21;815.48
11;2025-11-29;22;470.47
11;2025-11-29;23;326.04
12;2025-11-29;0;89.1
12;2025-11-29;1;0.0
12;2025-11-29;2;0.0
12;2025-11-29;3;0.0
12;2025-11-29;4;0.0
12;2025-11-29;5;273.68
12;2025-11-29;6;846.59
12;2025-11-29;7;882.28
12;2025-11-29;8;941.42
12;2025-11-29;9;1089.07
12;2025-11-29;10;1313.52
12;2025-11-29;11;1417.45
12;2025-11-29;12;1375.85
12;2025-11-29;13;1622.34
12;2025-11-29;14;1519.32
12;2025-11-29;15;1408.33
12;2025-11-29;16;1459.45
12;2025-11-29;17;1416.92
12;2025-11-29;18;1376.67
12;2025-11-29;19;1398.27
12;2025-11-29;20;1012.25
12;2025-11-29;21;699.08
12;2025-11-29;22;447.53
12;2025-11-29;23;281.75
17;2025-11-29;0;201.96
17;2025-11-29;1;0.0
17;2025-11-29;2;0.0
17;2025-11-29;3;0.0
17;2025-11-29;4;0.0
17;2025-11-29;5;118.43
17;2025-11-29;6;504.64
17;2025-11-29;7;1032.09
17;2025-11-29;8;1481.87
17;2025-11-29;9;1834.84
17;2025-11-29;10;2051.61
17;2025-11-29;11;2414.5
17;2025-11-29;12;2676.69
17;2025-11-29;13;2848.54
17;2025-11-29;14;2901.1
17;2025-11-29;15;2939.59
17;2025-11-29;16;2912.94
17;2025-11-29;17;2859.64
17;2025-11-29;18;2638.41
17;2025-11-29;19;2277.32
17;2025-11-29;20;1835.22
17;2025-11-29;21;1357.29
17;2025-11-29;22;897.9
17;2025-11-29;23;465.59
25;2025-11-29;0;0.0
25;2025-11-29;1;0.0
25;2025-11-29;2;0.0
25;2025-11-29;3;0.0
25;2025-11-29;4;0.0
25;2025-11-29;5;1.92
25;2025-11-29;6;49.55
25;2025-11-29;7;121.57
25;2025-11-29;8;244.25
25;2025-11-29;9;240.58
25;2025-11-29;10;237.72
25;2025-11-29;11;313.61
25;2025-11-29;12;332.9
25;2025-11-29;13;420.0
25;2025-11-29;14;452.36
25;2025-11-29;15;524.07
25;2025-11-29;16;467.09
25;2025-11-29;17;407.1
25;2025-11-29;18;409.26
25;2025-11-29;19;363.19
25;2025-11-29;20;249.13
25;2025-11-29;21;219.04
25;2025-11-29;22;136.82
25;2025-11-29;23;55.58
26;2025-11-29;0;0.0
26;2025-11-29;1;0.0
26;2025-11-29;2;0.0
26;2025-11-29;3;0.0
26;2025-11-29;4;0.0
26;2025-11-29;5;44.41
26;2025-11-29;6;266.99
26;2025-11-29;7;344.12
26;2025-11-29;8;504.48
26;2025-11-29;9;620.49
26;2025-11-29;10;714.71
26;2025-11-29;11;868.34
26;2025-11-29;12;894.41
26;2025-11-29;13;905.34
26;2025-11-29;14;896.88
26;2025-11-29;15;829.92
26;2025-11-29;16;836.99
26;2025-11-29;17;814.44
26;2025-11-29;18;796.04
26;2025-11-29;19;759.15
26;2025-11-29;20;536.91
26;2025-11-29;21;364.11
26;2025-11-29;22;234.14
26;2025-11-29;23;142.36
28;2025-11-29;0;0.0
28;2025-11-29;1;0.0
28;2025-11-29;2;0.0
28;2025-11-29;3;0.0
28;2025-11-29;4;0.0
28;2025-11-29;5;36.84
28;2025-11-29;6;97.44
28;2025-11-29;7;201.75
28;2025-11-29;8;312.38
28;2025-11-29;9;408.04
28;2025-11-29;10;421.8
28;2025-11-29;11;432.86
28;2025-11-29;12;501.09
28;2025-11-29;13;529.9
28;2025-11-29;14;529.64
28;2025-11-29;15;515.28
28;2025-11-29;16;484.55
28;2025-11-29;17;496.47
28;2025-11-29;18;444.85
28;2025-11-29;19;389.69
28;2025-11-29;20;307.76
28;2025-11-29;21;278.52
28;2025-11-29;22;138.72
28;2025-11-29;23;24.37
50;2025-11-29;0;70.82
50;2025-11-29;1;0.0
50;2025-11-29;2;0.0
50;2025-11-29;3;0.0
50;2025-11-29;4;0.0
50;2025-11-29;5;49.23
50;2025-11-29;6;217.14
50;2025-11-29;7;425.74
50;2025-11-29;8;608.63
50;2025-11-29;9;659.17
50;2025-11-29;10;655.48
50;2025-11-29;11;795.75
50;2025-11-29;12;814.57
50;2025-11-29;13;851.37
50;2025-11-29;14;853.41
50;2025-11-29;15;812.58
50;2025-11-29;16;796.69
50;2025-11-29;17;805.49
50;2025-11-29;18;749.19
50;2025-11-29;19;673.47
50;2025-11-29;20;540.11
50;2025-11-29;21;437.83
50;2025-11-29;22;253.74
50;2025-11-29;23;174.47
1;2025-11-30;0;0.0
1;2025-11-30;1;0.0
1;2025-11-30;2;0.0
1;2025-11-30;3;0.0
1;2025-11-30;4;0.0
1;2025-11-30;5;28.12
1;2025-11-30;6;129.38
1;2025-11-30;7;255.42
1;2025-11-30;8;355.49
1;2025-11-30;9;574.04
1;2025-11-30;10;679.64
1;2025-11-30;11;675.91
1;2025-11-30;12;807.22
1;2025-11-30;13;844.76
1;2025-11-30;14;743.73
1;2025-11-30;15;680.01
1;2025-11-30;16;627.78
1;2025-11-30;17;586.37
1;2025-11-30;18;542.75
1;2025-11-30;19;469.38
1;2025-11-30;20;367.94
1;2025-11-30;21;279.59
1;2025-11-30;22;121.07
1;2025-11-30;23;35.25
5;2025-11-30;0;0.0
5;2025-11-30;1;0.0
5;2025-11-30;2;0.0
5;2025-11-30;3;0.0
5;2025-11-30;4;0.0
5;2025-11-30;5;0.0
5;2025-11-30;6;0.0
5;2025-11-30;7;0.0
5;2025-11-30;8;0.0
5;2025-11-30;9;0.0
5;2025-11-30;10;0.0
5;2025-11-30;11;0.0
5;2025-11-30;12;0.0
5;2025-11-30;13;0.0
5;2025-11-30;14;0.0
5;2025-11-30;15;0.0
5;2025-11-30;16;0.0
5;2025-11-30;17;0.0
5;2025-11-30;18;0.0
5;2025-11-30;19;0.0
5;2025-11-30;20;0.0
5;2025-11-30;21;0.0
5;2025-11-30;22;0.0
5;2025-11-30;23;0.0
7;2025-11-30;0;111.75
7;2025-11-30;1;0.0
7;2025-11-30;2;0.0
7;2025-11-30;3;80.41
7;2025-11-30;4;0.0
7;2025-11-30;5;43.59
7;2025-11-30;6;210.69
7;2025-11-30;7;326.69
7;2025-11-30;8;532.46
7;2025-11-30;9;645.3
7;2025-11-30;10;719.62
7;2025-11-30;11;901.47
7;2025-11-30;12;984.04
7;2025-11-30;13;1035.73
7;2025-11-30;14;1110.13
7;2025-11-30;15;1062.89
7;2025-11-30;16;977.08
7;2025-11-30;17;1032.34
7;2025-11-30;18;932.75
7;2025-11-30;19;818.94
7;2025-11-30;20;676.52
7;2025-11-30;21;541.62
7;2025-11-30;22;313.84
7;2025-11-30;23;185.3
11;2025-11-30;0;111.94
11;2025-11-30;1;0.0
11;2025-11-30;2;0.0
11;2025-11-30;3;64.76
11;2025-11-30;4;0.0
11;2025-11-30;5;130.01
11;2025-11-30;6;517.25
11;2025-11-30;7;523.9
11;2025-11-30;8;666.79
11;2025-11-30;9;901.57
11;2025-11-30;10;1021.95
11;2025-11-30;11;1399.39
11;2025-11-30;12;1536.07
11;2025-11-30;13;1449.34
11;2025-11-30;14;1511.21
11;2025-11-30;15;1587.76
11;2025-11-30;16;1538.67
11;2025-11-30;17;1610.63
11;2025-11-30;18;1371.63
11;2025-11-30;19;1170.22
11;2025-11-30;20;988.35
11;2025-11-30;21;714.7
11;2025-11-30;22;414.94
11;2025-11-30;23;260.91
12;2025-11-30;0;91.73
12;2025-11-30;1;0.0
12;2025-11-30;2;0.0
12;2025-11-30;3;0.0
12;2025-11-30;4;0.0
12;2025-11-30;5;179.69
12;2025-11-30;6;546.69
12;2025-11-30;7;618.74
12;2025-11-30;8;733.19
12;2025-11-30;9;911.78
12;2025-11-30;10;1119.8
12;2025-11-30;11;1241.67
12;2025-11-30;12;1292.33
12;2025-11-30;13;1491.96
12;2025-11-30;14;1435.07
12;2025-11-30;15;1297.42
12;2025-11-30;16;1416.54
12;2025-11-30;17;1493.31
12;2025-11-30;18;1246.35
12;2025-11-30;19;1021.75
12;2025-11-30;20;790.84
12;2025-11-30;21;622.95
12;2025-11-30;22;412.33
12;2025-11-30;23;233.72
17;2025-11-30;0;192.34
17;2025-11-30;1;0.0
17;2025-11-30;2;0.0
17;2025-11-30;3;0.0
17;2025-11-30;4;0.0
17;2025-11-30;5;100.83
17;2025-11-30;6;394.44
17;2025-11-30;7;702.29
17;2025-11-30;8;1108.06
17;2025-11-30;9;1483.49
17;2025-11-30;10;1711.42
17;2025-11-30;11;2117.1
17;2025-11-30;12;2443.27
17;2025-11-30;13;2633.19
17;2025-11-30;14;2663.32
17;2025-11-30;15;2695.7
17;2025-11-30;16;2651.84
17;2025-11-30;17;2553.03
17;2025-11-30;18;2313.71
17;2025-11-30;19;1958.7
17;2025-11-30;20;1588.2
17;2025-11-30;21;1157.84
17;2025-11-30;22;764.56
17;2025-11-30;23;334.53
25;2025-11-30;0;0.0
25;2025-11-30;1;0.0
25;2025-11-30;2;0.0
25;2025-11-30;3;0.0
25;2025-11-30;4;0.0
25;2025-11-30;5;2.98
25;2025-11-30;6;40.19
25;2025-11-30;7;90.89
25;2025-11-30;8;167.64
25;2025-11-30;9;181.44
25;2025-11-30;10;191.31
25;2025-11-30;11;251.57
25;2025-11-30;12;295.91
25;2025-11-30;13;353.03
25;2025-11-30;14;393.5
25;2025-11-30;15;455.7
25;2025-11-30;16;388.79
25;2025-11-30;17;365.09
25;2025-11-30;18;364.84
25;2025-11-30;19;293.95
25;2025-11-30;20;210.86
25;2025-11-30;21;184.02
25;2025-11-30;22;112.48
25;2025-11-30;23;38.22
26;2025-11-30;0;0.0
26;2025-11-30;1;0.0
26;2025-11-30;2;0.0
26;2025-11-30;3;0.0
26;2025-11-30;4;0.0
26;2025-11-30;5;33.82
26;2025-11-30;6;155.45
26;2025-11-30;7;248.88
26;2025-11-30;8;373.63
26;2025-11-30;9;494.03
26;2025-11-30;10;543.24
26;2025-11-30;11;714.28
26;2025-11-30;12;753.36
26;2025-11-30;13;766.53
26;2025-11-30;14;746.88
26;2025-11-30;15;714.54
26;2025-11-30;16;707.01
26;2025-11-30;17;713.69
26;2025-11-30;18;668.42
26;2025-11-30;19;554.72
26;2025-11-30;20;419.89
26;2025-11-30;21;305.05
26;2025-11-30;22;208.92
26;2025-11-30;23;109.13
28;2025-11-30;0;0.0
28;2025-11-30;1;0.0
28;2025-11-30;2;0.0
28;2025-11-30;3;0.0
28;2025-11-30;4;0.0
28;2025-11-30;5;31.1
28;2025-11-30;6;82.36
28;2025-11-30;7;137.0
28;2025-11-30;8;229.36
28;2025-11-30;9;302.75
28;2025-11-30;10;332.96
28;2025-11-30;11;364.84
28;2025-11-30;12;412.62
28;2025-11-30;13;465.51
28;2025-11-30;14;456.17
28;2025-11-30;15;465.0
28;2025-11-30;16;443.07
28;2025-11-30;17;429.05
28;2025-11-30;18;405.06
28;2025-11-30;19;350.59
28;2025-11-30;20;301.26
28;2025-11-30;21;242.2
28;2025-11-30;22;111.28
28;2025-11-30;23;15.59
50;2025-11-30;0;57.46
50;2025-11-30;1;0.0
50;2025-11-30;2;0.0
50;2025-11-30;3;0.0
50;2025-11-30;4;0.0
50;2025-11-30;5;34.93
50;2025-11-30;6;154.46
50;2025-11-30;7;271.16
50;2025-11-30;8;409.77
50;2025-11-30;9;486.6
50;2025-11-30;10;527.77
50;2025-11-30;11;656.75
50;2025-11-30;12;702.24
50;2025-11-30;13;772.55
50;2025-11-30;14;798.37
50;2025-11-30;15;732.62
50;2025-11-30;16;745.68
50;2025-11-30;17;743.78
50;2025-11-30;18;702.61
50;2025-11-30;19;608.32
50;2025-11-30;20;515.88
50;2025-11-30;21;410.7
50;2025-11-30;22;246.88
50;2025-11-30;23;135.0
1;2025-12-01;0;0.0
1;2025-12-01;1;0.0
1;2025-12-01;2;0.0
1;2025-12-01;3;0.0
1;2025-12-01;4;0.0
1;2025-12-01;5;126.69
1;2025-12-01;6;522.07
1;2025-12-01;7;1299.89
1;2025-12-01;8;1667.66
1;2025-12-01;9;1302.04
1;2025-12-01;10;1152.24
1;2025-12-01;11;1193.46
1;2025-12-01;12;1213.22
1;2025-12-01;13;1201.19
1;2025-12-01;14;1144.04
1;2025-12-01;15;1281.6
1;2025-12-01;16;1313.63
1;2025-12-01;17;1572.97
1;2025-12-01;18;1659.64
1;2025-12-01;19;1304.02
1;2025-12-01;20;847.09
1;2025-12-01;21;470.25
1;2025-12-01;22;246.53
1;2025-12-01;23;41.07
5;2025-12-01;0;0.0
5;2025-12-01;1;0.0
5;2025-12-01;2;0.0
5;2025-12-01;3;0.0
5;2025-12-01;4;0.0
5;2025-12-01;5;0.0
5;2025-12-01;6;0.0
5;2025-12-01;7;0.0
5;2025-12-01;8;0.0
5;2025-12-01;9;0.0
5;2025-12-01;10;0.0
5;2025-12-01;11;0.0
5;2025-12-01;12;0.0
5;2025-12-01;13;0.0
5;2025-12-01;14;0.0
5;2025-12-01;15;0.0
5;2025-12-01;16;0.0
5;2025-12-01;17;0.0
5;2025-12-01;18;0.0
5;2025-12-01;19;0.0
5;2025-12-01;20;0.0
5;2025-12-01;21;0.0
5;2025-12-01;22;0.0
5;2025-12-01;23;0.0
7;2025-12-01;0;78.81
7;2025-12-01;1;0.0
7;2025-12-01;2;0.0
7;2025-12-01;3;0.0
7;2025-12-01;4;0.0
7;2025-12-01;5;210.73
7;2025-12-01;6;713.52
7;2025-12-01;7;1518.07
7;2025-12-01;8;2207.0
7;2025-12-01;9;1715.86
7;2025-12-01;10;1418.59
7;2025-12-01;11;1276.96
7;2025-12-01;12;1326.29
7;2025-12-01;13;1340.08
7;2025-12-01;14;1374.53
7;2025-12-01;15;1485.17
7;2025-12-01;16;1614.92
7;2025-12-01;17;2078.68
7;2025-12-01;18;2411.34
7;2025-12-01;19;1616.71
7;2025-12-01;20;1050.27
7;2025-12-01;21;581.23
7;2025-12-01;22;303.94
7;2025-12-01;23;185.2
11;2025-12-01;0;83.21
11;2025-12-01;1;0.0
11;2025-12-01;2;0.0
11;2025-12-01;3;0.0
11;2025-12-01;4;0.0
11;2025-12-01;5;302.63
11;2025-12-01;6;1331.86
11;2025-12-01;7;2170.61
11;2025-12-01;8;2863.0
11;2025-12-01;9;2235.13
11;2025-12-01;10;1677.58
11;2025-12-01;11;1715.91
11;2025-12-01;12;1657.11
11;2025-12-01;13;1771.29
11;2025-12-01;14;1756.65
11;2025-12-01;15;1878.58
11;2025-12-01;16;2110.85
11;2025-12-01;17;2639.5
11;2025-12-01;18;3026.71
11;2025-12-01;19;2282.36
11;2025-12-01;20;1573.39
11;2025-12-01;21;899.37
11;2025-12-01;22;465.47
11;2025-12-01;23;231.29
12;2025-12-01;0;73.73
12;2025-12-01;1;0.0
12;2025-12-01;2;0.0
12;2025-12-01;3;0.0
12;2025-12-01;4;0.0
12;2025-12-01;5;365.72
12;2025-12-01;6;1393.53
12;2025-12-01;7;2493.72
12;2025-12-01;8;3255.37
12;2025-12-01;9;2345.85
12;2025-12-01;10;1929.09
12;2025-12-01;11;1852.09
12;2025-12-01;12;1929.24
12;2025-12-01;13;1871.71
12;2025-12-01;14;1813.45
12;2025-12-01;15;2070.5
12;2025-12-01;16;2505.79
12;2025-12-01;17;2806.24
12;2025-12-01;18;3066.12
12;2025-12-01;19;2462.73
12;2025-12-01;20;1574.27
12;2025-12-01;21;932.06
12;2025-12-01;22;501.98
12;2025-12-01;23;253.65
17;2025-12-01;0;110.43
17;2025-12-01;1;0.0
17;2025-12-01;2;0.0
17;2025-12-01;3;0.0
17;2025-12-01;4;0.0
17;2025-12-01;5;304.17
17;2025-12-01;6;1439.17
17;2025-12-01;7;3695.49
17;2025-12-01;8;4948.97
17;2025-12-01;9;3554.19
17;2025-12-01;10;2758.61
17;2025-12-01;11;2737.34
17;2025-12-01;12;2798.46
17;2025-12-01;13;2855.64
17;2025-12-01;14;2841.64
17;2025-12-01;15;2990.9
17;2025-12-01;16;3366.65
17;2025-12-01;17;4264.61
17;2025-12-01;18;4919.07
17;2025-12-01;19;3488.84
17;2025-12-01;20;2391.54
17;2025-12-01;21;1490.51
17;2025-12-01;22;853.67
17;2025-12-01;23;359.04
25;2025-12-01;0;0.0
25;2025-12-01;1;0.0
25;2025-12-01;2;0.0
25;2025-12-01;3;0.0
25;2025-12-01;4;0.0
25;2025-12-01;5;3.89
25;2025-12-01;6;136.83
25;2025-12-01;7;445.29
25;2025-12-01;8;725.16
25;2025-12-01;9;384.35
25;2025-12-01;10;285.62
25;2025-12-01;11;305.42
25;2025-12-01;12;321.27
25;2025-12-01;13;398.84
25;2025-12-01;14;343.9
25;2025-12-01;15;408.54
25;2025-12-01;16;521.7
25;2025-12-01;17;578.8
25;2025-12-01;18;661.36
25;2025-12-01;19;403.66
25;2025-12-01;20;277.88
25;2025-12-01;21;190.7
25;2025-12-01;22;99.59
25;2025-12-01;23;12.6
26;2025-12-01;0;0.0
26;2025-12-01;1;0.0
26;2025-12-01;2;0.0
26;2025-12-01;3;0.0
26;2025-12-01;4;0.0
26;2025-12-01;5;76.36
26;2025-12-01;6;505.32
26;2025-12-01;7;935.71
26;2025-12-01;8;1771.24
26;2025-12-01;9;1290.77
26;2025-12-01;10;1079.59
26;2025-12-01;11;945.88
26;2025-12-01;12;988.94
26;2025-12-01;13;1034.81
26;2025-12-01;14;984.79
26;2025-12-01;15;1075.91
26;2025-12-01;16;1239.67
26;2025-12-01;17;1445.5
26;2025-12-01;18;1675.97
26;2025-12-01;19;1174.63
26;2025-12-01;20;729.36
26;2025-12-01;21;424.23
26;2025-12-01;22;228.13
26;2025-12-01;23;108.51
28;2025-12-01;0;0.0
28;2025-12-01;1;0.0
28;2025-12-01;2;0.0
28;2025-12-01;3;0.0
28;2025-12-01;4;0.0
28;2025-12-01;5;78.2
28;2025-12-01;6;252.96
28;2025-12-01;7;673.79
28;2025-12-01;8;1016.34
28;2025-12-01;9;766.63
28;2025-12-01;10;548.55
28;2025-12-01;11;506.59
28;2025-12-01;12;598.39
28;2025-12-01;13;625.31
28;2025-12-01;14;557.64
28;2025-12-01;15;585.73
28;2025-12-01;16;738.53
28;2025-12-01;17;847.87
28;2025-12-01;18;869.7
28;2025-12-01;19;679.99
28;2025-12-01;20;463.83
28;2025-12-01;21;290.88
28;2025-12-01;22;125.86
28;2025-12-01;23;17.33
50;2025-12-01;0;0.0
50;2025-12-01;1;0.0
50;2025-12-01;2;0.0
50;2025-12-01;3;0.0
50;2025-12-01;4;0.0
50;2025-12-01;5;74.22
50;2025-12-01;6;534.94
50;2025-12-01;7;1676.76
50;2025-12-01;8;2467.2
50;2025-12-01;9;1949.09
50;2025-12-01;10;1457.11
50;2025-12-01;11;1388.33
50;2025-12-01;12;1282.95
50;2025-12-01;13;1262.82
50;2025-12-01;14;1226.4
50;2025-12-01;15;1354.59
50;2025-12-01;16;1437.22
50;2025-12-01;17;2092.67
50;2025-12-01;18;2322.89
50;2025-12-01;19;1441.58
50;2025-12-01;20;891.51
50;2025-12-01;21;583.04
50;2025-12-01;22;294.18
50;2025-12-01;23;140.2
1;2025-12-02;0;0.0
1;2025-12-02;1;0.0
1;2025-12-02;2;0.0
1;2025-12-02;3;0.0
1;2025-12-02;4;0.0
1;2025-12-02;5;137.26
1;2025-12-02;6;535.18
1;2025-12-02;7;1364.52
1;2025-12-02;8;1724.69
1;2025-12-02;9;1422.51
1;2025-12-02;10;1293.36
1;2025-12-02;11;1290.16
1;2025-12-02;12;1276.3
1;2025-12-02;13;1290.22
1;2025-12-02;14;1170.68
1;2025-12-02;15;1299.17
1;2025-12-02;16;1311.77
1;2025-12-02;17;1530.97
1;2025-12-02;18;1647.01
1;2025-12-02;19;1318.18
1;2025-12-02;20;887.6
1;2025-12-02;21;478.51
1;2025-12-02;22;252.04
1;2025-12-02;23;48.23
5;2025-12-02;0;0.0
5;2025-12-02;1;0.0
5;2025-12-02;2;0.0
5;2025-12-02;3;0.0
5;2025-12-02;4;0.0
5;2025-12-02;5;0.0
5;2025-12-02;6;0.0
5;2025-12-02;7;0.0
5;2025-12-02;8;0.0
5;2025-12-02;9;0.0
5;2025-12-02;10;0.0
5;2025-12-02;11;0.0
5;2025-12-02;12;0.0
5;2025-12-02;13;0.0
5;2025-12-02;14;0.0
5;2025-12-02;15;0.0
5;2025-12-02;16;0.0
5;2025-12-02;17;0.0
5;2025-12-02;18;0.0
5;2025-12-02;19;0.0
5;2025-12-02;20;0.0
5;2025-12-02;21;0.0
5;2025-12-02;22;0.0
5;2025-12-02;23;0.0
7;2025-12-02;0;59.73
7;2025-12-02;1;0.0
7;2025-12-02;2;0.0
7;2025-12-02;3;0.0
7;2025-12-02;4;0.0
7;2025-12-02;5;213.22
7;2025-12-02;6;729.81
7;2025-12-02;7;1536.14
7;2025-12-02;8;2271.65
7;2025-12-02;9;1736.2
7;2025-12-02;10;1506.7
7;2025-12-02;11;1347.3
7;2025-12-02;12;1396.3
7;2025-12-02;13;1402.24
7;2025-12-02;14;1418.5
7;2025-12-02;15;1556.76
7;2025-12-02;16;1622.62
7;2025-12-02;17;2108.88
7;2025-12-02;18;2428.96
7;2025-12-02;19;1721.56
7;2025-12-02;20;1073.5
7;2025-12-02;21;642.3
7;2025-12-02;22;333.23
7;2025-12-02;23;185.08
11;2025-12-02;0;70.89
11;2025-12-02;1;0.0
11;2025-12-02;2;0.0
11;2025-12-02;3;0.0
11;2025-12-02;4;0.0
11;2025-12-02;5;293.55
11;2025-12-02;6;1331.42
11;2025-12-02;7;2225.1
11;2025-12-02;8;2915.29
11;2025-12-02;9;2311.19
11;2025-12-02;10;1756.68
11;2025-12-02;11;1729.45
11;2025-12-02;12;1724.22
11;2025-12-02;13;1850.84
11;2025-12-02;14;1859.89
11;2025-12-02;15;1942.26
11;2025-12-02;16;2151.5
11;2025-12-02;17;2699.62
11;2025-12-02;18;3023.34
11;2025-12-02;19;2288.76
11;2025-12-02;20;1561.49
11;2025-12-02;21;931.12
11;2025-12-02;22;472.4
11;2025-12-02;23;249.68
12;2025-12-02;0;0.0
12;2025-12-02;1;0.0
12;2025-12-02;2;0.0
12;2025-12-02;3;0.0
12;2025-12-02;4;0.0
12;2025-12-02;5;370.95
12;2025-12-02;6;1448.09
12;2025-12-02;7;2614.43
12;2025-12-02;8;3425.24
12;2025-12-02;9;2452.02
12;2025-12-02;10;2044.17
12;2025-12-02;11;1967.61
12;2025-12-02;12;1965.54
12;2025-12-02;13;1943.48
12;2025-12-02;14;1931.53
12;2025-12-02;15;2120.54
12;2025-12-02;16;2645.63
12;2025-12-02;17;2951.98
12;2025-12-02;18;3127.99
12;2025-12-02;19;2587.7
12;2025-12-02;20;1602.2
12;2025-12-02;21;969.56
12;2025-12-02;22;550.34
12;2025-12-02;23;258.86
17;2025-12-02;0;130.55
17;2025-12-02;1;0.0
17;2025-12-02;2;0.0
17;2025-12-02;3;0.0
17;2025-12-02;4;0.0
17;2025-12-02;5;309.94
17;2025-12-02;6;1476.45
17;2025-12-02;7;3787.27
17;2025-12-02;8;5058.64
17;2025-12-02;9;3695.55
17;2025-12-02;10;2877.61
17;2025-12-02;11;2784.88
17;2025-12-02;12;2837.38
17;2025-12-02;13;2860.81
17;2025-12-02;14;2920.2
17;2025-12-02;15;3021.55
17;2025-12-02;16;3440.29
17;2025-12-02;17;4332.48
17;2025-12-02;18;4916.22
17;2025-12-02;19;3566.92
17;2025-12-02;20;2484.54
17;2025-12-02;21;1568.2
17;2025-12-02;22;898.24
17;2025-12-02;23;384.1
25;2025-12-02;0;0.0
25;2025-12-02;1;0.0
25;2025-12-02;2;0.0
25;2025-12-02;3;0.0
25;2025-12-02;4;0.0
25;2025-12-02;5;4.29
25;2025-12-02;6;140.07
25;2025-12-02;7;464.92
25;2025-12-02;8;709.92
25;2025-12-02;9;421.67
25;2025-12-02;10;320.64
25;2025-12-02;11;351.84
25;2025-12-02;12;337.98
25;2025-12-02;13;383.13
25;2025-12-02;14;366.39
25;2025-12-02;15;447.77
25;2025-12-02;16;524.56
25;2025-12-02;17;565.67
25;2025-12-02;18;660.09
25;2025-12-02;19;452.19
25;2025-12-02;20;297.83
25;2025-12-02;21;190.99
25;2025-12-02;22;112.44
25;2025-12-02;23;12.18
26;2025-12-02;0;0.0
26;2025-12-02;1;0.0
26;2025-12-02;2;0.0
26;2025-12-02;3;64.11
26;2025-12-02;4;0.0
26;2025-12-02;5;83.46
26;2025-12-02;6;514.47
26;2025-12-02;7;987.22
26;2025-12-02;8;1819.01
26;2025-12-02;9;1352.13
26;2025-12-02;10;1083.48
26;2025-12-02;11;988.36
26;2025-12-02;12;1009.55
26;2025-12-02;13;1025.75
26;2025-12-02;14;1027.24
26;2025-12-02;15;1102.01
26;2025-12-02;16;1268.14
26;2025-12-02;17;1478.97
26;2025-12-02;18;1675.3
26;2025-12-02;19;1200.15
26;2025-12-02;20;766.39
26;2025-12-02;21;444.75
26;2025-12-02;22;238.51
26;2025-12-02;23;118.95
28;2025-12-02;0;0.0
28;2025-12-02;1;0.0
28;2025-12-02;2;0.0
28;2025-12-02;3;0.0
28;2025-12-02;4;0.0
28;2025-12-02;5;74.6
28;2025-12-02;6;249.5
28;2025-12-02;7;689.52
28;2025-12-02;8;1037.14
28;2025-12-02;9;801.54
28;2025-12-02;10;587.42
28;2025-12-02;11;524.86
28;2025-12-02;12;613.8
28;2025-12-02;13;655.02
28;2025-12-02;14;580.16
28;2025-12-02;15;576.79
28;2025-12-02;16;733.02
28;2025-12-02;17;849.87
28;2025-12-02;18;839.31
28;2025-12-02;19;685.68
28;2025-12-02;20;489.24
28;2025-12-02;21;306.1
28;2025-12-02;22;139.14
28;2025-12-02;23;18.46
50;2025-12-02;0;0.0
50;2025-12-02;1;0.0
50;2025-12-02;2;0.0
50;2025-12-02;3;0.0
50;2025-12-02;4;0.0
50;2025-12-02;5;77.52
50;2025-12-02;6;589.47
50;2025-12-02;7;1733.16
50;2025-12-02;8;2536.57
50;2025-12-02;9;1977.86
50;2025-12-02;10;1541.99
50;2025-12-02;11;1423.85
50;2025-12-02;12;1336.11
50;2025-12-02;13;1306.72
50;2025-12-02;14;1251.84
50;2025-12-02;15;1379.66
50;2025-12-02;16;1468.01
50;2025-12-02;17;2178.49
50;2025-12-02;18;2380.31
50;2025-12-02;19;1424.2
50;2025-12-02;20;934.38
50;2025-12-02;21;628.43
50;2025-12-02;22;310.95
50;2025-12-02;23;148.26
1;2025-12-03;0;0.0
1;2025-12-03;1;0.0
1;2025-12-03;2;0.0
1;2025-12-03;3;0.0
1;2025-12-03;4;0.0
1;2025-12-03;5;129.59
1;2025-12-03;6;504.27
1;2025-12-03;7;1288.05
1;2025-12-03;8;1726.19
1;2025-12-03;9;1381.0
1;2025-12-03;10;1231.17
1;2025-12-03;11;1255.62
1;2025-12-03;12;1262.02
1;2025-12-03;13;1290.06
1;2025-12-03;14;1203.66
1;2025-12-03;15;1308.87
1;2025-12-03;16;1315.42
1;2025-12-03;17;1569.82
1;2025-12-03;18;1648.11
1;2025-12-03;19;1286.74
1;2025-12-03;20;853.83
1;2025-12-03;21;477.75
1;2025-12-03;22;263.28
1;2025-12-03;23;48.33
5;2025-12-03;0;0.0
5;2025-12-03;1;0.0
5;2025-12-03;2;0.0
5;2025-12-03;3;0.0
5;2025-12-03;4;0.0
5;2025-12-03;5;0.0
5;2025-12-03;6;0.0
5;2025-12-03;7;0.0
5;2025-12-03;8;0.0
5;2025-12-03;9;0.0
5;2025-12-03;10;0.0
5;2025-12-03;11;0.0
5;2025-12-03;12;0.0
5;2025-12-03;13;0.0
5;2025-12-03;14;0.0
5;2025-12-03;15;0.0
5;2025-12-03;16;0.0
5;2025-12-03;17;0.0
5;2025-12-03;18;0.0
5;2025-12-03;19;0.0
5;2025-12-03;20;0.0
5;2025-12-03;21;0.0
5;2025-12-03;22;0.0
5;2025-12-03;23;0.0
7;2025-12-03;0;62.28
7;2025-12-03;1;0.0
7;2025-12-03;2;0.0
7;2025-12-03;3;0.0
7;2025-12-03;4;0.0
7;2025-12-03;5;213.19
7;2025-12-03;6;708.92
7;2025-12-03;7;1504.74
7;2025-12-03;8;2296.73
7;2025-12-03;9;1773.84
7;2025-12-03;10;1504.59
7;2025-12-03;11;1347.66
7;2025-12-03;12;1386.8
7;2025-12-03;13;1419.06
7;2025-12-03;14;1452.11
7;2025-12-03;15;1602.77
7;2025-12-03;16;1668.57
7;2025-12-03;17;2168.01
7;2025-12-03;18;2380.65
7;2025-12-03;19;1662.71
7;2025-12-03;20;1088.45
7;2025-12-03;21;651.37
7;2025-12-03;22;365.39
7;2025-12-03;23;206.01
11;2025-12-03;0;71.81
11;2025-12-03;1;0.0
11;2025-12-03;2;0.0
11;2025-12-03;3;0.0
11;2025-12-03;4;0.0
11;2025-12-03;5;300.75
11;2025-12-03;6;1280.4
11;2025-12-03;7;2163.72
11;2025-12-03;8;2895.59
11;2025-12-03;9;2219.26
11;2025-12-03;10;1763.99
11;2025-12-03;11;1766.8
11;2025-12-03;12;1804.73
11;2025-12-03;13;1876.57
11;2025-12-03;14;1818.43
11;2025-12-03;15;1922.76
11;2025-12-03;16;2068.7
11;2025-12-03;17;2652.2
11;2025-12-03;18;2942.34
11;2025-12-03;19;2273.93
11;2025-12-03;20;1561.6
11;2025-12-03;21;947.13
11;2025-12-03;22;492.73
11;2025-12-03;23;262.82
12;2025-12-03;0;61.63
12;2025-12-03;1;0.0
12;2025-12-03;2;0.0
12;2025-12-03;3;0.0
12;2025-12-03;4;0.0
12;2025-12-03;5;354.3
12;2025-12-03;6;1401.78
12;2025-12-03;7;2488.42
12;2025-12-03;8;3161.78
12;2025-12-03;9;2364.27
12;2025-12-03;10;1996.61
12;2025-12-03;11;1961.44
12;2025-12-03;12;1956.85
12;2025-12-03;13;1956.97
12;2025-12-03;14;1935.07
12;2025-12-03;15;2144.44
12;2025-12-03;16;2583.93
12;2025-12-03;17;2876.7
12;2025-12-03;18;3067.32
12;2025-12-03;19;2449.78
12;2025-12-03;20;1596.38
12;2025-12-03;21;1000.88
12;2025-12-03;22;549.17
12;2025-12-03;23;269.24
17;2025-12-03;0;139.57
17;2025-12-03;1;0.0
17;2025-12-03;2;0.0
17;2025-12-03;3;0.0
17;2025-12-03;4;0.0
17;2025-12-03;5;314.78
17;2025-12-03;6;1433.35
17;2025-12-03;7;3616.88
17;2025-12-03;8;4840.86
17;2025-12-03;9;3572.46
17;2025-12-03;10;2826.55
17;2025-12-03;11;2770.69
17;2025-12-03;12;2825.4
17;2025-12-03;13;2920.23
17;2025-12-03;14;2933.57
17;2025-12-03;15;3035.89
17;2025-12-03;16;3368.03
17;2025-12-03;17;4103.9
17;2025-12-03;18;4634.65
17;2025-12-03;19;3383.08
17;2025-12-03;20;2381.56
17;2025-12-03;21;1577.9
17;2025-12-03;22;930.8
17;2025-12-03;23;422.12
25;2025-12-03;0;0.0
25;2025-12-03;1;0.0
25;2025-12-03;2;0.0
25;2025-12-03;3;0.0
25;2025-12-03;4;0.0
25;2025-12-03;5;4.15
25;2025-12-03;6;142.88
25;2025-12-03;7;444.54
25;2025-12-03;8;733.13
25;2025-12-03;9;399.64
25;2025-12-03;10;314.87
25;2025-12-03;11;342.46
25;2025-12-03;12;357.8
25;2025-12-03;13;423.59
25;2025-12-03;14;385.03
25;2025-12-03;15;447.6
25;2025-12-03;16;528.36
25;2025-12-03;17;603.07
25;2025-12-03;18;668.43
25;2025-12-03;19;432.62
25;2025-12-03;20;318.71
25;2025-12-03;21;213.88
25;2025-12-03;22;121.15
25;2025-12-03;23;11.09
26;2025-12-03;0;0.0
26;2025-12-03;1;0.0
26;2025-12-03;2;0.0
26;2025-12-03;3;0.0
26;2025-12-03;4;0.0
26;2025-12-03;5;79.92
26;2025-12-03;6;482.16
26;2025-12-03;7;926.1
26;2025-12-03;8;1709.33
26;2025-12-03;9;1306.06
26;2025-12-03;10;1078.48
26;2025-12-03;11;972.47
26;2025-12-03;12;1011.41
26;2025-12-03;13;1034.66
26;2025-12-03;14;1046.11
26;2025-12-03;15;1080.41
26;2025-12-03;16;1217.6
26;2025-12-03;17;1423.03
26;2025-12-03;18;1601.68
26;2025-12-03;19;1149.39
26;2025-12-03;20;729.7
26;2025-12-03;21;460.78
26;2025-12-03;22;252.31
26;2025-12-03;23;130.46
28;2025-12-03;0;0.0
28;2025-12-03;1;0.0
28;2025-12-03;2;0.0
28;2025-12-03;3;0.0
28;2025-12-03;4;0.0
28;2025-12-03;5;84.93
28;2025-12-03;6;250.43
28;2025-12-03;7;666.32
28;2025-12-03;8;1019.55
28;2025-12-03;9;730.08
28;2025-12-03;10;542.94
28;2025-12-03;11;545.09
28;2025-12-03;12;602.34
28;2025-12-03;13;635.3
28;2025-12-03;14;565.33
28;2025-12-03;15;611.65
28;2025-12-03;16;727.55
28;2025-12-03;17;821.41
28;2025-12-03;18;848.87
28;2025-12-03;19;657.72
28;2025-12-03;20;468.44
28;2025-12-03;21;315.36
28;2025-12-03;22;149.47
28;2025-12-03;23;18.66
50;2025-12-03;0;0.0
50;2025-12-03;1;0.0
50;2025-12-03;2;0.0
50;2025-12-03;3;0.0
50;2025-12-03;4;0.0
50;2025-12-03;5;79.44
50;2025-12-03;6;541.16
50;2025-12-03;7;1624.88
50;2025-12-03;8;2412.63
50;2025-12-03;9;1951.25
50;2025-12-03;10;1464.91
50;2025-12-03;11;1395.45
50;2025-12-03;12;1303.58
50;2025-12-03;13;1313.2
50;2025-12-03;14;1285.56
50;2025-12-03;15;1389.32
50;2025-12-03;16;1546.17
50;2025-12-03;17;2080.89
50;2025-12-03;18;2194.7
50;2025-12-03;19;1418.01
50;2025-12-03;20;879.82
50;2025-12-03;21;614.9
50;2025-12-03;22;325.38
50;2025-12-03;23;151.77
1;2025-12-04;0;0.0
1;2025-12-04;1;0.0
1;2025-12-04;2;0.0
1;2025-12-04;3;0.0
1;2025-12-04;4;0.0
1;2025-12-04;5;117.69
1;2025-12-04;6;497.59
1;2025-12-04;7;1244.92
1;2025-12-04;8;1618.39
1;2025-12-04;9;1319.43
1;2025-12-04;10;1246.44
1;2025-12-04;11;1223.43
1;2025-12-04;12;1257.31
1;2025-12-04;13;1231.95
1;2025-12-04;14;1188.1
1;2025-12-04;15;1258.45
1;2025-12-04;16;1301.72
1;2025-12-04;17;1511.66
1;2025-12-04;18;1609.72
1;2025-12-04;19;1255.83
1;2025-12-04;20;834.96
1;2025-12-04;21;490.17
1;2025-12-04;22;257.49
1;2025-12-04;23;56.01
5;2025-12-04;0;0.0
5;2025-12-04;1;0.0
5;2025-12-04;2;0.0
5;2025-12-04;3;0.0
5;2025-12-04;4;0.0
5;2025-12-04;5;0.0
5;2025-12-04;6;0.0
5;2025-12-04;7;0.0
5;2025-12-04;8;0.0
5;2025-12-04;9;0.0
5;2025-12-04;10;0.0
5;2025-12-04;11;0.0
5;2025-12-04;12;0.0
5;2025-12-04;13;0.0
5;2025-12-04;14;0.0
5;2025-12-04;15;0.0
5;2025-12-04;16;0.0
5;2025-12-04;17;0.0
5;2025-12-04;18;0.0
5;2025-12-04;19;0.0
5;2025-12-04;20;0.0
5;2025-12-04;21;0.0
5;2025-12-04;22;0.0
5;2025-12-04;23;0.0
7;2025-12-04;0;73.31
7;2025-12-04;1;0.0
7;2025-12-04;2;0.0
7;2025-12-04;3;0.0
7;2025-12-04;4;0.0
7;2025-12-04;5;198.67
7;2025-12-04;6;704.57
7;2025-12-04;7;1448.78
7;2025-12-04;8;2170.99
7;2025-12-04;9;1674.17
7;2025-12-04;10;1405.04
7;2025-12-04;11;1321.27
7;2025-12-04;12;1376.05
7;2025-12-04;13;1397.5
7;2025-12-04;14;1431.46
7;2025-12-04;15;1482.12
7;2025-12-04;16;1638.59
7;2025-12-04;17;2040.03
7;2025-12-04;18;2398.44
7;2025-12-04;19;1645.77
7;2025-12-04;20;1054.49
7;2025-12-04;21;659.88
7;2025-12-04;22;352.31
7;2025-12-04;23;202.77
11;2025-12-04;0;76.12
11;2025-12-04;1;0.0
11;2025-12-04;2;0.0
11;2025-12-04;3;0.0
11;2025-12-04;4;0.0
11;2025-12-04;5;301.55
11;2025-12-04;6;1275.63
11;2025-12-04;7;2096.54
11;2025-12-04;8;2675.48
11;2025-12-04;9;2247.96
11;2025-12-04;10;1762.63
11;2025-12-04;11;1719.76
11;2025-12-04;12;1729.71
11;2025-12-04;13;1866.82
11;2025-12-04;14;1826.44
11;2025-12-04;15;1922.68
11;2025-12-04;16;2083.93
11;2025-12-04;17;2587.16
11;2025-12-04;18;2872.87
11;2025-12-04;19;2206.25
11;2025-12-04;20;1510.6
11;2025-12-04;21;943.92
11;2025-12-04;22;506.64
11;2025-12-04;23;274.09
12;2025-12-04;0;58.47
12;2025-12-04;1;0.0
12;2025-12-04;2;0.0
12;2025-12-04;3;0.0
12;2025-12-04;4;0.0
12;2025-12-04;5;345.36
12;2025-12-04;6;1322.03
12;2025-12-04;7;2376.52
12;2025-12-04;8;3041.77
12;2025-12-04;9;2215.42
12;2025-12-04;10;1894.21
12;2025-12-04;11;1884.15
12;2025-12-04;12;1933.12
12;2025-12-04;13;1883.48
12;2025-12-04;14;1860.5
12;2025-12-04;15;2032.89
12;2025-12-04;16;2494.21
12;2025-12-04;17;2761.99
12;2025-12-04;18;2958.46
12;2025-12-04;19;2396.81
12;2025-12-04;20;1567.53
12;2025-12-04;21;966.09
12;2025-12-04;22;550.95
12;2025-12-04;23;282.95
17;2025-12-04;0;147.98
17;2025-12-04;1;0.0
17;2025-12-04;2;0.0
17;2025-12-04;3;0.0
17;2025-12-04;4;0.0
17;2025-12-04;5;298.52
17;2025-12-04;6;1387.1
17;2025-12-04;7;3451.87
17;2025-12-04;8;4635.04
17;2025-12-04;9;3449.75
17;2025-12-04;10;2769.12
17;2025-12-04;11;2735.69
17;2025-12-04;12;2845.27
17;2025-12-04;13;2905.53
17;2025-12-04;14;2931.09
17;2025-12-04;15;3026.3
17;2025-12-04;16;3429.21
17;2025-12-04;17;4133.11
17;2025-12-04;18;4681.52
17;2025-12-04;19;3444.67
17;2025-12-04;20;2454.19
17;2025-12-04;21;1628.78
17;2025-12-04;22;979.85
17;2025-12-04;23;443.05
25;2025-12-04;0;0.0
25;2025-12-04;1;0.0
25;2025-12-04;2;0.0
25;2025-12-04;3;0.0
25;2025-12-04;4;0.0
25;2025-12-04;5;4.6
25;2025-12-04;6;128.07
25;2025-12-04;7;412.6
25;2025-12-04;8;701.86
25;2025-12-04;9;383.77
25;2025-12-04;10;311.31
25;2025-12-04;11;320.17
25;2025-12-04;12;336.6
25;2025-12-04;13;377.68
25;2025-12-04;14;379.11
25;2025-12-04;15;437.19
25;2025-12-04;16;523.9
25;2025-12-04;17;594.74
25;2025-12-04;18;650.01
25;2025-12-04;19;429.06
25;2025-12-04;20;300.93
25;2025-12-04;21;212.65
25;2025-12-04;22;128.24
25;2025-12-04;23;15.17
26;2025-12-04;0;0.0
26;2025-12-04;1;0.0
26;2025-12-04;2;0.0
26;2025-12-04;3;0.0
26;2025-12-04;4;0.0
26;2025-12-04;5;77.35
26;2025-12-04;6;485.31
26;2025-12-04;7;913.83
26;2025-12-04;8;1657.51
26;2025-12-04;9;1241.42
26;2025-12-04;10;1033.84
26;2025-12-04;11;971.82
26;2025-12-04;12;985.73
26;2025-12-04;13;985.76
26;2025-12-04;14;1000.9
26;2025-12-04;15;1074.5
26;2025-12-04;16;1221.92
26;2025-12-04;17;1410.65
26;2025-12-04;18;1617.58
26;2025-12-04;19;1148.88
26;2025-12-04;20;731.89
26;2025-12-04;21;462.85
26;2025-12-04;22;252.65
26;2025-12-04;23;133.13
28;2025-12-04;0;0.0
28;2025-12-04;1;0.0
28;2025-12-04;2;0.0
28;2025-12-04;3;0.0
28;2025-12-04;4;0.0
28;2025-12-04;5;75.99
28;2025-12-04;6;245.61
28;2025-12-04;7;651.87
28;2025-12-04;8;966.06
28;2025-12-04;9;742.66
28;2025-12-04;10;543.57
28;2025-12-04;11;504.64
28;2025-12-04;12;600.59
28;2025-12-04;13;617.67
28;2025-12-04;14;556.5
28;2025-12-04;15;577.77
28;2025-12-04;16;692.24
28;2025-12-04;17;819.14
28;2025-12-04;18;830.95
28;2025-12-04;19;637.08
28;2025-12-04;20;476.92
28;2025-12-04;21;315.19
28;2025-12-04;22;144.25
28;2025-12-04;23;19.98
50;2025-12-04;0;0.0
50;2025-12-04;1;0.0
50;2025-12-04;2;0.0
50;2025-12-04;3;0.0
50;2025-12-04;4;0.0
50;2025-12-04;5;81.89
50;2025-12-04;6;531.8
50;2025-12-04;7;1622.86
50;2025-12-04;8;2322.03
50;2025-12-04;9;1850.9
50;2025-12-04;10;1433.78
50;2025-12-04;11;1366.51
50;2025-12-04;12;1264.11
50;2025-12-04;13;1244.96
50;2025-12-04;14;1178.68
50;2025-12-04;15;1310.67
50;2025-12-04;16;1501.4
50;2025-12-04;17;2025.34
50;2025-12-04;18;2237.6
50;2025-12-04;19;1416.42
50;2025-12-04;20;929.65
50;2025-12-04;21;664.27
50;2025-12-04;22;330.29
50;2025-12-04;23;179.35
1;2025-12-05;0;0.0
1;2025-12-05;1;0.0
1;2025-12-05;2;0.0
1;2025-12-05;3;0.0
1;2025-12-05;4;0.0
1;2025-12-05;5;120.75
1;2025-12-05;6;475.08
1;2025-12-05;7;1238.35
1;2025-12-05;8;1590.62
1;2025-12-05;9;1278.34
1;2025-12-05;10;1170.94
1;2025-12-05;11;1223.61
1;2025-12-05;12;1220.87
1;2025-12-05;13;1240.71
1;2025-12-05;14;1172.6
1;2025-12-05;15;1304.02
1;2025-12-05;16;1351.27
1;2025-12-05;17;1485.08
1;2025-12-05;18;1383.58
1;2025-12-05;19;1065.78
1;2025-12-05;20;762.29
1;2025-12-05;21;486.07
1;2025-12-05;22;261.09
1;2025-12-05;23;62.9
5;2025-12-05;0;0.0
5;2025-12-05;1;0.0
5;2025-12-05;2;0.0
5;2025-12-05;3;0.0
5;2025-12-05;4;0.0
5;2025-12-05;5;0.0
5;2025-12-05;6;0.0
5;2025-12-05;7;0.0
5;2025-12-05;8;0.0
5;2025-12-05;9;0.0
5;2025-12-05;10;0.0
5;2025-12-05;11;0.0
5;2025-12-05;12;0.0
5;2025-12-05;13;0.0
5;2025-12-05;14;0.0
5;2025-12-05;15;0.0
5;2025-12-05;16;0.0
5;2025-12-05;17;0.0
5;2025-12-05;18;0.0
5;2025-12-05;19;0.0
5;2025-12-05;20;0.0
5;2025-12-05;21;0.0
5;2025-12-05;22;0.0
5;2025-12-05;23;0.0
7;2025-12-05;0;72.19
7;2025-12-05;1;0.0
7;2025-12-05;2;0.0
7;2025-12-05;3;0.0
7;2025-12-05;4;0.0
7;2025-12-05;5;192.34
7;2025-12-05;6;631.69
7;2025-12-05;7;1410.57
7;2025-12-05;8;2009.6
7;2025-12-05;9;1597.2
7;2025-12-05;10;1359.23
7;2025-12-05;11;1362.97
7;2025-12-05;12;1432.22
7;2025-12-05;13;1513.99
7;2025-12-05;14;1550.25
7;2025-12-05;15;1610.04
7;2025-12-05;16;1820.0
7;2025-12-05;17;1997.88
7;2025-12-05;18;1865.27
7;2025-12-05;19;1467.13
7;2025-12-05;20;1001.12
7;2025-12-05;21;641.21
7;2025-12-05;22;377.56
7;2025-12-05;23;231.13
11;2025-12-05;0;81.81
11;2025-12-05;1;0.0
11;2025-12-05;2;0.0
11;2025-12-05;3;0.0
11;2025-12-05;4;0.0
11;2025-12-05;5;291.55
11;2025-12-05;6;1244.75
11;2025-12-05;7;1985.12
11;2025-12-05;8;2581.0
11;2025-12-05;9;2126.03
11;2025-12-05;10;1717.62
11;2025-12-05;11;1728.32
11;2025-12-05;12;1777.26
11;2025-12-05;13;1841.09
11;2025-12-05;14;1897.06
11;2025-12-05;15;2043.78
11;2025-12-05;16;2267.91
11;2025-12-05;17;2641.94
11;2025-12-05;18;2414.66
11;2025-12-05;19;2041.2
11;2025-12-05;20;1472.44
11;2025-12-05;21;948.49
11;2025-12-05;22;515.8
11;2025-12-05;23;302.1
12;2025-12-05;0;66.88
12;2025-12-05;1;0.0
12;2025-12-05;2;0.0
12;2025-12-05;3;0.0
12;2025-12-05;4;0.0
12;2025-12-05;5;340.1
12;2025-12-05;6;1311.74
12;2025-12-05;7;2323.2
12;2025-12-05;8;3010.0
12;2025-12-05;9;2159.7
12;2025-12-05;10;1863.83
12;2025-12-05;11;1917.91
12;2025-12-05;12;1899.79
12;2025-12-05;13;1876.4
12;2025-12-05;14;1931.62
12;2025-12-05;15;2248.28
12;2025-12-05;16;2753.63
12;2025-12-05;17;2735.36
12;2025-12-05;18;2466.47
12;2025-12-05;19;2147.45
12;2025-12-05;20;1486.67
12;2025-12-05;21;1006.34
12;2025-12-05;22;572.5
12;2025-12-05;23;309.99
17;2025-12-05;0;161.61
17;2025-12-05;1;0.0
17;2025-12-05;2;0.0
17;2025-12-05;3;0.0
17;2025-12-05;4;0.0
17;2025-12-05;5;294.04
17;2025-12-05;6;1342.71
17;2025-12-05;7;3374.25
17;2025-12-05;8;4493.02
17;2025-12-05;9;3358.4
17;2025-12-05;10;2723.35
17;2025-12-05;11;2768.24
17;2025-12-05;12;2866.16
17;2025-12-05;13;2958.68
17;2025-12-05;14;3033.23
17;2025-12-05;15;3319.0
17;2025-12-05;16;3815.94
17;2025-12-05;17;4191.05
17;2025-12-05;18;4101.36
17;2025-12-05;19;3088.13
17;2025-12-05;20;2353.67
17;2025-12-05;21;1630.93
17;2025-12-05;22;1001.49
17;2025-12-05;23;486.34
25;2025-12-05;0;0.0
25;2025-12-05;1;0.0
25;2025-12-05;2;0.0
25;2025-12-05;3;0.0
25;2025-12-05;4;0.0
25;2025-12-05;5;4.69
25;2025-12-05;6;132.11
25;2025-12-05;7;409.6
25;2025-12-05;8;663.84
25;2025-12-05;9;386.71
25;2025-12-05;10;302.02
25;2025-12-05;11;330.38
25;2025-12-05;12;348.1
25;2025-12-05;13;409.23
25;2025-12-05;14;420.98
25;2025-12-05;15;493.33
25;2025-12-05;16;570.09
25;2025-12-05;17;597.82
25;2025-12-05;18;515.01
25;2025-12-05;19;390.95
25;2025-12-05;20;288.76
25;2025-12-05;21;213.1
25;2025-12-05;22;134.47
25;2025-12-05;23;18.53
26;2025-12-05;0;0.0
26;2025-12-05;1;0.0
26;2025-12-05;2;0.0
26;2025-12-05;3;0.0
26;2025-12-05;4;0.0
26;2025-12-05;5;75.03
26;2025-12-05;6;473.5
26;2025-12-05;7;865.87
26;2025-12-05;8;1570.61
26;2025-12-05;9;1197.83
26;2025-12-05;10;994.34
26;2025-12-05;11;918.43
26;2025-12-05;12;987.55
26;2025-12-05;13;1025.12
26;2025-12-05;14;1010.92
26;2025-12-05;15;1128.15
26;2025-12-05;16;1354.73
26;2025-12-05;17;1411.53
26;2025-12-05;18;1217.23
26;2025-12-05;19;968.61
26;2025-12-05;20;680.12
26;2025-12-05;21;431.64
26;2025-12-05;22;251.37
26;2025-12-05;23;152.49
28;2025-12-05;0;0.0
28;2025-12-05;1;0.0
28;2025-12-05;2;0.0
28;2025-12-05;3;0.0
28;2025-12-05;4;0.0
28;2025-12-05;5;72.84
28;2025-12-05;6;228.33
28;2025-12-05;7;616.01
28;2025-12-05;8;920.71
28;2025-12-05;9;693.55
28;2025-12-05;10;527.83
28;2025-12-05;11;516.31
28;2025-12-05;12;590.33
28;2025-12-05;13;611.08
28;2025-12-05;14;584.11
28;2025-12-05;15;607.33
28;2025-12-05;16;774.08
28;2025-12-05;17;810.8
28;2025-12-05;18;703.19
28;2025-12-05;19;572.73
28;2025-12-05;20;445.33
28;2025-12-05;21;300.45
28;2025-12-05;22;146.83
28;2025-12-05;23;19.24
50;2025-12-05;0;0.0
50;2025-12-05;1;0.0
50;2025-12-05;2;0.0
50;2025-12-05;3;0.0
50;2025-12-05;4;0.0
50;2025-12-05;5;77.35
50;2025-12-05;6;531.86
50;2025-12-05;7;1499.3
50;2025-12-05;8;2253.65
50;2025-12-05;9;1713.51
50;2025-12-05;10;1381.43
50;2025-12-05;11;1367.62
50;2025-12-05;12;1322.42
50;2025-12-05;13;1288.85
50;2025-12-05;14;1220.98
50;2025-12-05;15;1494.3
50;2025-12-05;16;1720.35
50;2025-12-05;17;1849.51
50;2025-12-05;18;1607.85
50;2025-12-05;19;1137.57
50;2025-12-05;20;792.24
50;2025-12-05;21;572.4
50;2025-12-05;22;331.4
50;2025-12-05;23;186.87
1;2025-12-06;0;0.0
1;2025-12-06;1;0.0
1;2025-12-06;2;0.0
1;2025-12-06;3;0.0
1;2025-12-06;4;0.0
1;2025-12-06;5;35.54
1;2025-12-06;6;170.83
1;2025-12-06;7;324.96
1;2025-12-06;8;435.5
1;2025-12-06;9;683.53
1;2025-12-06;10;771.16
1;2025-12-06;11;720.93
1;2025-12-06;12;886.61
1;2025-12-06;13;889.78
1;2025-12-06;14;824.75
1;2025-12-06;15;737.68
1;2025-12-06;16;683.91
1;2025-12-06;17;653.4
1;2025-12-06;18;599.78
1;2025-12-06;19;549.03
1;2025-12-06;20;414.12
1;2025-12-06;21;303.79
1;2025-12-06;22;149.92
1;2025-12-06;23;41.35
5;2025-12-06;0;0.0
5;2025-12-06;1;0.0
5;2025-12-06;2;0.0
5;2025-12-06;3;0.0
5;2025-12-06;4;0.0
5;2025-12-06;5;0.0
5;2025-12-06;6;0.0
5;2025-12-06;7;0.0
5;2025-12-06;8;0.0
5;2025-12-06;9;0.0
5;2025-12-06;10;0.0
5;2025-12-06;11;0.0
5;2025-12-06;12;0.0
5;2025-12-06;13;0.0
5;2025-12-06;14;0.0
5;2025-12-06;15;0.0
5;2025-12-06;16;0.0
5;2025-12-06;17;0.0
5;2025-12-06;18;0.0
5;2025-12-06;19;0.0
5;2025-12-06;20;0.0
5;2025-12-06;21;0.0
5;2025-12-06;22;0.0
5;2025-12-06;23;0.0
7;2025-12-06;0;99.53
7;2025-12-06;1;0.0
7;2025-12-06;2;0.0
7;2025-12-06;3;0.0
7;2025-12-06;4;0.0
7;2025-12-06;5;61.06
7;2025-12-06;6;308.28
7;2025-12-06;7;483.39
7;2025-12-06;8;738.67
7;2025-12-06;9;828.78
7;2025-12-06;10;901.77
7;2025-12-06;11;1054.26
7;2025-12-06;12;1156.14
7;2025-12-06;13;1207.86
7;2025-12-06;14;1252.7
7;2025-12-06;15;1159.47
7;2025-12-06;16;1110.75
7;2025-12-06;17;1078.97
7;2025-12-06;18;1058.62
7;2025-12-06;19;1048.42
7;2025-12-06;20;783.15
7;2025-12-06;21;642.56
7;2025-12-06;22;347.36
7;2025-12-06;23;220.29
11;2025-12-06;0;103.5
11;2025-12-06;1;0.0
11;2025-12-06;2;0.0
11;2025-12-06;3;0.0
11;2025-12-06;4;0.0
11;2025-12-06;5;215.52
11;2025-12-06;6;768.96
11;2025-12-06;7;684.4
11;2025-12-06;8;913.31
11;2025-12-06;9;1092.72
11;2025-12-06;10;1172.48
11;2025-12-06;11;1558.42
11;2025-12-06;12;1700.13
11;2025-12-06;13;1611.93
11;2025-12-06;14;1627.4
11;2025-12-06;15;1660.56
11;2025-12-06;16;1688.83
11;2025-12-06;17;1707.5
11;2025-12-06;18;1517.57
11;2025-12-06;19;1441.1
11;2025-12-06;20;1166.99
11;2025-12-06;21;815.48
11;2025-12-06;22;470.47
11;2025-12-06;23;326.04
12;2025-12-06;0;89.1
12;2025-12-06;1;0.0
12;2025-12-06;2;0.0
12;2025-12-06;3;0.0
12;2025-12-06;4;0.0
12;2025-12-06;5;273.68
12;2025-12-06;6;846.59
12;2025-12-06;7;882.28
12;2025-12-06;8;941.42
12;2025-12-06;9;1089.07
12;2025-12-06;10;1313.52
12;2025-12-06;11;1417.45
12;2025-12-06;12;1375.85
12;2025-12-06;13;1622.34
12;2025-12-06;14;1519.32
12;2025-12-06;15;1408.33
12;2025-12-06;16;1459.45
12;2025-12-06;17;1416.92
12;2025-12-06;18;1376.67
12;2025-12-06;19;1398.27
12;2025-12-06;20;1012.25
12;2025-12-06;21;699.08
12;2025-12-06;22;447.53
12;2025-12-06;23;281.75
17;2025-12-06;0;201.96
17;2025-12-06;1;0.0
17;2025-12-06;2;0.0
17;2025-12-06;3;0.0
17;2025-12-06;4;0.0
17;2025-12-06;5;118.43
17;2025-12-06;6;504.64
17;2025-12-06;7;1032.09
17;2025-12-06;8;1481.87
17;2025-12-06;9;1834.84
17;2025-12-06;10;2051.61
17;2025-12-06;11;2414.5
17;2025-12-06;12;2676.69
17;2025-12-06;13;2848.54
17;2025-12-06;14;2901.1
17;2025-12-06;15;2939.59
17;2025-12-06;16;2912.94
17;2025-12-06;17;2859.64
17;2025-12-06;18;2638.41
17;2025-12-06;19;2277.32
17;2025-12-06;20;1835.22
17;2025-12-06;21;1357.29
17;2025-12-06;22;897.9
17;2025-12-06;23;465.59
25;2025-12-06;0;0.0
25;2025-12-06;1;0.0
25;2025-12-06;2;0.0
25;2025-12-06;3;0.0
25;2025-12-06;4;0.0
25;2025-12-06;5;1.92
25;2025-12-06;6;49.55
25;2025-12-06;7;121.57
25;2025-12-06;8;244.25
25;2025-12-06;9;240.58
25;2025-12-06;10;237.72
25;2025-12-06;11;313.61
25;2025-12-06;12;332.9
25;2025-12-06;13;420.0
25;2025-12-06;14;452.36
25;2025-12-06;15;524.07
25;2025-12-06;16;467.09
25;2025-12-06;17;407.1
25;2025-12-06;18;409.26
25;2025-12-06;19;363.19
25;2025-12-06;20;249.13
25;2025-12-06;21;219.04
25;2025-12-06;22;136.82
25;2025-12-06;23;55.58
26;2025-12-06;0;0.0
26;2025-12-06;1;0.0
26;2025-12-06;2;0.0
26;2025-12-06;3;0.0
26;2025-12-06;4;0.0
26;2025-12-06;5;44.41
26;2025-12-06;6;266.99
26;2025-12-06;7;344.12
26;2025-12-06;8;504.48
26;2025-12-06;9;620.49
26;2025-12-06;10;714.71
26;2025-12-06;11;868.34
26;2025-12-06;12;894.41
26;2025-12-06;13;905.34
26;2025-12-06;14;896.88
26;2025-12-06;15;829.92
26;2025-12-06;16;836.99
26;2025-12-06;17;814.44
26;2025-12-06;18;796.04
26;2025-12-06;19;759.15
26;2025-12-06;20;536.91
26;2025-12-06;21;364.11
26;2025-12-06;22;234.14
26;2025-12-06;23;142.36
28;2025-12-06;0;0.0
28;2025-12-06;1;0.0
28;2025-12-06;2;0.0
28;2025-12-06;3;0.0
28;2025-12-06;4;0.0
28;2025-12-06;5;36.84
28;2025-12-06;6;97.44
28;2025-12-06;7;201.75
28;2025-12-06;8;312.38
28;2025-12-06;9;408.04
28;2025-12-06;10;421.8
28;2025-12-06;11;432.86
28;2025-12-06;12;501.09
28;2025-12-06;13;529.9
28;2025-12-06;14;529.64
28;2025-12-06;15;515.28
28;2025-12-06;16;484.55
28;2025-12-06;17;496.47
28;2025-12-06;18;444.85
28;2025-12-06;19;389.69
28;2025-12-06;20;307.76
28;2025-12-06;21;278.52
28;2025-12-06;22;138.72
28;2025-12-06;23;24.37
50;2025-12-06;0;70.82
50;2025-12-06;1;0.0
50;2025-12-06;2;0.0
50;2025-12-06;3;0.0
50;2025-12-06;4;0.0
50;2025-12-06;5;49.23
50;2025-12-06;6;217.14
50;2025-12-06;7;425.74
50;2025-12-06;8;608.63
50;2025-12-06;9;659.17
50;2025-12-06;10;655.48
50;2025-12-06;11;795.75
50;2025-12-06;12;814.57
50;2025-12-06;13;851.37
50;2025-12-06;14;853.41
50;2025-12-06;15;812.58
50;2025-12-06;16;796.69
50;2025-12-06;17;805.49
50;2025-12-06;18;749.19
50;2025-12-06;19;673.47
50;2025-12-06;20;540.11
50;2025-12-06;21;437.83
50;2025-12-06;22;253.74
50;2025-12-06;23;174.47
1;2025-12-07;0;0.0
1;2025-12-07;1;0.0
1;2025-12-07;2;0.0
1;2025-12-07;3;0.0
1;2025-12-07;4;0.0
1;2025-12-07;5;28.12
1;2025-12-07;6;129.38
1;2025-12-07;7;255.42
1;2025-12-07;8;355.49
1;2025-12-07;9;574.04
1;2025-12-07;10;679.64
1;2025-12-07;11;675.91
1;2025-12-07;12;807.22
1;2025-12-07;13;844.76
1;2025-12-07;14;743.73
1;2025-12-07;15;680.01
1;2025-12-07;16;627.78
1;2025-12-07;17;586.37
1;2025-12-07;18;542.75
1;2025-12-07;19;469.38
1;2025-12-07;20;367.94
1;2025-12-07;21;279.59
1;2025-12-07;22;121.07
1;2025-12-07;23;35.25
5;2025-12-07;0;0.0
5;2025-12-07;1;0.0
5;2025-12-07;2;0.0
5;2025-12-07;3;0.0
5;2025-12-07;4;0.0
5;2025-12-07;5;0.0
5;2025-12-07;6;0.0
5;2025-12-07;7;0.0
5;2025-12-07;8;0.0
5;2025-12-07;9;0.0
5;2025-12-07;10;0.0
5;2025-12-07;11;0.0
5;2025-12-07;12;0.0
5;2025-12-07;13;0.0
5;2025-12-07;14;0.0
5;2025-12-07;15;0.0
5;2025-12-07;16;0.0
5;2025-12-07;17;0.0
5;2025-12-07;18;0.0
5;2025-12-07;19;0.0
5;2025-12-07;20;0.0
5;2025-12-07;21;0.0
5;2025-12-07;22;0.0
5;2025-12-07;23;0.0
7;2025-12-07;0;111.75
7;2025-12-07;1;0.0
7;2025-12-07;2;0.0
7;2025-12-07;3;80.41
7;2025-12-07;4;0.0
7;2025-12-07;5;43.59
7;2025-12-07;6;210.69
7;2025-12-07;7;326.69
7;2025-12-07;8;532.46
7;2025-12-07;9;645.3
7;2025-12-07;10;719.62
7;2025-12-07;11;901.47
7;2025-12-07;12;984.04
7;2025-12-07;13;1035.73
7;2025-12-07;14;1110.13
7;2025-12-07;15;1062.89
7;2025-12-07;16;977.08
7;2025-12-07;17;1032.34
7;2025-12-07;18;932.75
7;2025-12-07;19;818.94
7;2025-12-07;20;676.52
7;2025-12-07;21;541.62
7;2025-12-07;22;313.84
7;2025-12-07;23;185.3
11;2025-12-07;0;111.94
11;2025-12-07;1;0.0
11;2025-12-07;2;0.0
11;2025-12-07;3;64.76
11;2025-12-07;4;0.0
11;2025-12-07;5;130.01
11;2025-12-07;6;517.25
11;2025-12-07;7;523.9
11;2025-12-07;8;666.79
11;2025-12-07;9;901.57
11;2025-12-07;10;1021.95
11;2025-12-07;11;1399.39
11;2025-12-07;12;1536.07
11;2025-12-07;13;1449.34
11;2025-12-07;14;1511.21
11;2025-12-07;15;1587.76
11;2025-12-07;16;1538.67
11;2025-12-07;17;1610.63
11;2025-12-07;18;1371.63
11;2025-12-07;19;1170.22
11;2025-12-07;20;988.35
11;2025-12-07;21;714.7
11;2025-12-07;22;414.94
11;2025-12-07;23;260.91
12;2025-12-07;0;91.73
12;2025-12-07;1;0.0
12;2025-12-07;2;0.0
12;2025-12-07;3;0.0
12;2025-12-07;4;0.0
12;2025-12-07;5;179.69
12;2025-12-07;6;546.69
12;2025-12-07;7;618.74
12;2025-12-07;8;733.19
12;2025-12-07;9;911.78
12;2025-12-07;10;1119.8
12;2025-12-07;11;1241.67
12;2025-12-07;12;1292.33
12;2025-12-07;13;1491.96
12;2025-12-07;14;1435.07
12;2025-12-07;15;1297.42
12;2025-12-07;16;1416.54
12;2025-12-07;17;1493.31
12;2025-12-07;18;1246.35
12;2025-12-07;19;1021.75
12;2025-12-07;20;790.84
12;2025-12-07;21;622.95
12;2025-12-07;22;412.33
12;2025-12-07;23;233.72
17;2025-12-07;0;192.34
17;2025-12-07;1;0.0
17;2025-12-07;2;0.0
17;2025-12-07;3;0.0
17;2025-12-07;4;0.0
17;2025-12-07;5;100.83
17;2025-12-07;6;394.44
17;2025-12-07;7;702.29
17;2025-12-07;8;1108.06
17;2025-12-07;9;1483.49
17;2025-12-07;10;1711.42
17;2025-12-07;11;2117.1
17;2025-12-07;12;2443.27
17;2025-12-07;13;2633.19
17;2025-12-07;14;2663.32
17;2025-12-07;15;2695.7
17;2025-12-07;16;2651.84
17;2025-12-07;17;2553.03
17;2025-12-07;18;2313.71
17;2025-12-07;19;1958.7
17;2025-12-07;20;1588.2
17;2025-12-07;21;1157.84
17;2025-12-07;22;764.56
17;2025-12-07;23;334.53
25;2025-12-07;0;0.0
25;2025-12-07;1;0.0
25;2025-12-07;2;0.0
25;2025-12-07;3;0.0
25;2025-12-07;4;0.0
25;2025-12-07;5;2.98
25;2025-12-07;6;40.19
25;2025-12-07;7;90.89
25;2025-12-07;8;167.64
25;2025-12-07;9;181.44
25;2025-12-07;10;191.31
25;2025-12-07;11;251.57
25;2025-12-07;12;295.91
25;2025-12-07;13;353.03
25;2025-12-07;14;393.5
25;2025-12-07;15;455.7
25;2025-12-07;16;388.79
25;2025-12-07;17;365.09
25;2025-12-07;18;364.84
25;2025-12-07;19;293.95
25;2025-12-07;20;210.86
25;2025-12-07;21;184.02
25;2025-12-07;22;112.48
25;2025-12-07;23;38.22
26;2025-12-07;0;0.0
26;2025-12-07;1;0.0
26;2025-12-07;2;0.0
26;2025-12-07;3;0.0
26;2025-12-07;4;0.0
26;2025-12-07;5;33.82
26;2025-12-07;6;155.45
26;2025-12-07;7;248.88
26;2025-12-07;8;373.63
26;2025-12-07;9;494.03
26;2025-12-07;10;543.24
26;2025-12-07;11;714.28
26;2025-12-07;12;753.36
26;2025-12-07;13;766.53
26;2025-12-07;14;746.88
26;2025-12-07;15;714.54
26;2025-12-07;16;707.01
26;2025-12-07;17;713.69
26;2025-12-07;18;668.42
26;2025-12-07;19;554.72
26;2025-12-07;20;419.89
26;2025-12-07;21;305.05
26;2025-12-07;22;208.92
26;2025-12-07;23;109.13
28;2025-12-07;0;0.0
28;2025-12-07;1;0.0
28;2025-12-07;2;0.0
28;2025-12-07;3;0.0
28;2025-12-07;4;0.0
28;2025-12-07;5;31.1
28;2025-12-07;6;82.36
28;2025-12-07;7;137.0
28;2025-12-07;8;229.36
28;2025-12-07;9;302.75
28;2025-12-07;10;332.96
28;2025-12-07;11;364.84
28;2025-12-07;12;412.62
28;2025-12-07;13;465.51
28;2025-12-07;14;456.17
28;2025-12-07;15;465.0
28;2025-12-07;16;443.07
28;2025-12-07;17;429.05
28;2025-12-07;18;405.06
28;2025-12-07;19;350.59
28;2025-12-07;20;301.26
28;2025-12-07;21;242.2
28;2025-12-07;22;111.28
28;2025-12-07;23;15.59
50;2025-12-07;0;57.46
50;2025-12-07;1;0.0
50;2025-12-07;2;0.0
50;2025-12-07;3;0.0
50;2025-12-07;4;0.0
50;2025-12-07;5;34.93
50;2025-12-07;6;154.46
50;2025-12-07;7;271.16
50;2025-12-07;8;409.77
50;2025-12-07;9;486.6
50;2025-12-07;10;527.77
50;2025-12-07;11;656.75
50;2025-12-07;12;702.24
50;2025-12-07;13;772.55
50;2025-12-07;14;798.37
50;2025-12-07;15;732.62
50;2025-12-07;16;745.68
50;2025-12-07;17;743.78
50;2025-12-07;18;702.61
50;2025-12-07;19;608.32
50;2025-12-07;20;515.88
50;2025-12-07;21;410.7
50;2025-12-07;22;246.88
50;2025-12-07;23;135.0
1;2025-12-08;0;0.0
1;2025-12-08;1;0.0
1;2025-12-08;2;0.0
1;2025-12-08;3;0.0
1;2025-12-08;4;0.0
1;2025-12-08;5;126.69
1;2025-12-08;6;522.07
1;2025-12-08;7;1299.89
1;2025-12-08;8;1667.66
1;2025-12-08;9;1302.04
1;2025-12-08;10;1152.24
1;2025-12-08;11;1193.46
1;2025-12-08;12;1213.22
1;2025-12-08;13;1201.19
1;2025-12-08;14;1144.04
1;2025-12-08;15;1281.6
1;2025-12-08;16;1313.63
1;2025-12-08;17;1572.97
1;2025-12-08;18;1659.64
1;2025-12-08;19;1304.02
1;2025-12-08;20;847.09
1;2025-12-08;21;470.25
1;2025-12-08;22;246.53
1;2025-12-08;23;41.07
5;2025-12-08;0;0.0
5;2025-12-08;1;0.0
5;2025-12-08;2;0.0
5;2025-12-08;3;0.0
5;2025-12-08;4;0.0
5;2025-12-08;5;0.0
5;2025-12-08;6;0.0
5;2025-12-08;7;0.0
5;2025-12-08;8;0.0
5;2025-12-08;9;0.0
5;2025-12-08;10;0.0
5;2025-12-08;11;0.0
5;2025-12-08;12;0.0
5;2025-12-08;13;0.0
5;2025-12-08;14;0.0
5;2025-12-08;15;0.0
5;2025-12-08;16;0.0
5;2025-12-08;17;0.0
5;2025-12-08;18;0.0
5;2025-12-08;19;0.0
5;2025-12-08;20;0.0
5;2025-12-08;21;0.0
5;2025-12-08;22;0.0
5;2025-12-08;23;0.0
7;2025-12-08;0;78.81
7;2025-12-08;1;0.0
7;2025-12-08;2;0.0
7;2025-12-08;3;0.0
7;2025-12-08;4;0.0
7;2025-12-08;5;210.73
7;2025-12-08;6;713.52
7;2025-12-08;7;1518.07
7;2025-12-08;8;2207.0
7;2025-12-08;9;1715.86
7;2025-12-08;10;1418.59
7;2025-12-08;11;1276.96
7;2025-12-08;12;1326.29
7;2025-12-08;13;1340.08
7;2025-12-08;14;1374.53
7;2025-12-08;15;1485.17
7;2025-12-08;16;1614.92
7;2025-12-08;17;2078.68
7;2025-12-08;18;2411.34
7;2025-12-08;19;1616.71
7;2025-12-08;20;1050.27
7;2025-12-08;21;581.23
7;2025-12-08;22;303.94
7;2025-12-08;23;185.2
11;2025-12-08;0;83.21
11;2025-12-08;1;0.0
11;2025-12-08;2;0.0
11;2025-12-08;3;0.0
11;2025-12-08;4;0.0
11;2025-12-08;5;302.63
11;2025-12-08;6;1331.86
11;2025-12-08;7;2170.61
11;2025-12-08;8;2863.0
11;2025-12-08;9;2235.13
11;2025-12-08;10;1677.58
11;2025-12-08;11;1715.91
11;2025-12-08;12;1657.11
11;2025-12-08;13;1771.29
11;2025-12-08;14;1756.65
11;2025-12-08;15;1878.58
11;2025-12-08;16;2110.85
11;2025-12-08;17;2639.5
11;2025-12-08;18;3026.71
11;2025-12-08;19;2282.36
11;2025-12-08;20;1573.39
11;2025-12-08;21;899.37
11;2025-12-08;22;465.47
11;2025-12-08;23;231.29
12;2025-12-08;0;73.73
12;2025-12-08;1;0.0
12;2025-12-08;2;0.0
12;2025-12-08;3;0.0
12;2025-12-08;4;0.0
12;2025-12-08;5;365.72
12;2025-12-08;6;1393.53
12;2025-12-08;7;2493.72
12;2025-12-08;8;3255.37
12;2025-12-08;9;2345.85
12;2025-12-08;10;1929.09
12;2025-12-08;11;1852.09
12;2025-12-08;12;1929.24
12;2025-12-08;13;1871.71
12;2025-12-08;14;1813.45
12;2025-12-08;15;2070.5
12;2025-12-08;16;2505.79
12;2025-12-08;17;2806.24
12;2025-12-08;18;3066.12
12;2025-12-08;19;2462.73
12;2025-12-08;20;1574.27
12;2025-12-08;21;932.06
12;2025-12-08;22;501.98
12;2025-12-08;23;253.65
17;2025-12-08;0;110.43
17;2025-12-08;1;0.0
17;2025-12-08;2;0.0
17;2025-12-08;3;0.0
17;2025-12-08;4;0.0
17;2025-12-08;5;304.17
17;2025-12-08;6;1439.17
17;2025-12-08;7;3695.49
17;2025-12-08;8;4948.97
17;2025-12-08;9;3554.19
17;2025-12-08;10;2758.61
17;2025-12-08;11;2737.34
17;2025-12-08;12;2798.46
17;2025-12-08;13;2855.64
17;2025-12-08;14;2841.64
17;2025-12-08;15;2990.9
17;2025-12-08;16;3366.65
17;2025-12-08;17;4264.61
17;2025-12-08;18;4919.07
17;2025-12-08;19;3488.84
17;2025-12-08;20;2391.54
17;2025-12-08;21;1490.51
17;2025-12-08;22;853.67
17;2025-12-08;23;359.04
25;2025-12-08;0;0.0
25;2025-12-08;1;0.0
25;2025-12-08;2;0.0
25;2025-12-08;3;0.0
25;2025-12-08;4;0.0
25;2025-12-08;5;3.89
25;2025-12-08;6;136.83
25;2025-12-08;7;445.29
25;2025-12-08;8;725.16
25;2025-12-08;9;384.35
25;2025-12-08;10;285.62
25;2025-12-08;11;305.42
25;2025-12-08;12;321.27
25;2025-12-08;13;398.84
25;2025-12-08;14;343.9
25;2025-12-08;15;408.54
25;2025-12-08;16;521.7
25;2025-12-08;17;578.8
25;2025-12-08;18;661.36
25;2025-12-08;19;403.66
25;2025-12-08;20;277.88
25;2025-12-08;21;190.7
25;2025-12-08;22;99.59
25;2025-12-08;23;12.6
26;2025-12-08;0;0.0
26;2025-12-08;1;0.0
26;2025-12-08;2;0.0
26;2025-12-08;3;0.0
26;2025-12-08;4;0.0
26;2025-12-08;5;76.36
26;2025-12-08;6;505.32
26;2025-12-08;7;935.71
26;2025-12-08;8;1771.24
26;2025-12-08;9;1290.77
26;2025-12-08;10;1079.59
26;2025-12-08;11;945.88
26;2025-12-08;12;988.94
26;2025-12-08;13;1034.81
26;2025-12-08;14;984.79
26;2025-12-08;15;1075.91
26;2025-12-08;16;1239.67
26;2025-12-08;17;1445.5
26;2025-12-08;18;1675.97
26;2025-12-08;19;1174.63
26;2025-12-08;20;729.36
26;2025-12-08;21;424.23
26;2025-12-08;22;228.13
26;2025-12-08;23;108.51
28;2025-12-08;0;0.0
28;2025-12-08;1;0.0
28;2025-12-08;2;0.0
28;2025-12-08;3;0.0
28;2025-12-08;4;0.0
28;2025-12-08;5;78.2
28;2025-12-08;6;252.96
28;2025-12-08;7;673.79
28;2025-12-08;8;1016.34
28;2025-12-08;9;766.63
28;2025-12-08;10;548.55
28;2025-12-08;11;506.59
28;2025-12-08;12;598.39
28;2025-12-08;13;625.31
28;2025-12-08;14;557.64
28;2025-12-08;15;585.73
28;2025-12-08;16;738.53
28;2025-12-08;17;847.87
28;2025-12-08;18;869.7
28;2025-12-08;19;679.99
28;2025-12-08;20;463.83
28;2025-12-08;21;290.88
28;2025-12-08;22;125.86
28;2025-12-08;23;17.33
50;2025-12-08;0;0.0
50;2025-12-08;1;0.0
50;2025-12-08;2;0.0
50;2025-12-08;3;0.0
50;2025-12-08;4;0.0
50;2025-12-08;5;74.22
50;2025-12-08;6;534.94
50;2025-12-08;7;1676.76
50;2025-12-08;8;2467.2
50;2025-12-08;9;1949.09
50;2025-12-08;10;1457.11
50;2025-12-08;11;1388.33
50;2025-12-08;12;1282.95
50;2025-12-08;13;1262.82
50;2025-12-08;14;1226.4
50;2025-12-08;15;1354.59
50;2025-12-08;16;1437.22
50;2025-12-08;17;2092.67
50;2025-12-08;18;2322.89
50;2025-12-08;19;1441.58
50;2025-12-08;20;891.51
50;2025-12-08;21;583.04
50;2025-12-08;22;294.18
50;2025-12-08;23;140.2
1;2025-12-09;0;0.0
1;2025-12-09;1;0.0
1;2025-12-09;2;0.0
1;2025-12-09;3;0.0
1;2025-12-09;4;0.0
1;2025-12-09;5;137.26
1;2025-12-09;6;535.18
1;2025-12-09;7;1364.52
1;2025-12-09;8;1724.69
1;2025-12-09;9;1422.51
1;2025-12-09;10;1293.36
1;2025-12-09;11;1290.16
1;2025-12-09;12;1276.3
1;2025-12-09;13;1290.22
1;2025-12-09;14;1170.68
1;2025-12-09;15;1299.17
1;2025-12-09;16;1311.77
1;2025-12-09;17;1530.97
1;2025-12-09;18;1647.01
1;2025-12-09;19;1318.18
1;2025-12-09;20;887.6
1;2025-12-09;21;478.51
1;2025-12-09;22;252.04
1;2025-12-09;23;48.23
5;2025-12-09;0;0.0
5;2025-12-09;1;0.0
5;2025-12-09;2;0.0
5;2025-12-09;3;0.0
5;2025-12-09;4;0.0
5;2025-12-09;5;0.0
5;2025-12-09;6;0.0
5;2025-12-09;7;0.0
5;2025-12-09;8;0.0
5;2025-12-09;9;0.0
5;2025-12-09;10;0.0
5;2025-12-09;11;0.0
5;2025-12-09;12;0.0
5;2025-12-09;13;0.0
5;2025-12-09;14;0.0
5;2025-12-09;15;0.0
5;2025-12-09;16;0.0
5;2025-12-09;17;0.0
5;2025-12-09;18;0.0
5;2025-12-09;19;0.0
5;2025-12-09;20;0.0
5;2025-12-09;21;0.0
5;2025-12-09;22;0.0
5;2025-12-09;23;0.0
7;2025-12-09;0;59.73
7;2025-12-09;1;0.0
7;2025-12-09;2;0.0
7;2025-12-09;3;0.0
7;2025-12-09;4;0.0
7;2025-12-09;5;213.22
7;2025-12-09;6;729.81
7;2025-12-09;7;1536.14
7;2025-12-09;8;2271.65
7;2025-12-09;9;1736.2
7;2025-12-09;10;1506.7
7;2025-12-09;11;1347.3
7;2025-12-09;12;1396.3
7;2025-12-09;13;1402.24
7;2025-12-09;14;1418.5
7;2025-12-09;15;1556.76
7;2025-12-09;16;1622.62
7;2025-12-09;17;2108.88
7;2025-12-09;18;2428.96
7;2025-12-09;19;1721.56
7;2025-12-09;20;1073.5
7;2025-12-09;21;642.3
7;2025-12-09;22;333.23
7;2025-12-09;23;185.08
11;2025-12-09;0;70.89
11;2025-12-09;1;0.0
11;2025-12-09;2;0.0
11;2025-12-09;3;0.0
11;2025-12-09;4;0.0
11;2025-12-09;5;293.55
11;2025-12-09;6;1331.42
11;2025-12-09;7;2225.1
11;2025-12-09;8;2915.29
11;2025-12-09;9;2311.19
11;2025-12-09;10;1756.68
11;2025-12-09;11;1729.45
11;2025-12-09;12;1724.22
11;2025-12-09;13;1850.84
11;2025-12-09;14;1859.89
11;2025-12-09;15;1942.26
11;2025-12-09;16;2151.5
11;2025-12-09;17;2699.62
11;2025-12-09;18;3023.34
11;2025-12-09;19;2288.76
11;2025-12-09;20;1561.49
11;2025-12-09;21;931.12
11;2025-12-09;22;472.4
11;2025-12-09;23;249.68
12;2025-12-09;0;0.0
12;2025-12-09;1;0.0
12;2025-12-09;2;0.0
12;2025-12-09;3;0.0
12;2025-12-09;4;0.0
12;2025-12-09;5;370.95
12;2025-12-09;6;1448.09
12;2025-12-09;7;2614.43
12;2025-12-09;8;3425.24
12;2025-12-09;9;2452.02
12;2025-12-09;10;2044.17
12;2025-12-09;11;1967.61
12;2025-12-09;12;1965.54
12;2025-12-09;13;1943.48
12;2025-12-09;14;1931.53
12;2025-12-09;15;2120.54
12;2025-12-09;16;2645.63
12;2025-12-09;17;2951.98
12;2025-12-09;18;3127.99
12;2025-12-09;19;2587.7
12;2025-12-09;20;1602.2
12;2025-12-09;21;969.56
12;2025-12-09;22;550.34
12;2025-12-09;23;258.86
17;2025-12-09;0;130.55
17;2025-12-09;1;0.0
17;2025-12-09;2;0.0
17;2025-12-09;3;0.0
17;2025-12-09;4;0.0
17;2025-12-09;5;309.94
17;2025-12-09;6;1476.45
17;2025-12-09;7;3787.27
17;2025-12-09;8;5058.64
17;2025-12-09;9;3695.55
17;2025-12-09;10;2877.61
17;2025-12-09;11;2784.88
17;2025-12-09;12;2837.38
17;2025-12-09;13;2860.81
17;2025-12-09;14;2920.2
17;2025-12-09;15;3021.55
17;2025-12-09;16;3440.29
17;2025-12-09;17;4332.48
17;2025-12-09;18;4916.22
17;2025-12-09;19;3566.92
17;2025-12-09;20;2484.54
17;2025-12-09;21;1568.2
17;2025-12-09;22;898.24
17;2025-12-09;23;384.1
25;2025-12-09;0;0.0
25;2025-12-09;1;0.0
25;2025-12-09;2;0.0
25;2025-12-09;3;0.0
25;2025-12-09;4;0.0
25;2025-12-09;5;4.29
25;2025-12-09;6;140.07
25;2025-12-09;7;464.92
25;2025-12-09;8;709.92
25;2025-12-09;9;421.67
25;2025-12-09;10;320.64
25;2025-12-09;11;351.84
25;2025-12-09;12;337.98
25;2025-12-09;13;383.13
25;2025-12-09;14;366.39
25;2025-12-09;15;447.77
25;2025-12-09;16;524.56
25;2025-12-09;17;565.67
25;2025-12-09;18;660.09
25;2025-12-09;19;452.19
25;2025-12-09;20;297.83
25;2025-12-09;21;190.99
25;2025-12-09;22;112.44
25;2025-12-09;23;12.18
26;2025-12-09;0;0.0
26;2025-12-09;1;0.0
26;2025-12-09;2;0.0
26;2025-12-09;3;64.11
26;2025-12-09;4;0.0
26;2025-12-09;5;83.46
26;2025-12-09;6;514.47
26;2025-12-09;7;987.22
26;2025-12-09;8;1819.01
26;2025-12-09;9;1352.13
26;2025-12-09;10;1083.48
26;2025-12-09;11;988.36
26;2025-12-09;12;1009.55
26;2025-12-09;13;1025.75
26;2025-12-09;14;1027.24
26;2025-12-09;15;1102.01
26;2025-12-09;16;1268.14
26;2025-12-09;17;1478.97
26;2025-12-09;18;1675.3
26;2025-12-09;19;1200.15
26;2025-12-09;20;766.39
26;2025-12-09;21;444.75
26;2025-12-09;22;238.51
26;2025-12-09;23;118.95
28;2025-12-09;0;0.0
28;2025-12-09;1;0.0
28;2025-12-09;2;0.0
28;2025-12-09;3;0.0
28;2025-12-09;4;0.0
28;2025-12-09;5;74.6
28;2025-12-09;6;249.5
28;2025-12-09;7;689.52
28;2025-12-09;8;1037.14
28;2025-12-09;9;801.54
28;2025-12-09;10;587.42
28;2025-12-09;11;524.86
28;2025-12-09;12;613.8
28;2025-12-09;13;655.02
28;2025-12-09;14;580.16
28;2025-12-09;15;576.79
28;2025-12-09;16;733.02
28;2025-12-09;17;849.87
28;2025-12-09;18;839.31
28;2025-12-09;19;685.68
28;2025-12-09;20;489.24
28;2025-12-09;21;306.1
28;2025-12-09;22;139.14
28;2025-12-09;23;18.46
50;2025-12-09;0;0.0
50;2025-12-09;1;0.0
50;2025-12-09;2;0.0
50;2025-12-09;3;0.0
50;2025-12-09;4;0.0
50;2025-12-09;5;77.52
50;2025-12-09;6;589.47
50;2025-12-09;7;1733.16
50;2025-12-09;8;2536.57
50;2025-12-09;9;1977.86
50;2025-12-09;10;1541.99
50;2025-12-09;11;1423.85
50;2025-12-09;12;1336.11
50;2025-12-09;13;1306.72
50;2025-12-09;14;1251.84
50;2025-12-09;15;1379.66
50;2025-12-09;16;1468.01
50;2025-12-09;17;2178.49
50;2025-12-09;18;2380.31
50;2025-12-09;19;1424.2
50;2025-12-09;20;934.38
50;2025-12-09;21;628.43
50;2025-12-09;22;310.95
50;2025-12-09;23;148.26
1;2025-12-10;0;0.0
1;2025-12-10;1;0.0
1;2025-12-10;2;0.0
1;2025-12-10;3;0.0
1;2025-12-10;4;0.0
1;2025-12-10;5;129.59
1;2025-12-10;6;504.27
1;2025-12-10;7;1288.05
1;2025-12-10;8;1726.19
1;2025-12-10;9;1381.0
1;2025-12-10;10;1231.17
1;2025-12-10;11;1255.62
1;2025-12-10;12;1262.02
1;2025-12-10;13;1290.06
1;2025-12-10;14;1203.66
1;2025-12-10;15;1308.87
1;2025-12-10;16;1315.42
1;2025-12-10;17;1569.82
1;2025-12-10;18;1648.11
1;2025-12-10;19;1286.74
1;2025-12-10;20;853.83
1;2025-12-10;21;477.75
1;2025-12-10;22;263.28
1;2025-12-10;23;48.33
5;2025-12-10;0;0.0
5;2025-12-10;1;0.0
5;2025-12-10;2;0.0
5;2025-12-10;3;0.0
5;2025-12-10;4;0.0
5;2025-12-10;5;0.0
5;2025-12-10;6;0.0
5;2025-12-10;7;0.0
5;2025-12-10;8;0.0
5;2025-12-10;9;0.0
5;2025-12-10;10;0.0
5;2025-12-10;11;0.0
5;2025-12-10;12;0.0
5;2025-12-10;13;0.0
5;2025-12-10;14;0.0
5;2025-12-10;15;0.0
5;2025-12-10;16;0.0
5;2025-12-10;17;0.0
5;2025-12-10;18;0.0
5;2025-12-10;19;0.0
5;2025-12-10;20;0.0
5;2025-12-10;21;0.0
5;2025-12-10;22;0.0
5;2025-12-10;23;0.0
7;2025-12-10;0;62.28
7;2025-12-10;1;0.0
7;2025-12-10;2;0.0
7;2025-12-10;3;0.0
7;2025-12-10;4;0.0
7;2025-12-10;5;213.19
7;2025-12-10;6;708.92
7;2025-12-10;7;1504.74
7;2025-12-10;8;2296.73
7;2025-12-10;9;1773.84
7;2025-12-10;10;1504.59
7;2025-12-10;11;1347.66
7;2025-12-10;12;1386.8
7;2025-12-10;13;1419.06
7;2025-12-10;14;1452.11
7;2025-12-10;15;1602.77
7;2025-12-10;16;1668.57
7;2025-12-10;17;2168.01
7;2025-12-10;18;2380.65
7;2025-12-10;19;1662.71
7;2025-12-10;20;1088.45
7;2025-12-10;21;651.37
7;2025-12-10;22;365.39
7;2025-12-10;23;206.01
11;2025-12-10;0;71.81
11;2025-12-10;1;0.0
11;2025-12-10;2;0.0
11;2025-12-10;3;0.0
11;2025-12-10;4;0.0
11;2025-12-10;5;300.75
11;2025-12-10;6;1280.4
11;2025-12-10;7;2163.72
11;2025-12-10;8;2895.59
11;2025-12-10;9;2219.26
11;2025-12-10;10;1763.99
11;2025-12-10;11;1766.8
11;2025-12-10;12;1804.73
11;2025-12-10;13;1876.57
11;2025-12-10;14;1818.43
11;2025-12-10;15;1922.76
11;2025-12-10;16;2068.7
11;2025-12-10;17;2652.2
11;2025-12-10;18;2942.34
11;2025-12-10;19;2273.93
11;2025-12-10;20;1561.6
11;2025-12-10;21;947.13
11;2025-12-10;22;492.73
11;2025-12-10;23;262.82
12;2025-12-10;0;61.63
12;2025-12-10;1;0.0
12;2025-12-10;2;0.0
12;2025-12-10;3;0.0
12;2025-12-10;4;0.0
12;2025-12-10;5;354.3
12;2025-12-10;6;1401.78
12;2025-12-10;7;2488.42
12;2025-12-10;8;3161.78
12;2025-12-10;9;2364.27
12;2025-12-10;10;1996.61
12;2025-12-10;11;1961.44
12;2025-12-10;12;1956.85
12;2025-12-10;13;1956.97
12;2025-12-10;14;1935.07
12;2025-12-10;15;2144.44
12;2025-12-10;16;2583.93
12;2025-12-10;17;2876.7
12;2025-12-10;18;3067.32
12;2025-12-10;19;2449.78
12;2025-12-10;20;1596.38
12;2025-12-10;21;1000.88
12;2025-12-10;22;549.17
12;2025-12-10;23;269.24
17;2025-12-10;0;139.57
17;2025-12-10;1;0.0
17;2025-12-10;2;0.0
17;2025-12-10;3;0.0
17;2025-12-10;4;0.0
17;2025-12-10;5;314.78
17;2025-12-10;6;1433.35
17;2025-12-10;7;3616.88
17;2025-12-10;8;4840.86
17;2025-12-10;9;3572.46
17;2025-12-10;10;2826.55
17;2025-12-10;11;2770.69
17;2025-12-10;12;2825.4
17;2025-12-10;13;2920.23
17;2025-12-10;14;2933.57
17;2025-12-10;15;3035.89
17;2025-12-10;16;3368.03
17;2025-12-10;17;4103.9
17;2025-12-10;18;4634.65
17;2025-12-10;19;3383.08
17;2025-12-10;20;2381.56
17;2025-12-10;21;1577.9
17;2025-12-10;22;930.8
17;2025-12-10;23;422.12
25;2025-12-10;0;0.0
25;2025-12-10;1;0.0
25;2025-12-10;2;0.0
25;2025-12-10;3;0.0
25;2025-12-10;4;0.0
25;2025-12-10;5;4.15
25;2025-12-10;6;142.88
25;2025-12-10;7;444.54
25;2025-12-10;8;733.13
25;2025-12-10;9;399.64
25;2025-12-10;10;314.87
25;2025-12-10;11;342.46
25;2025-12-10;12;357.8
25;2025-12-10;13;423.59
25;2025-12-10;14;385.03
25;2025-12-10;15;447.6
25;2025-12-10;16;528.36
25;2025-12-10;17;603.07
25;2025-12-10;18;668.43
25;2025-12-10;19;432.62
25;2025-12-10;20;318.71
25;2025-12-10;21;213.88
25;2025-12-10;22;121.15
25;2025-12-10;23;11.09
26;2025-12-10;0;0.0
26;2025-12-10;1;0.0
26;2025-12-10;2;0.0
26;2025-12-10;3;0.0
26;2025-12-10;4;0.0
26;2025-12-10;5;79.92
26;2025-12-10;6;482.16
26;2025-12-10;7;926.1
26;2025-12-10;8;1709.33
26;2025-12-10;9;1306.06
26;2025-12-10;10;1078.48
26;2025-12-10;11;972.47
26;2025-12-10;12;1011.41
26;2025-12-10;13;1034.66
26;2025-12-10;14;1046.11
26;2025-12-10;15;1080.41
26;2025-12-10;16;1217.6
26;2025-12-10;17;1423.03
26;2025-12-10;18;1601.68
26;2025-12-10;19;1149.39
26;2025-12-10;20;729.7
26;2025-12-10;21;460.78
26;2025-12-10;22;252.31
26;2025-12-10;23;130.46
28;2025-12-10;0;0.0
28;2025-12-10;1;0.0
28;2025-12-10;2;0.0
28;2025-12-10;3;0.0
28;2025-12-10;4;0.0
28;2025-12-10;5;84.93
28;2025-12-10;6;250.43
28;2025-12-10;7;666.32
28;2025-12-10;8;1019.55
28;2025-12-10;9;730.08
28;2025-12-10;10;542.94
28;2025-12-10;11;545.09
28;2025-12-10;12;602.34
28;2025-12-10;13;635.3
28;2025-12-10;14;565.33
28;2025-12-10;15;611.65
28;2025-12-10;16;727.55
28;2025-12-10;17;821.41
28;2025-12-10;18;848.87
28;2025-12-10;19;657.72
28;2025-12-10;20;468.44
28;2025-12-10;21;315.36
28;2025-12-10;22;149.47
28;2025-12-10;23;18.66
50;2025-12-10;0;0.0
50;2025-12-10;1;0.0
50;2025-12-10;2;0.0
50;2025-12-10;3;0.0
50;2025-12-10;4;0.0
50;2025-12-10;5;79.44
50;2025-12-10;6;541.16
50;2025-12-10;7;1624.88
50;2025-12-10;8;2412.63
50;2025-12-10;9;1951.25
50;2025-12-10;10;1464.91
50;2025-12-10;11;1395.45
50;2025-12-10;12;1303.58
50;2025-12-10;13;1313.2
50;2025-12-10;14;1285.56
50;2025-12-10;15;1389.32
50;2025-12-10;16;1546.17
50;2025-12-10;17;2080.89
50;2025-12-10;18;2194.7
50;2025-12-10;19;1418.01
50;2025-12-10;20;879.82
50;2025-12-10;21;614.9
50;2025-12-10;22;325.38
50;2025-12-10;23;151.77
1;2025-12-11;0;0.0
1;2025-12-11;1;0.0
1;2025-12-11;2;0.0
1;2025-12-11;3;0.0
1;2025-12-11;4;0.0
1;2025-12-11;5;117.69
1;2025-12-11;6;497.59
1;2025-12-11;7;1244.92
1;2025-12-11;8;1618.39
1;2025-12-11;9;1319.43
1;2025-12-11;10;1246.44
1;2025-12-11;11;1223.43
1;2025-12-11;12;1257.31
1;2025-12-11;13;1231.95
1;2025-12-11;14;1188.1
1;2025-12-11;15;1258.45
1;2025-12-11;16;1301.72
1;2025-12-11;17;1511.66
1;2025-12-11;18;1609.72
1;2025-12-11;19;1255.83
1;2025-12-11;20;834.96
1;2025-12-11;21;490.17
1;2025-12-11;22;257.49
1;2025-12-11;23;56.01
5;2025-12-11;0;0.0
5;2025-12-11;1;0.0
5;2025-12-11;2;0.0
5;2025-12-11;3;0.0
5;2025-12-11;4;0.0
5;2025-12-11;5;0.0
5;2025-12-11;6;0.0
5;2025-12-11;7;0.0
5;2025-12-11;8;0.0
5;2025-12-11;9;0.0
5;2025-12-11;10;0.0
5;2025-12-11;11;0.0
5;2025-12-11;12;0.0
5;2025-12-11;13;0.0
5;2025-12-11;14;0.0
5;2025-12-11;15;0.0
5;2025-12-11;16;0.0
5;2025-12-11;17;0.0
5;2025-12-11;18;0.0
5;2025-12-11;19;0.0
5;2025-12-11;20;0.0
5;2025-12-11;21;0.0
5;2025-12-11;22;0.0
5;2025-12-11;23;0.0
7;2025-12-11;0;73.31
7;2025-12-11;1;0.0
7;2025-12-11;2;0.0
7;2025-12-11;3;0.0
7;2025-12-11;4;0.0
7;2025-12-11;5;198.67
7;2025-12-11;6;704.57
7;2025-12-11;7;1448.78
7;2025-12-11;8;2170.99
7;2025-12-11;9;1674.17
7;2025-12-11;10;1405.04
7;2025-12-11;11;1321.27
7;2025-12-11;12;1376.05
7;2025-12-11;13;1397.5
7;2025-12-11;14;1431.46
7;2025-12-11;15;1482.12
7;2025-12-11;16;1638.59
7;2025-12-11;17;2040.03
7;2025-12-11;18;2398.44
7;2025-12-11;19;1645.77
7;2025-12-11;20;1054.49
7;2025-12-11;21;659.88
7;2025-12-11;22;352.31
7;2025-12-11;23;202.77
11;2025-12-11;0;76.12
11;2025-12-11;1;0.0
11;2025-12-11;2;0.0
11;2025-12-11;3;0.0
11;2025-12-11;4;0.0
11;2025-12-11;5;301.55
11;2025-12-11;6;1275.63
11;2025-12-11;7;2096.54
11;2025-12-11;8;2675.48
11;2025-12-11;9;2247.96
11;2025-12-11;10;1762.63
11;2025-12-11;11;1719.76
11;2025-12-11;12;1729.71
11;2025-12-11;13;1866.82
11;2025-12-11;14;1826.44
11;2025-12-11;15;1922.68
11;2025-12-11;16;2083.93
11;2025-12-11;17;2587.16
11;2025-12-11;18;2872.87
11;2025-12-11;19;2206.25
11;2025-12-11;20;1510.6
11;2025-12-11;21;943.92
11;2025-12-11;22;506.64
11;2025-12-11;23;274.09
12;2025-12-11;0;58.47
12;2025-12-11;1;0.0
12;2025-12-11;2;0.0
12;2025-12-11;3;0.0
12;2025-12-11;4;0.0
12;2025-12-11;5;345.36
12;2025-12-11;6;1322.03
12;2025-12-11;7;2376.52
12;2025-12-11;8;3041.77
12;2025-12-11;9;2215.42
12;2025-12-11;10;1894.21
12;2025-12-11;11;1884.15
12;2025-12-11;12;1933.12
12;2025-12-11;13;1883.48
12;2025-12-11;14;1860.5
12;2025-12-11;15;2032.89
12;2025-12-11;16;2494.21
12;2025-12-11;17;2761.99
12;2025-12-11;18;2958.46
12;2025-12-11;19;2396.81
12;2025-12-11;20;1567.53
12;2025-12-11;21;966.09
12;2025-12-11;22;550.95
12;2025-12-11;23;282.95
17;2025-12-11;0;147.98
17;2025-12-11;1;0.0
17;2025-12-11;2;0.0
17;2025-12-11;3;0.0
17;2025-12-11;4;0.0
17;2025-12-11;5;298.52
17;2025-12-11;6;1387.1
17;2025-12-11;7;3451.87
17;2025-12-11;8;4635.04
17;2025-12-11;9;3449.75
17;2025-12-11;10;2769.12
17;2025-12-11;11;2735.69
17;2025-12-11;12;2845.27
17;2025-12-11;13;2905.53
17;2025-12-11;14;2931.09
17;2025-12-11;15;3026.3
17;2025-12-11;16;3429.21
17;2025-12-11;17;4133.11
17;2025-12-11;18;4681.52
17;2025-12-11;19;3444.67
17;2025-12-11;20;2454.19
17;2025-12-11;21;1628.78
17;2025-12-11;22;979.85
17;2025-12-11;23;443.05
25;2025-12-11;0;0.0
25;2025-12-11;1;0.0
25;2025-12-11;2;0.0
25;2025-12-11;3;0.0
25;2025-12-11;4;0.0
25;2025-12-11;5;4.6
25;2025-12-11;6;128.07
25;2025-12-11;7;412.6
25;2025-12-11;8;701.86
25;2025-12-11;9;383.77
25;2025-12-11;10;311.31
25;2025-12-11;11;320.17
25;2025-12-11;12;336.6
25;2025-12-11;13;377.68
25;2025-12-11;14;379.11
25;2025-12-11;15;437.19
25;2025-12-11;16;523.9
25;2025-12-11;17;594.74
25;2025-12-11;18;650.01
25;2025-12-11;19;429.06
25;2025-12-11;20;300.93
25;2025-12-11;21;212.65
25;2025-12-11;22;128.24
25;2025-12-11;23;15.17
26;2025-12-11;0;0.0
26;2025-12-11;1;0.0
26;2025-12-11;2;0.0
26;2025-12-11;3;0.0
26;2025-12-11;4;0.0
26;2025-12-11;5;77.35
26;2025-12-11;6;485.31
26;2025-12-11;7;913.83
26;2025-12-11;8;1657.51
26;2025-12-11;9;1241.42
26;2025-12-11;10;1033.84
26;2025-12-11;11;971.82
26;2025-12-11;12;985.73
26;2025-12-11;13;985.76
26;2025-12-11;14;1000.9
26;2025-12-11;15;1074.5
26;2025-12-11;16;1221.92
26;2025-12-11;17;1410.65
26;2025-12-11;18;1617.58
26;2025-12-11;19;1148.88
26;2025-12-11;20;731.89
26;2025-12-11;21;462.85
26;2025-12-11;22;252.65
26;2025-12-11;23;133.13
28;2025-12-11;0;0.0
28;2025-12-11;1;0.0
28;2025-12-11;2;0.0
28;2025-12-11;3;0.0
28;2025-12-11;4;0.0
28;2025-12-11;5;75.99
28;2025-12-11;6;245.61
28;2025-12-11;7;651.87
28;2025-12-11;8;966.06
28;2025-12-11;9;742.66
28;2025-12-11;10;543.57
28;2025-12-11;11;504.64
28;2025-12-11;12;600.59
28;2025-12-11;13;617.67
28;2025-12-11;14;556.5
28;2025-12-11;15;577.77
28;2025-12-11;16;692.24
28;2025-12-11;17;819.14
28;2025-12-11;18;830.95
28;2025-12-11;19;637.08
28;2025-12-11;20;476.92
28;2025-12-11;21;315.19
28;2025-12-11;22;144.25
28;2025-12-11;23;19.98
50;2025-12-11;0;0.0
50;2025-12-11;1;0.0
50;2025-12-11;2;0.0
50;2025-12-11;3;0.0
50;2025-12-11;4;0.0
50;2025-12-11;5;81.89
50;2025-12-11;6;531.8
50;2025-12-11;7;1622.86
50;2025-12-11;8;2322.03
50;2025-12-11;9;1850.9
50;2025-12-11;10;1433.78
50;2025-12-11;11;1366.51
50;2025-12-11;12;1264.11
50;2025-12-11;13;1244.96
50;2025-12-11;14;1178.68
50;2025-12-11;15;1310.67
50;2025-12-11;16;1501.4
50;2025-12-11;17;2025.34
50;2025-12-11;18;2237.6
50;2025-12-11;19;1416.42
50;2025-12-11;20;929.65
50;2025-12-11;21;664.27
50;2025-12-11;22;330.29
50;2025-12-11;23;179.35
1;2025-12-12;0;0.0
1;2025-12-12;1;0.0
1;2025-12-12;2;0.0
1;2025-12-12;3;0.0
1;2025-12-12;4;0.0
1;2025-12-12;5;120.75
1;2025-12-12;6;475.08
1;2025-12-12;7;1238.35
1;2025-12-12;8;1590.62
1;2025-12-12;9;1278.34
1;2025-12-12;10;1170.94
1;2025-12-12;11;1223.61
1;2025-12-12;12;1220.87
1;2025-12-12;13;1240.71
1;2025-12-12;14;1172.6
1;2025-12-12;15;1304.02
1;2025-12-12;16;1351.27
1;2025-12-12;17;1485.08
1;2025-12-12;18;1383.58
1;2025-12-12;19;1065.78
1;2025-12-12;20;762.29
1;2025-12-12;21;486.07
1;2025-12-12;22;261.09
1;2025-12-12;23;62.9
5;2025-12-12;0;0.0
5;2025-12-12;1;0.0
5;2025-12-12;2;0.0
5;2025-12-12;3;0.0
5;2025-12-12;4;0.0
5;2025-12-12;5;0.0
5;2025-12-12;6;0.0
5;2025-12-12;7;0.0
5;2025-12-12;8;0.0
5;2025-12-12;9;0.0
5;2025-12-12;10;0.0
5;2025-12-12;11;0.0
5;2025-12-12;12;0.0
5;2025-12-12;13;0.0
5;2025-12-12;14;0.0
5;2025-12-12;15;0.0
5;2025-12-12;16;0.0
5;2025-12-12;17;0.0
5;2025-12-12;18;0.0
5;2025-12-12;19;0.0
5;2025-12-12;20;0.0
5;2025-12-12;21;0.0
5;2025-12-12;22;0.0
5;2025-12-12;23;0.0
7;2025-12-12;0;72.19
7;2025-12-12;1;0.0
7;2025-12-12;2;0.0
7;2025-12-12;3;0.0
7;2025-12-12;4;0.0
7;2025-12-12;5;192.34
7;2025-12-12;6;631.69
7;2025-12-12;7;1410.57
7;2025-12-12;8;2009.6
7;2025-12-12;9;1597.2
7;2025-12-12;10;1359.23
7;2025-12-12;11;1362.97
7;2025-12-12;12;1432.22
7;2025-12-12;13;1513.99
7;2025-12-12;14;1550.25
7;2025-12-12;15;1610.04
7;2025-12-12;16;1820.0
7;2025-12-12;17;1997.88
7;2025-12-12;18;1865.27
7;2025-12-12;19;1467.13
7;2025-12-12;20;1001.12
7;2025-12-12;21;641.21
7;2025-12-12;22;377.56
7;2025-12-12;23;231.13
11;2025-12-12;0;81.81
11;2025-12-12;1;0.0
11;2025-12-12;2;0.0
11;2025-12-12;3;0.0
11;2025-12-12;4;0.0
11;2025-12-12;5;291.55
11;2025-12-12;6;1244.75
11;2025-12-12;7;1985.12
11;2025-12-12;8;2581.0
11;2025-12-12;9;2126.03
11;2025-12-12;10;1717.62
11;2025-12-12;11;1728.32
11;2025-12-12;12;1777.26
11;2025-12-12;13;1841.09
11;2025-12-12;14;1897.06
11;2025-12-12;15;2043.78
11;2025-12-12;16;2267.91
11;2025-12-12;17;2641.94
11;2025-12-12;18;2414.66
11;2025-12-12;19;2041.2
11;2025-12-12;20;1472.44
11;2025-12-12;21;948.49
11;2025-12-12;22;515.8
11;2025-12-12;23;302.1
12;2025-12-12;0;66.88
12;2025-12-12;1;0.0
12;2025-12-12;2;0.0
12;2025-12-12;3;0.0
12;2025-12-12;4;0.0
12;2025-12-12;5;340.1
12;2025-12-12;6;1311.74
12;2025-12-12;7;2323.2
12;2025-12-12;8;3010.0
12;2025-12-12;9;2159.7
12;2025-12-12;10;1863.83
12;2025-12-12;11;1917.91
12;2025-12-12;12;1899.79
12;2025-12-12;13;1876.4
12;2025-12-12;14;1931.62
12;2025-12-12;15;2248.28
12;2025-12-12;16;2753.63
12;2025-12-12;17;2735.36
12;2025-12-12;18;2466.47
12;2025-12-12;19;2147.45
12;2025-12-12;20;1486.67
12;2025-12-12;21;1006.34
12;2025-12-12;22;572.5
12;2025-12-12;23;309.99
17;2025-12-12;0;161.61
17;2025-12-12;1;0.0
17;2025-12-12;2;0.0
17;2025-12-12;3;0.0
17;2025-12-12;4;0.0
17;2025-12-12;5;294.04
17;2025-12-12;6;1342.71
17;2025-12-12;7;3374.25
17;2025-12-12;8;4493.02
17;2025-12-12;9;3358.4
17;2025-12-12;10;2723.35
17;2025-12-12;11;2768.24
17;2025-12-12;12;2866.16
17;2025-12-12;13;2958.68
17;2025-12-12;14;3033.23
17;2025-12-12;15;3319.0
17;2025-12-12;16;3815.94
17;2025-12-12;17;4191.05
17;2025-12-12;18;4101.36
17;2025-12-12;19;3088.13
17;2025-12-12;20;2353.67
17;2025-12-12;21;1630.93
17;2025-12-12;22;1001.49
17;2025-12-12;23;486.34
25;2025-12-12;0;0.0
25;2025-12-12;1;0.0
25;2025-12-12;2;0.0
25;2025-12-12;3;0.0
25;2025-12-12;4;0.0
25;2025-12-12;5;4.69
25;2025-12-12;6;132.11
25;2025-12-12;7;409.6
25;2025-12-12;8;663.84
25;2025-12-12;9;386.71
25;2025-12-12;10;302.02
25;2025-12-12;11;330.38
25;2025-12-12;12;348.1
25;2025-12-12;13;409.23
25;2025-12-12;14;420.98
25;2025-12-12;15;493.33
25;2025-12-12;16;570.09
25;2025-12-12;17;597.82
25;2025-12-12;18;515.01
25;2025-12-12;19;390.95
25;2025-12-12;20;288.76
25;2025-12-12;21;213.1
25;2025-12-12;22;134.47
25;2025-12-12;23;18.53
26;2025-12-12;0;0.0
26;2025-12-12;1;0.0
26;2025-12-12;2;0.0
26;2025-12-12;3;0.0
26;2025-12-12;4;0.0
26;2025-12-12;5;75.03
26;2025-12-12;6;473.5
26;2025-12-12;7;865.87
26;2025-12-12;8;1570.61
26;2025-12-12;9;1197.83
26;2025-12-12;10;994.34
26;2025-12-12;11;918.43
26;2025-12-12;12;987.55
26;2025-12-12;13;1025.12
26;2025-12-12;14;1010.92
26;2025-12-12;15;1128.15
26;2025-12-12;16;1354.73
26;2025-12-12;17;1411.53
26;2025-12-12;18;1217.23
26;2025-12-12;19;968.61
26;2025-12-12;20;680.12
26;2025-12-12;21;431.64
26;2025-12-12;22;251.37
26;2025-12-12;23;152.49
28;2025-12-12;0;0.0
28;2025-12-12;1;0.0
28;2025-12-12;2;0.0
28;2025-12-12;3;0.0
28;2025-12-12;4;0.0
28;2025-12-12;5;72.84
28;2025-12-12;6;228.33
28;2025-12-12;7;616.01
28;2025-12-12;8;920.71
28;2025-12-12;9;693.55
28;2025-12-12;10;527.83
28;2025-12-12;11;516.31
28;2025-12-12;12;590.33
28;2025-12-12;13;611.08
28;2025-12-12;14;584.11
28;2025-12-12;15;607.33
28;2025-12-12;16;774.08
28;2025-12-12;17;810.8
28;2025-12-12;18;703.19
28;2025-12-12;19;572.73
28;2025-12-12;20;445.33
28;2025-12-12;21;300.45
28;2025-12-12;22;146.83
28;2025-12-12;23;19.24
50;2025-12-12;0;0.0
50;2025-12-12;1;0.0
50;2025-12-12;2;0.0
50;2025-12-12;3;0.0
50;2025-12-12;4;0.0
50;2025-12-12;5;77.35
50;2025-12-12;6;531.86
50;2025-12-12;7;1499.3
50;2025-12-12;8;2253.65
50;2025-12-12;9;1713.51
50;2025-12-12;10;1381.43
50;2025-12-12;11;1367.62
50;2025-12-12;12;1322.42
50;2025-12-12;13;1288.85
50;2025-12-12;14;1220.98
50;2025-12-12;15;1494.3
50;2025-12-12;16;1720.35
50;2025-12-12;17;1849.51
50;2025-12-12;18;1607.85
50;2025-12-12;19;1137.57
50;2025-12-12;20;792.24
50;2025-12-12;21;572.4
50;2025-12-12;22;331.4
50;2025-12-12;23;186.87
1;2025-12-13;0;0.0
1;2025-12-13;1;0.0
1;2025-12-13;2;0.0
1;2025-12-13;3;0.0
1;2025-12-13;4;0.0
1;2025-12-13;5;35.54
1;2025-12-13;6;170.83
1;2025-12-13;7;324.96
1;2025-12-13;8;435.5
1;2025-12-13;9;683.53
1;2025-12-13;10;771.16
1;2025-12-13;11;720.93
1;2025-12-13;12;886.61
1;2025-12-13;13;889.78
1;2025-12-13;14;824.75
1;2025-12-13;15;737.68
1;2025-12-13;16;683.91
1;2025-12-13;17;653.4
1;2025-12-13;18;599.78
1;2025-12-13;19;549.03
1;2025-12-13;20;414.12
1;2025-12-13;21;303.79
1;2025-12-13;22;149.92
1;2025-12-13;23;41.35
5;2025-12-13;0;0.0
5;2025-12-13;1;0.0
5;2025-12-13;2;0.0
5;2025-12-13;3;0.0
5;2025-12-13;4;0.0
5;2025-12-13;5;0.0
5;2025-12-13;6;0.0
5;2025-12-13;7;0.0
5;2025-12-13;8;0.0
5;2025-12-13;9;0.0
5;2025-12-13;10;0.0
5;2025-12-13;11;0.0
5;2025-12-13;12;0.0
5;2025-12-13;13;0.0
5;2025-12-13;14;0.0
5;2025-12-13;15;0.0
5;2025-12-13;16;0.0
5;2025-12-13;17;0.0
5;2025-12-13;18;0.0
5;2025-12-13;19;0.0
5;2025-12-13;20;0.0
5;2025-12-13;21;0.0
5;2025-12-13;22;0.0
5;2025-12-13;23;0.0
7;2025-12-13;0;99.53
7;2025-12-13;1;0.0
7;2025-12-13;2;0.0
7;2025-12-13;3;0.0
7;2025-12-13;4;0.0
7;2025-12-13;5;61.06
7;2025-12-13;6;308.28
7;2025-12-13;7;483.39
7;2025-12-13;8;738.67
7;2025-12-13;9;828.78
7;2025-12-13;10;901.77
7;2025-12-13;11;1054.26
7;2025-12-13;12;1156.14
7;2025-12-13;13;1207.86
7;2025-12-13;14;1252.7
7;2025-12-13;15;1159.47
7;2025-12-13;16;1110.75
7;2025-12-13;17;1078.97
7;2025-12-13;18;1058.62
7;2025-12-13;19;1048.42
7;2025-12-13;20;783.15
7;2025-12-13;21;642.56
7;2025-12-13;22;347.36
7;2025-12-13;23;220.29
11;2025-12-13;0;103.5
11;2025-12-13;1;0.0
11;2025-12-13;2;0.0
11;2025-12-13;3;0.0
11;2025-12-13;4;0.0
11;2025-12-13;5;215.52
11;2025-12-13;6;768.96
11;2025-12-13;7;684.4
11;2025-12-13;8;913.31
11;2025-12-13;9;1092.72
11;2025-12-13;10;1172.48
11;2025-12-13;11;1558.42
11;2025-12-13;12;1700.13
11;2025-12-13;13;1611.93
11;2025-12-13;14;1627.4
11;2025-12-13;15;1660.56
11;2025-12-13;16;1688.83
11;2025-12-13;17;1707.5
11;2025-12-13;18;1517.57
11;2025-12-13;19;1441.1
11;2025-12-13;20;1166.99
11;2025-12-13;21;815.48
11;2025-12-13;22;470.47
11;2025-12-13;23;326.04
12;2025-12-13;0;89.1
12;2025-12-13;1;0.0
12;2025-12-13;2;0.0
12;2025-12-13;3;0.0
12;2025-12-13;4;0.0
12;2025-12-13;5;273.68
12;2025-12-13;6;846.59
12;2025-12-13;7;882.28
12;2025-12-13;8;941.42
12;2025-12-13;9;1089.07
12;2025-12-13;10;1313.52
12;2025-12-13;11;1417.45
12;2025-12-13;12;1375.85
12;2025-12-13;13;1622.34
12;2025-12-13;14;1519.32
12;2025-12-13;15;1408.33
12;2025-12-13;16;1459.45
12;2025-12-13;17;1416.92
12;2025-12-13;18;1376.67
12;2025-12-13;19;1398.27
12;2025-12-13;20;1012.25
12;2025-12-13;21;699.08
12;2025-12-13;22;447.53
12;2025-12-13;23;281.75
17;2025-12-13;0;201.96
17;2025-12-13;1;0.0
17;2025-12-13;2;0.0
17;2025-12-13;3;0.0
17;2025-12-13;4;0.0
17;2025-12-13;5;118.43
17;2025-12-13;6;504.64
17;2025-12-13;7;1032.09
17;2025-12-13;8;1481.87
17;2025-12-13;9;1834.84
17;2025-12-13;10;2051.61
17;2025-12-13;11;2414.5
17;2025-12-13;12;2676.69
17;2025-12-13;13;2848.54
17;2025-12-13;14;2901.1
17;2025-12-13;15;2939.59
17;2025-12-13;16;2912.94
17;2025-12-13;17;2859.64
17;2025-12-13;18;2638.41
17;2025-12-13;19;2277.32
17;2025-12-13;20;1835.22
17;2025-12-13;21;1357.29
17;2025-12-13;22;897.9
17;2025-12-13;23;465.59
25;2025-12-13;0;0.0
25;2025-12-13;1;0.0
25;2025-12-13;2;0.0
25;2025-12-13;3;0.0
25;2025-12-13;4;0.0
25;2025-12-13;5;1.92
25;2025-12-13;6;49.55
25;2025-12-13;7;121.57
25;2025-12-13;8;244.25
25;2025-12-13;9;240.58
25;2025-12-13;10;237.72
25;2025-12-13;11;313.61
25;2025-12-13;12;332.9
25;2025-12-13;13;420.0
25;2025-12-13;14;452.36
25;2025-12-13;15;524.07
25;2025-12-13;16;467.09
25;2025-12-13;17;407.1
25;2025-12-13;18;409.26
25;2025-12-13;19;363.19
25;2025-12-13;20;249.13
25;2025-12-13;21;219.04
25;2025-12-13;22;136.82
25;2025-12-13;23;55.58
26;2025-12-13;0;0.0
26;2025-12-13;1;0.0
26;2025-12-13;2;0.0
26;2025-12-13;3;0.0
26;2025-12-13;4;0.0
26;2025-12-13;5;44.41
26;2025-12-13;6;266.99
26;2025-12-13;7;344.12
26;2025-12-13;8;504.48
26;2025-12-13;9;620.49
26;2025-12-13;10;714.71
26;2025-12-13;11;868.34
26;2025-12-13;12;894.41
26;2025-12-13;13;905.34
26;2025-12-13;14;896.88
26;2025-12-13;15;829.92
26;2025-12-13;16;836.99
26;2025-12-13;17;814.44
26;2025-12-13;18;796.04
26;2025-12-13;19;759.15
26;2025-12-13;20;536.91
26;2025-12-13;21;364.11
26;2025-12-13;22;234.14
26;2025-12-13;23;142.36
28;2025-12-13;0;0.0
28;2025-12-13;1;0.0
28;2025-12-13;2;0.0
28;2025-12-13;3;0.0
28;2025-12-13;4;0.0
28;2025-12-13;5;36.84
28;2025-12-13;6;97.44
28;2025-12-13;7;201.75
28;2025-12-13;8;312.38
28;2025-12-13;9;408.04
28;2025-12-13;10;421.8
28;2025-12-13;11;432.86
28;2025-12-13;12;501.09
28;2025-12-13;13;529.9
28;2025-12-13;14;529.64
28;2025-12-13;15;515.28
28;2025-12-13;16;484.55
28;2025-12-13;17;496.47
28;2025-12-13;18;444.85
28;2025-12-13;19;389.69
28;2025-12-13;20;307.76
28;2025-12-13;21;278.52
28;2025-12-13;22;138.72
28;2025-12-13;23;24.37
50;2025-12-13;0;70.82
50;2025-12-13;1;0.0
50;2025-12-13;2;0.0
50;2025-12-13;3;0.0
50;2025-12-13;4;0.0
50;2025-12-13;5;49.23
50;2025-12-13;6;217.14
50;2025-12-13;7;425.74
50;2025-12-13;8;608.63
50;2025-12-13;9;659.17
50;2025-12-13;10;655.48
50;2025-12-13;11;795.75
50;2025-12-13;12;814.57
50;2025-12-13;13;851.37
50;2025-12-13;14;853.41
50;2025-12-13;15;812.58
50;2025-12-13;16;796.69
50;2025-12-13;17;805.49
50;2025-12-13;18;749.19
50;2025-12-13;19;673.47
50;2025-12-13;20;540.11
50;2025-12-13;21;437.83
50;2025-12-13;22;253.74
50;2025-12-13;23;174.47
1;2025-12-14;0;0.0
1;2025-12-14;1;0.0
1;2025-12-14;2;0.0
1;2025-12-14;3;0.0
1;2025-12-14;4;0.0
1;2025-12-14;5;28.12
1;2025-12-14;6;129.38
1;2025-12-14;7;255.42
1;2025-12-14;8;355.49
1;2025-12-14;9;574.04
1;2025-12-14;10;679.64
1;2025-12-14;11;675.91
1;2025-12-14;12;807.22
1;2025-12-14;13;844.76
1;2025-12-14;14;743.73
1;2025-12-14;15;680.01
1;2025-12-14;16;627.78
1;2025-12-14;17;586.37
1;2025-12-14;18;542.75
1;2025-12-14;19;469.38
1;2025-12-14;20;367.94
1;2025-12-14;21;279.59
1;2025-12-14;22;121.07
1;2025-12-14;23;35.25
5;2025-12-14;0;0.0
5;2025-12-14;1;0.0
5;2025-12-14;2;0.0
5;2025-12-14;3;0.0
5;2025-12-14;4;0.0
5;2025-12-14;5;0.0
5;2025-12-14;6;0.0
5;2025-12-14;7;0.0
5;2025-12-14;8;0.0
5;2025-12-14;9;0.0
5;2025-12-14;10;0.0
5;2025-12-14;11;0.0
5;2025-12-14;12;0.0
5;2025-12-14;13;0.0
5;2025-12-14;14;0.0
5;2025-12-14;15;0.0
5;2025-12-14;16;0.0
5;2025-12-14;17;0.0
5;2025-12-14;18;0.0
5;2025-12-14;19;0.0
5;2025-12-14;20;0.0
5;2025-12-14;21;0.0
5;2025-12-14;22;0.0
5;2025-12-14;23;0.0
7;2025-12-14;0;111.75
7;2025-12-14;1;0.0
7;2025-12-14;2;0.0
7;2025-12-14;3;80.41
7;2025-12-14;4;0.0
7;2025-12-14;5;43.59
7;2025-12-14;6;210.69
7;2025-12-14;7;326.69
7;2025-12-14;8;532.46
7;2025-12-14;9;645.3
7;2025-12-14;10;719.62
7;2025-12-14;11;901.47
7;2025-12-14;12;984.04
7;2025-12-14;13;1035.73
7;2025-12-14;14;1110.13
7;2025-12-14;15;1062.89
7;2025-12-14;16;977.08
7;2025-12-14;17;1032.34
7;2025-12-14;18;932.75
7;2025-12-14;19;818.94
7;2025-12-14;20;676.52
7;2025-12-14;21;541.62
7;2025-12-14;22;313.84
7;2025-12-14;23;185.3
11;2025-12-14;0;111.94
11;2025-12-14;1;0.0
11;2025-12-14;2;0.0
11;2025-12-14;3;64.76
11;2025-12-14;4;0.0
11;2025-12-14;5;130.01
11;2025-12-14;6;517.25
11;2025-12-14;7;523.9
11;2025-12-14;8;666.79
11;2025-12-14;9;901.57
11;2025-12-14;10;1021.95
11;2025-12-14;11;1399.39
11;2025-12-14;12;1536.07
11;2025-12-14;13;1449.34
11;2025-12-14;14;1511.21
11;2025-12-14;15;1587.76
11;2025-12-14;16;1538.67
11;2025-12-14;17;1610.63
11;2025-12-14;18;1371.63
11;2025-12-14;19;1170.22
11;2025-12-14;20;988.35
11;2025-12-14;21;714.7
11;2025-12-14;22;414.94
11;2025-12-14;23;260.91
12;2025-12-14;0;91.73
12;2025-12-14;1;0.0
12;2025-12-14;2;0.0
12;2025-12-14;3;0.0
12;2025-12-14;4;0.0
12;2025-12-14;5;179.69
12;2025-12-14;6;546.69
12;2025-12-14;7;618.74
12;2025-12-14;8;733.19
12;2025-12-14;9;911.78
12;2025-12-14;10;1119.8
12;2025-12-14;11;1241.67
12;2025-12-14;12;1292.33
12;2025-12-14;13;1491.96
12;2025-12-14;14;1435.07
12;2025-12-14;15;1297.42
12;2025-12-14;16;1416.54
12;2025-12-14;17;1493.31
12;2025-12-14;18;1246.35
12;2025-12-14;19;1021.75
12;2025-12-14;20;790.84
12;2025-12-14;21;622.95
12;2025-12-14;22;412.33
12;2025-12-14;23;233.72
17;2025-12-14;0;192.34
17;2025-12-14;1;0.0
17;2025-12-14;2;0.0
17;2025-12-14;3;0.0
17;2025-12-14;4;0.0
17;2025-12-14;5;100.83
17;2025-12-14;6;394.44
17;2025-12-14;7;702.29
17;2025-12-14;8;1108.06
17;2025-12-14;9;1483.49
17;2025-12-14;10;1711.42
17;2025-12-14;11;2117.1
17;2025-12-14;12;2443.27
17;2025-12-14;13;2633.19
17;2025-12-14;14;2663.32
17;2025-12-14;15;2695.7
17;2025-12-14;16;2651.84
17;2025-12-14;17;2553.03
17;2025-12-14;18;2313.71
17;2025-12-14;19;1958.7
17;2025-12-14;20;1588.2
17;2025-12-14;21;1157.84
17;2025-12-14;22;764.56
17;2025-12-14;23;334.53
25;2025-12-14;0;0.0
25;2025-12-14;1;0.0
25;2025-12-14;2;0.0
25;2025-12-14;3;0.0
25;2025-12-14;4;0.0
25;2025-12-14;5;2.98
25;2025-12-14;6;40.19
25;2025-12-14;7;90.89
25;2025-12-14;8;167.64
25;2025-12-14;9;181.44
25;2025-12-14;10;191.31
25;2025-12-14;11;251.57
25;2025-12-14;12;295.91
25;2025-12-14;13;353.03
25;2025-12-14;14;393.5
25;2025-12-14;15;455.7
25;2025-12-14;16;388.79
25;2025-12-14;17;365.09
25;2025-12-14;18;364.84
25;2025-12-14;19;293.95
25;2025-12-14;20;210.86
25;2025-12-14;21;184.02
25;2025-12-14;22;112.48
25;2025-12-14;23;38.22
26;2025-12-14;0;0.0
26;2025-12-14;1;0.0
26;2025-12-14;2;0.0
26;2025-12-14;3;0.0
26;2025-12-14;4;0.0
26;2025-12-14;5;33.82
26;2025-12-14;6;155.45
26;2025-12-14;7;248.88
26;2025-12-14;8;373.63
26;2025-12-14;9;494.03
26;2025-12-14;10;543.24
26;2025-12-14;11;714.28
26;2025-12-14;12;753.36
26;2025-12-14;13;766.53
26;2025-12-14;14;746.88
26;2025-12-14;15;714.54
26;2025-12-14;16;707.01
26;2025-12-14;17;713.69
26;2025-12-14;18;668.42
26;2025-12-14;19;554.72
26;2025-12-14;20;419.89
26;2025-12-14;21;305.05
26;2025-12-14;22;208.92
26;2025-12-14;23;109.13
28;2025-12-14;0;0.0
28;2025-12-14;1;0.0
28;2025-12-14;2;0.0
28;2025-12-14;3;0.0
28;2025-12-14;4;0.0
28;2025-12-14;5;31.1
28;2025-12-14;6;82.36
28;2025-12-14;7;137.0
28;2025-12-14;8;229.36
28;2025-12-14;9;302.75
28;2025-12-14;10;332.96
28;2025-12-14;11;364.84
28;2025-12-14;12;412.62
28;2025-12-14;13;465.51
28;2025-12-14;14;456.17
28;2025-12-14;15;465.0
28;2025-12-14;16;443.07
28;2025-12-14;17;429.05
28;2025-12-14;18;405.06
28;2025-12-14;19;350.59
28;2025-12-14;20;301.26
28;2025-12-14;21;242.2
28;2025-12-14;22;111.28
28;2025-12-14;23;15.59
50;2025-12-14;0;57.46
50;2025-12-14;1;0.0
50;2025-12-14;2;0.0
50;2025-12-14;3;0.0
50;2025-12-14;4;0.0
50;2025-12-14;5;34.93
50;2025-12-14;6;154.46
50;2025-12-14;7;271.16
50;2025-12-14;8;409.77
50;2025-12-14;9;486.6
50;2025-12-14;10;527.77
50;2025-12-14;11;656.75
50;2025-12-14;12;702.24
50;2025-12-14;13;772.55
50;2025-12-14;14;798.37
50;2025-12-14;15;732.62
50;2025-12-14;16;745.68
50;2025-12-14;17;743.78
50;2025-12-14;18;702.61
50;2025-12-14;19;608.32
50;2025-12-14;20;515.88
50;2025-12-14;21;410.7
50;2025-12-14;22;246.88
50;2025-12-14;23;135.0
1;2025-12-15;0;0.0
1;2025-12-15;1;0.0
1;2025-12-15;2;0.0
1;2025-12-15;3;0.0
1;2025-12-15;4;0.0
1;2025-12-15;5;126.69
1;2025-12-15;6;522.07
1;2025-12-15;7;1299.89
1;2025-12-15;8;1667.66
1;2025-12-15;9;1302.04
1;2025-12-15;10;1152.24
1;2025-12-15;11;1193.46
1;2025-12-15;12;1213.22
1;2025-12-15;13;1201.19
1;2025-12-15;14;1144.04
1;2025-12-15;15;1281.6
1;2025-12-15;16;1313.63
1;2025-12-15;17;1572.97
1;2025-12-15;18;1659.64
1;2025-12-15;19;1304.02
1;2025-12-15;20;847.09
1;2025-12-15;21;470.25
1;2025-12-15;22;246.53
1;2025-12-15;23;41.07
5;2025-12-15;0;0.0
5;2025-12-15;1;0.0
5;2025-12-15;2;0.0
5;2025-12-15;3;0.0
5;2025-12-15;4;0.0
5;2025-12-15;5;0.0
5;2025-12-15;6;0.0
5;2025-12-15;7;0.0
5;2025-12-15;8;0.0
5;2025-12-15;9;0.0
5;2025-12-15;10;0.0
5;2025-12-15;11;0.0
5;2025-12-15;12;0.0
5;2025-12-15;13;0.0
5;2025-12-15;14;0.0
5;2025-12-15;15;0.0
5;2025-12-15;16;0.0
5;2025-12-15;17;0.0
5;2025-12-15;18;0.0
5;2025-12-15;19;0.0
5;2025-12-15;20;0.0
5;2025-12-15;21;0.0
5;2025-12-15;22;0.0
5;2025-12-15;23;0.0
7;2025-12-15;0;78.81
7;2025-12-15;1;0.0
7;2025-12-15;2;0.0
7;2025-12-15;3;0.0
7;2025-12-15;4;0.0
7;2025-12-15;5;210.73
7;2025-12-15;6;713.52
7;2025-12-15;7;1518.07
7;2025-12-15;8;2207.0
7;2025-12-15;9;1715.86
7;2025-12-15;10;1418.59
7;2025-12-15;11;1276.96
7;2025-12-15;12;1326.29
7;2025-12-15;13;1340.08
7;2025-12-15;14;1374.53
7;2025-12-15;15;1485.17
7;2025-12-15;16;1614.92
7;2025-12-15;17;2078.68
7;2025-12-15;18;2411.34
7;2025-12-15;19;1616.71
7;2025-12-15;20;1050.27
7;2025-12-15;21;581.23
7;2025-12-15;22;303.94
7;2025-12-15;23;185.2
11;2025-12-15;0;83.21
11;2025-12-15;1;0.0
11;2025-12-15;2;0.0
11;2025-12-15;3;0.0
11;2025-12-15;4;0.0
11;2025-12-15;5;302.63
11;2025-12-15;6;1331.86
11;2025-12-15;7;2170.61
11;2025-12-15;8;2863.0
11;2025-12-15;9;2235.13
11;2025-12-15;10;1677.58
11;2025-12-15;11;1715.91
11;2025-12-15;12;1657.11
11;2025-12-15;13;1771.29
11;2025-12-15;14;1756.65
11;2025-12-15;15;1878.58
11;2025-12-15;16;2110.85
11;2025-12-15;17;2639.5
11;2025-12-15;18;3026.71
11;2025-12-15;19;2282.36
11;2025-12-15;20;1573.39
11;2025-12-15;21;899.37
11;2025-12-15;22;465.47
11;2025-12-15;23;231.29
12;2025-12-15;0;73.73
12;2025-12-15;1;0.0
12;2025-12-15;2;0.0
12;2025-12-15;3;0.0
12;2025-12-15;4;0.0
12;2025-12-15;5;365.72
12;2025-12-15;6;1393.53
12;2025-12-15;7;2493.72
12;2025-12-15;8;3255.37
12;2025-12-15;9;2345.85
12;2025-12-15;10;1929.09
12;2025-12-15;11;1852.09
12;2025-12-15;12;1929.24
12;2025-12-15;13;1871.71
12;2025-12-15;14;1813.45
12;2025-12-15;15;2070.5
12;2025-12-15;16;2505.79
12;2025-12-15;17;2806.24
12;2025-12-15;18;3066.12
12;2025-12-15;19;2462.73
12;2025-12-15;20;1574.27
12;2025-12-15;21;932.06
12;2025-12-15;22;501.98
12;2025-12-15;23;253.65
17;2025-12-15;0;110.43
17;2025-12-15;1;0.0
17;2025-12-15;2;0.0
17;2025-12-15;3;0.0
17;2025-12-15;4;0.0
17;2025-12-15;5;304.17
17;2025-12-15;6;1439.17
17;2025-12-15;7;3695.49
17;2025-12-15;8;4948.97
17;2025-12-15;9;3554.19
17;2025-12-15;10;2758.61
17;2025-12-15;11;2737.34
17;2025-12-15;12;2798.46
17;2025-12-15;13;2855.64
17;2025-12-15;14;2841.64
17;2025-12-15;15;2990.9
17;2025-12-15;16;3366.65
17;2025-12-15;17;4264.61
17;2025-12-15;18;4919.07
17;2025-12-15;19;3488.84
17;2025-12-15;20;2391.54
17;2025-12-15;21;1490.51
17;2025-12-15;22;853.67
17;2025-12-15;23;359.04
25;2025-12-15;0;0.0
25;2025-12-15;1;0.0
25;2025-12-15;2;0.0
25;2025-12-15;3;0.0
25;2025-12-15;4;0.0
25;2025-12-15;5;3.89
25;2025-12-15;6;136.83
25;2025-12-15;7;445.29
25;2025-12-15;8;725.16
25;2025-12-15;9;384.35
25;2025-12-15;10;285.62
25;2025-12-15;11;305.42
25;2025-12-15;12;321.27
25;2025-12-15;13;398.84
25;2025-12-15;14;343.9
25;2025-12-15;15;408.54
25;2025-12-15;16;521.7
25;2025-12-15;17;578.8
25;2025-12-15;18;661.36
25;2025-12-15;19;403.66
25;2025-12-15;20;277.88
25;2025-12-15;21;190.7
25;2025-12-15;22;99.59
25;2025-12-15;23;12.6
26;2025-12-15;0;0.0
26;2025-12-15;1;0.0
26;2025-12-15;2;0.0
26;2025-12-15;3;0.0
26;2025-12-15;4;0.0
26;2025-12-15;5;76.36
26;2025-12-15;6;505.32
26;2025-12-15;7;935.71
26;2025-12-15;8;1771.24
26;2025-12-15;9;1290.77
26;2025-12-15;10;1079.59
26;2025-12-15;11;945.88
26;2025-12-15;12;988.94
26;2025-12-15;13;1034.81
26;2025-12-15;14;984.79
26;2025-12-15;15;1075.91
26;2025-12-15;16;1239.67
26;2025-12-15;17;1445.5
26;2025-12-15;18;1675.97
26;2025-12-15;19;1174.63
26;2025-12-15;20;729.36
26;2025-12-15;21;424.23
26;2025-12-15;22;228.13
26;2025-12-15;23;108.51
28;2025-12-15;0;0.0
28;2025-12-15;1;0.0
28;2025-12-15;2;0.0
28;2025-12-15;3;0.0
28;2025-12-15;4;0.0
28;2025-12-15;5;78.2
28;2025-12-15;6;252.96
28;2025-12-15;7;673.79
28;2025-12-15;8;1016.34
28;2025-12-15;9;766.63
28;2025-12-15;10;548.55
28;2025-12-15;11;506.59
28;2025-12-15;12;598.39
28;2025-12-15;13;625.31
28;2025-12-15;14;557.64
28;2025-12-15;15;585.73
28;2025-12-15;16;738.53
28;2025-12-15;17;847.87
28;2025-12-15;18;869.7
28;2025-12-15;19;679.99
28;2025-12-15;20;463.83
28;2025-12-15;21;290.88
28;2025-12-15;22;125.86
28;2025-12-15;23;17.33
50;2025-12-15;0;0.0
50;2025-12-15;1;0.0
50;2025-12-15;2;0.0
50;2025-12-15;3;0.0
50;2025-12-15;4;0.0
50;2025-12-15;5;74.22
50;2025-12-15;6;534.94
50;2025-12-15;7;1676.76
50;2025-12-15;8;2467.2
50;2025-12-15;9;1949.09
50;2025-12-15;10;1457.11
50;2025-12-15;11;1388.33
50;2025-12-15;12;1282.95
50;2025-12-15;13;1262.82
50;2025-12-15;14;1226.4
50;2025-12-15;15;1354.59
50;2025-12-15;16;1437.22
50;2025-12-15;17;2092.67
50;2025-12-15;18;2322.89
50;2025-12-15;19;1441.58
50;2025-12-15;20;891.51
50;2025-12-15;21;583.04
50;2025-12-15;22;294.18
50;2025-12-15;23;140.2
1;2025-12-16;0;0.0
1;2025-12-16;1;0.0
1;2025-12-16;2;0.0
1;2025-12-16;3;0.0
1;2025-12-16;4;0.0
1;2025-12-16;5;137.26
1;2025-12-16;6;535.18
1;2025-12-16;7;1364.52
1;2025-12-16;8;1724.69
1;2025-12-16;9;1422.51
1;2025-12-16;10;1293.36
1;2025-12-16;11;1290.16
1;2025-12-16;12;1276.3
1;2025-12-16;13;1290.22
1;2025-12-16;14;1170.68
1;2025-12-16;15;1299.17
1;2025-12-16;16;1311.77
1;2025-12-16;17;1530.97
1;2025-12-16;18;1647.01
1;2025-12-16;19;1318.18
1;2025-12-16;20;887.6
1;2025-12-16;21;478.51
1;2025-12-16;22;252.04
1;2025-12-16;23;48.23
5;2025-12-16;0;0.0
5;2025-12-16;1;0.0
5;2025-12-16;2;0.0
5;2025-12-16;3;0.0
5;2025-12-16;4;0.0
5;2025-12-16;5;0.0
5;2025-12-16;6;0.0
5;2025-12-16;7;0.0
5;2025-12-16;8;0.0
5;2025-12-16;9;0.0
5;2025-12-16;10;0.0
5;2025-12-16;11;0.0
5;2025-12-16;12;0.0
5;2025-12-16;13;0.0
5;2025-12-16;14;0.0
5;2025-12-16;15;0.0
5;2025-12-16;16;0.0
5;2025-12-16;17;0.0
5;2025-12-16;18;0.0
5;2025-12-16;19;0.0
5;2025-12-16;20;0.0
5;2025-12-16;21;0.0
5;2025-12-16;22;0.0
5;2025-12-16;23;0.0
7;2025-12-16;0;59.73
7;2025-12-16;1;0.0
7;2025-12-16;2;0.0
7;2025-12-16;3;0.0
7;2025-12-16;4;0.0
7;2025-12-16;5;213.22
7;2025-12-16;6;729.81
7;2025-12-16;7;1536.14
7;2025-12-16;8;2271.65
7;2025-12-16;9;1736.2
7;2025-12-16;10;1506.7
7;2025-12-16;11;1347.3
7;2025-12-16;12;1396.3
7;2025-12-16;13;1402.24
7;2025-12-16;14;1418.5
7;2025-12-16;15;1556.76
7;2025-12-16;16;1622.62
7;2025-12-16;17;2108.88
7;2025-12-16;18;2428.96
7;2025-12-16;19;1721.56
7;2025-12-16;20;1073.5
7;2025-12-16;21;642.3
7;2025-12-16;22;333.23
7;2025-12-16;23;185.08
11;2025-12-16;0;70.89
11;2025-12-16;1;0.0
11;2025-12-16;2;0.0
11;2025-12-16;3;0.0
11;2025-12-16;4;0.0
11;2025-12-16;5;293.55
11;2025-12-16;6;1331.42
11;2025-12-16;7;2225.1
11;2025-12-16;8;2915.29
11;2025-12-16;9;2311.19
11;2025-12-16;10;1756.68
11;2025-12-16;11;1729.45
11;2025-12-16;12;1724.22
11;2025-12-16;13;1850.84
11;2025-12-16;14;1859.89
11;2025-12-16;15;1942.26
11;2025-12-16;16;2151.5
11;2025-12-16;17;2699.62
11;2025-12-16;18;3023.34
11;2025-12-16;19;2288.76
11;2025-12-16;20;1561.49
11;2025-12-16;21;931.12
11;2025-12-16;22;472.4
11;2025-12-16;23;249.68
12;2025-12-16;0;0.0
12;2025-12-16;1;0.0
12;2025-12-16;2;0.0
12;2025-12-16;3;0.0
12;2025-12-16;4;0.0
12;2025-12-16;5;370.95
12;2025-12-16;6;1448.09
12;2025-12-16;7;2614.43
12;2025-12-16;8;3425.24
12;2025-12-16;9;2452.02
12;2025-12-16;10;2044.17
12;2025-12-16;11;1967.61
12;2025-12-16;12;1965.54
12;2025-12-16;13;1943.48
12;2025-12-16;14;1931.53
12;2025-12-16;15;2120.54
12;2025-12-16;16;2645.63
12;2025-12-16;17;2951.98
12;2025-12-16;18;3127.99
12;2025-12-16;19;2587.7
12;2025-12-16;20;1602.2
12;2025-12-16;21;969.56
12;2025-12-16;22;550.34
12;2025-12-16;23;258.86
17;2025-12-16;0;130.55
17;2025-12-16;1;0.0
17;2025-12-16;2;0.0
17;2025-12-16;3;0.0
17;2025-12-16;4;0.0
17;2025-12-16;5;309.94
17;2025-12-16;6;1476.45
17;2025-12-16;7;3787.27
17;2025-12-16;8;5058.64
17;2025-12-16;9;3695.55
17;2025-12-16;10;2877.61
17;2025-12-16;11;2784.88
17;2025-12-16;12;2837.38
17;2025-12-16;13;2860.81
17;2025-12-16;14;2920.2
17;2025-12-16;15;3021.55
17;2025-12-16;16;3440.29
17;2025-12-16;17;4332.48
17;2025-12-16;18;4916.22
17;2025-12-16;19;3566.92
17;2025-12-16;20;2484.54
17;2025-12-16;21;1568.2
17;2025-12-16;22;898.24
17;2025-12-16;23;384.1
25;2025-12-16;0;0.0
25;2025-12-16;1;0.0
25;2025-12-16;2;0.0
25;2025-12-16;3;0.0
25;2025-12-16;4;0.0
25;2025-12-16;5;4.29
25;2025-12-16;6;140.07
25;2025-12-16;7;464.92
25;2025-12-16;8;709.92
25;2025-12-16;9;421.67
25;2025-12-16;10;320.64
25;2025-12-16;11;351.84
25;2025-12-16;12;337.98
25;2025-12-16;13;383.13
25;2025-12-16;14;366.39
25;2025-12-16;15;447.77
25;2025-12-16;16;524.56
25;2025-12-16;17;565.67
25;2025-12-16;18;660.09
25;2025-12-16;19;452.19
25;2025-12-16;20;297.83
25;2025-12-16;21;190.99
25;2025-12-16;22;112.44
25;2025-12-16;23;12.18
26;2025-12-16;0;0.0
26;2025-12-16;1;0.0
26;2025-12-16;2;0.0
26;2025-12-16;3;64.11
26;2025-12-16;4;0.0
26;2025-12-16;5;83.46
26;2025-12-16;6;514.47
26;2025-12-16;7;987.22
26;2025-12-16;8;1819.01
26;2025-12-16;9;1352.13
26;2025-12-16;10;1083.48
26;2025-12-16;11;988.36
26;2025-12-16;12;1009.55
26;2025-12-16;13;1025.75
26;2025-12-16;14;1027.24
26;2025-12-16;15;1102.01
26;2025-12-16;16;1268.14
26;2025-12-16;17;1478.97
26;2025-12-16;18;1675.3
26;2025-12-16;19;1200.15
26;2025-12-16;20;766.39
26;2025-12-16;21;444.75
26;2025-12-16;22;238.51
26;2025-12-16;23;118.95
28;2025-12-16;0;0.0
28;2025-12-16;1;0.0
28;2025-12-16;2;0.0
28;2025-12-16;3;0.0
28;2025-12-16;4;0.0
28;2025-12-16;5;74.6
28;2025-12-16;6;249.5
28;2025-12-16;7;689.52
28;2025-12-16;8;1037.14
28;2025-12-16;9;801.54
28;2025-12-16;10;587.42
28;2025-12-16;11;524.86
28;2025-12-16;12;613.8
28;2025-12-16;13;655.02
28;2025-12-16;14;580.16
28;2025-12-16;15;576.79
28;2025-12-16;16;733.02
28;2025-12-16;17;849.87
28;2025-12-16;18;839.31
28;2025-12-16;19;685.68
28;2025-12-16;20;489.24
28;2025-12-16;21;306.1
28;2025-12-16;22;139.14
28;2025-12-16;23;18.46
50;2025-12-16;0;0.0
50;2025-12-16;1;0.0
50;2025-12-16;2;0.0
50;2025-12-16;3;0.0
50;2025-12-16;4;0.0
50;2025-12-16;5;77.52
50;2025-12-16;6;589.47
50;2025-12-16;7;1733.16
50;2025-12-16;8;2536.57
50;2025-12-16;9;1977.86
50;2025-12-16;10;1541.99
50;2025-12-16;11;1423.85
50;2025-12-16;12;1336.11
50;2025-12-16;13;1306.72
50;2025-12-16;14;1251.84
50;2025-12-16;15;1379.66
50;2025-12-16;16;1468.01
50;2025-12-16;17;2178.49
50;2025-12-16;18;2380.31
50;2025-12-16;19;1424.2
50;2025-12-16;20;934.38
50;2025-12-16;21;628.43
50;2025-12-16;22;310.95
50;2025-12-16;23;148.26
1;2025-12-17;0;0.0
1;2025-12-17;1;0.0
1;2025-12-17;2;0.0
1;2025-12-17;3;0.0
1;2025-12-17;4;0.0
1;2025-12-17;5;129.59
1;2025-12-17;6;504.27
1;2025-12-17;7;1288.05
1;2025-12-17;8;1726.19
1;2025-12-17;9;1381.0
1;2025-12-17;10;1231.17
1;2025-12-17;11;1255.62
1;2025-12-17;12;1262.02
1;2025-12-17;13;1290.06
1;2025-12-17;14;1203.66
1;2025-12-17;15;1308.87
1;2025-12-17;16;1315.42
1;2025-12-17;17;1569.82
1;2025-12-17;18;1648.11
1;2025-12-17;19;1286.74
1;2025-12-17;20;853.83
1;2025-12-17;21;477.75
1;2025-12-17;22;263.28
1;2025-12-17;23;48.33
5;2025-12-17;0;0.0
5;2025-12-17;1;0.0
5;2025-12-17;2;0.0
5;2025-12-17;3;0.0
5;2025-12-17;4;0.0
5;2025-12-17;5;0.0
5;2025-12-17;6;0.0
5;2025-12-17;7;0.0
5;2025-12-17;8;0.0
5;2025-12-17;9;0.0
5;2025-12-17;10;0.0
5;2025-12-17;11;0.0
5;2025-12-17;12;0.0
5;2025-12-17;13;0.0
5;2025-12-17;14;0.0
5;2025-12-17;15;0.0
5;2025-12-17;16;0.0
5;2025-12-17;17;0.0
5;2025-12-17;18;0.0
5;2025-12-17;19;0.0
5;2025-12-17;20;0.0
5;2025-12-17;21;0.0
5;2025-12-17;22;0.0
5;2025-12-17;23;0.0
7;2025-12-17;0;62.28
7;2025-12-17;1;0.0
7;2025-12-17;2;0.0
7;2025-12-17;3;0.0
7;2025-12-17;4;0.0
7;2025-12-17;5;213.19
7;2025-12-17;6;708.92
7;2025-12-17;7;1504.74
7;2025-12-17;8;2296.73
7;2025-12-17;9;1773.84
7;2025-12-17;10;1504.59
7;2025-12-17;11;1347.66
7;2025-12-17;12;1386.8
7;2025-12-17;13;1419.06
7;2025-12-17;14;1452.11
7;2025-12-17;15;1602.77
7;2025-12-17;16;1668.57
7;2025-12-17;17;2168.01
7;2025-12-17;18;2380.65
7;2025-12-17;19;1662.71
7;2025-12-17;20;1088.45
7;2025-12-17;21;651.37
7;2025-12-17;22;365.39
7;2025-12-17;23;206.01
11;2025-12-17;0;71.81
11;2025-12-17;1;0.0
11;2025-12-17;2;0.0
11;2025-12-17;3;0.0
11;2025-12-17;4;0.0
11;2025-12-17;5;300.75
11;2025-12-17;6;1280.4
11;2025-12-17;7;2163.72
11;2025-12-17;8;2895.59
11;2025-12-17;9;2219.26
11;2025-12-17;10;1763.99
11;2025-12-17;11;1766.8
11;2025-12-17;12;1804.73
11;2025-12-17;13;1876.57
11;2025-12-17;14;1818.43
11;2025-12-17;15;1922.76
11;2025-12-17;16;2068.7
11;2025-12-17;17;2652.2
11;2025-12-17;18;2942.34
11;2025-12-17;19;2273.93
11;2025-12-17;20;1561.6
11;2025-12-17;21;947.13
11;2025-12-17;22;492.73
11;2025-12-17;23;262.82
12;2025-12-17;0;61.63
12;2025-12-17;1;0.0
12;2025-12-17;2;0.0
12;2025-12-17;3;0.0
12;2025-12-17;4;0.0
12;2025-12-17;5;354.3
12;2025-12-17;6;1401.78
12;2025-12-17;7;2488.42
12;2025-12-17;8;3161.78
12;2025-12-17;9;2364.27
12;2025-12-17;10;1996.61
12;2025-12-17;11;1961.44
12;2025-12-17;12;1956.85
12;2025-12-17;13;1956.97
12;2025-12-17;14;1935.07
12;2025-12-17;15;2144.44
12;2025-12-17;16;2583.93
12;2025-12-17;17;2876.7
12;2025-12-17;18;3067.32
12;2025-12-17;19;2449.78
12;2025-12-17;20;1596.38
12;2025-12-17;21;1000.88
12;2025-12-17;22;549.17
12;2025-12-17;23;269.24
17;2025-12-17;0;139.57
17;2025-12-17;1;0.0
17;2025-12-17;2;0.0
17;2025-12-17;3;0.0
17;2025-12-17;4;0.0
17;2025-12-17;5;314.78
17;2025-12-17;6;1433.35
17;2025-12-17;7;3616.88
17;2025-12-17;8;4840.86
17;2025-12-17;9;3572.46
17;2025-12-17;10;2826.55
17;2025-12-17;11;2770.69
17;2025-12-17;12;2825.4
17;2025-12-17;13;2920.23
17;2025-12-17;14;2933.57
17;2025-12-17;15;3035.89
17;2025-12-17;16;3368.03
17;2025-12-17;17;4103.9
17;2025-12-17;18;4634.65
17;2025-12-17;19;3383.08
17;2025-12-17;20;2381.56
17;2025-12-17;21;1577.9
17;2025-12-17;22;930.8
17;2025-12-17;23;422.12
25;2025-12-17;0;0.0
25;2025-12-17;1;0.0
25;2025-12-17;2;0.0
25;2025-12-17;3;0.0
25;2025-12-17;4;0.0
25;2025-12-17;5;4.15
25;2025-12-17;6;142.88
25;2025-12-17;7;444.54
25;2025-12-17;8;733.13
25;2025-12-17;9;399.64
25;2025-12-17;10;314.87
25;2025-12-17;11;342.46
25;2025-12-17;12;357.8
25;2025-12-17;13;423.59
25;2025-12-17;14;385.03
25;2025-12-17;15;447.6
25;2025-12-17;16;528.36
25;2025-12-17;17;603.07
25;2025-12-17;18;668.43
25;2025-12-17;19;432.62
25;2025-12-17;20;318.71
25;2025-12-17;21;213.88
25;2025-12-17;22;121.15
25;2025-12-17;23;11.09
26;2025-12-17;0;0.0
26;2025-12-17;1;0.0
26;2025-12-17;2;0.0
26;2025-12-17;3;0.0
26;2025-12-17;4;0.0
26;2025-12-17;5;79.92
26;2025-12-17;6;482.16
26;2025-12-17;7;926.1
26;2025-12-17;8;1709.33
26;2025-12-17;9;1306.06
26;2025-12-17;10;1078.48
26;2025-12-17;11;972.47
26;2025-12-17;12;1011.41
26;2025-12-17;13;1034.66
26;2025-12-17;14;1046.11
26;2025-12-17;15;1080.41
26;2025-12-17;16;1217.6
26;2025-12-17;17;1423.03
26;2025-12-17;18;1601.68
26;2025-12-17;19;1149.39
26;2025-12-17;20;729.7
26;2025-12-17;21;460.78
26;2025-12-17;22;252.31
26;2025-12-17;23;130.46
28;2025-12-17;0;0.0
28;2025-12-17;1;0.0
28;2025-12-17;2;0.0
28;2025-12-17;3;0.0
28;2025-12-17;4;0.0
28;2025-12-17;5;84.93
28;2025-12-17;6;250.43
28;2025-12-17;7;666.32
28;2025-12-17;8;1019.55
28;2025-12-17;9;730.08
28;2025-12-17;10;542.94
28;2025-12-17;11;545.09
28;2025-12-17;12;602.34
28;2025-12-17;13;635.3
28;2025-12-17;14;565.33
28;2025-12-17;15;611.65
28;2025-12-17;16;727.55
28;2025-12-17;17;821.41
28;2025-12-17;18;848.87
28;2025-12-17;19;657.72
28;2025-12-17;20;468.44
28;2025-12-17;21;315.36
28;2025-12-17;22;149.47
28;2025-12-17;23;18.66
50;2025-12-17;0;0.0
50;2025-12-17;1;0.0
50;2025-12-17;2;0.0
50;2025-12-17;3;0.0
50;2025-12-17;4;0.0
50;2025-12-17;5;79.44
50;2025-12-17;6;541.16
50;2025-12-17;7;1624.88
50;2025-12-17;8;2412.63
50;2025-12-17;9;1951.25
50;2025-12-17;10;1464.91
50;2025-12-17;11;1395.45
50;2025-12-17;12;1303.58
50;2025-12-17;13;1313.2
50;2025-12-17;14;1285.56
50;2025-12-17;15;1389.32
50;2025-12-17;16;1546.17
50;2025-12-17;17;2080.89
50;2025-12-17;18;2194.7
50;2025-12-17;19;1418.01
50;2025-12-17;20;879.82
50;2025-12-17;21;614.9
50;2025-12-17;22;325.38
50;2025-12-17;23;151.77
1;2025-12-18;0;0.0
1;2025-12-18;1;0.0
1;2025-12-18;2;0.0
1;2025-12-18;3;0.0
1;2025-12-18;4;0.0
1;2025-12-18;5;117.69
1;2025-12-18;6;497.59
1;2025-12-18;7;1244.92
1;2025-12-18;8;1618.39
1;2025-12-18;9;1319.43
1;2025-12-18;10;1246.44
1;2025-12-18;11;1223.43
1;2025-12-18;12;1257.31
1;2025-12-18;13;1231.95
1;2025-12-18;14;1188.1
1;2025-12-18;15;1258.45
1;2025-12-18;16;1301.72
1;2025-12-18;17;1511.66
1;2025-12-18;18;1609.72
1;2025-12-18;19;1255.83
1;2025-12-18;20;834.96
1;2025-12-18;21;490.17
1;2025-12-18;22;257.49
1;2025-12-18;23;56.01
5;2025-12-18;0;0.0
5;2025-12-18;1;0.0
5;2025-12-18;2;0.0
5;2025-12-18;3;0.0
5;2025-12-18;4;0.0
5;2025-12-18;5;0.0
5;2025-12-18;6;0.0
5;2025-12-18;7;0.0
5;2025-12-18;8;0.0
5;2025-12-18;9;0.0
5;2025-12-18;10;0.0
5;2025-12-18;11;0.0
5;2025-12-18;12;0.0
5;2025-12-18;13;0.0
5;2025-12-18;14;0.0
5;2025-12-18;15;0.0
5;2025-12-18;16;0.0
5;2025-12-18;17;0.0
5;2025-12-18;18;0.0
5;2025-12-18;19;0.0
5;2025-12-18;20;0.0
5;2025-12-18;21;0.0
5;2025-12-18;22;0.0
5;2025-12-18;23;0.0
7;2025-12-18;0;73.31
7;2025-12-18;1;0.0
7;2025-12-18;2;0.0
7;2025-12-18;3;0.0
7;2025-12-18;4;0.0
7;2025-12-18;5;198.67
7;2025-12-18;6;704.57
7;2025-12-18;7;1448.78
7;2025-12-18;8;2170.99
7;2025-12-18;9;1674.17
7;2025-12-18;10;1405.04
7;2025-12-18;11;1321.27
7;2025-12-18;12;1376.05
7;2025-12-18;13;1397.5
7;2025-12-18;14;1431.46
7;2025-12-18;15;1482.12
7;2025-12-18;16;1638.59
7;2025-12-18;17;2040.03
7;2025-12-18;18;2398.44
7;2025-12-18;19;1645.77
7;2025-12-18;20;1054.49
7;2025-12-18;21;659.88
7;2025-12-18;22;352.31
7;2025-12-18;23;202.77
11;2025-12-18;0;76.12
11;2025-12-18;1;0.0
11;2025-12-18;2;0.0
11;2025-12-18;3;0.0
11;2025-12-18;4;0.0
11;2025-12-18;5;301.55
11;2025-12-18;6;1275.63
11;2025-12-18;7;2096.54
11;2025-12-18;8;2675.48
11;2025-12-18;9;2247.96
11;2025-12-18;10;1762.63
11;2025-12-18;11;1719.76
11;2025-12-18;12;1729.71
11;2025-12-18;13;1866.82
11;2025-12-18;14;1826.44
11;2025-12-18;15;1922.68
11;2025-12-18;16;2083.93
11;2025-12-18;17;2587.16
11;2025-12-18;18;2872.87
11;2025-12-18;19;2206.25
11;2025-12-18;20;1510.6
11;2025-12-18;21;943.92
11;2025-12-18;22;506.64
11;2025-12-18;23;274.09
12;2025-12-18;0;58.47
12;2025-12-18;1;0.0
12;2025-12-18;2;0.0
12;2025-12-18;3;0.0
12;2025-12-18;4;0.0
12;2025-12-18;5;345.36
12;2025-12-18;6;1322.03
12;2025-12-18;7;2376.52
12;2025-12-18;8;3041.77
12;2025-12-18;9;2215.42
12;2025-12-18;10;1894.21
12;2025-12-18;11;1884.15
12;2025-12-18;12;1933.12
12;2025-12-18;13;1883.48
12;2025-12-18;14;1860.5
12;2025-12-18;15;2032.89
12;2025-12-18;16;2494.21
12;2025-12-18;17;2761.99
12;2025-12-18;18;2958.46
12;2025-12-18;19;2396.81
12;2025-12-18;20;1567.53
12;2025-12-18;21;966.09
12;2025-12-18;22;550.95
12;2025-12-18;23;282.95
17;2025-12-18;0;147.98
17;2025-12-18;1;0.0
17;2025-12-18;2;0.0
17;2025-12-18;3;0.0
17;2025-12-18;4;0.0
17;2025-12-18;5;298.52
17;2025-12-18;6;1387.1
17;2025-12-18;7;3451.87
17;2025-12-18;8;4635.04
17;2025-12-18;9;3449.75
17;2025-12-18;10;2769.12
17;2025-12-18;11;2735.69
17;2025-12-18;12;2845.27
17;2025-12-18;13;2905.53
17;2025-12-18;14;2931.09
17;2025-12-18;15;3026.3
17;2025-12-18;16;3429.21
17;2025-12-18;17;4133.11
17;2025-12-18;18;4681.52
17;2025-12-18;19;3444.67
17;2025-12-18;20;2454.19
17;2025-12-18;21;1628.78
17;2025-12-18;22;979.85
17;2025-12-18;23;443.05
25;2025-12-18;0;0.0
25;2025-12-18;1;0.0
25;2025-12-18;2;0.0
25;2025-12-18;3;0.0
25;2025-12-18;4;0.0
25;2025-12-18;5;4.6
25;2025-12-18;6;128.07
25;2025-12-18;7;412.6
25;2025-12-18;8;701.86
25;2025-12-18;9;383.77
25;2025-12-18;10;311.31
25;2025-12-18;11;320.17
25;2025-12-18;12;336.6
25;2025-12-18;13;377.68
25;2025-12-18;14;379.11
25;2025-12-18;15;437.19
25;2025-12-18;16;523.9
25;2025-12-18;17;594.74
25;2025-12-18;18;650.01
25;2025-12-18;19;429.06
25;2025-12-18;20;300.93
25;2025-12-18;21;212.65
25;2025-12-18;22;128.24
25;2025-12-18;23;15.17
26;2025-12-18;0;0.0
26;2025-12-18;1;0.0
26;2025-12-18;2;0.0
26;2025-12-18;3;0.0
26;2025-12-18;4;0.0
26;2025-12-18;5;77.35
26;2025-12-18;6;485.31
26;2025-12-18;7;913.83
26;2025-12-18;8;1657.51
26;2025-12-18;9;1241.42
26;2025-12-18;10;1033.84
26;2025-12-18;11;971.82
26;2025-12-18;12;985.73
26;2025-12-18;13;985.76
26;2025-12-18;14;1000.9
26;2025-12-18;15;1074.5
26;2025-12-18;16;1221.92
26;2025-12-18;17;1410.65
26;2025-12-18;18;1617.58
26;2025-12-18;19;1148.88
26;2025-12-18;20;731.89
26;2025-12-18;21;462.85
26;2025-12-18;22;252.65
26;2025-12-18;23;133.13
28;2025-12-18;0;0.0
28;2025-12-18;1;0.0
28;2025-12-18;2;0.0
28;2025-12-18;3;0.0
28;2025-12-18;4;0.0
28;2025-12-18;5;75.99
28;2025-12-18;6;245.61
28;2025-12-18;7;651.87
28;2025-12-18;8;966.06
28;2025-12-18;9;742.66
28;2025-12-18;10;543.57
28;2025-12-18;11;504.64
28;2025-12-18;12;600.59
28;2025-12-18;13;617.67
28;2025-12-18;14;556.5
28;2025-12-18;15;577.77
28;2025-12-18;16;692.24
28;2025-12-18;17;819.14
28;2025-12-18;18;830.95
28;2025-12-18;19;637.08
28;2025-12-18;20;476.92
28;2025-12-18;21;315.19
28;2025-12-18;22;144.25
28;2025-12-18;23;19.98
50;2025-12-18;0;0.0
50;2025-12-18;1;0.0
50;2025-12-18;2;0.0
50;2025-12-18;3;0.0
50;2025-12-18;4;0.0
50;2025-12-18;5;81.89
50;2025-12-18;6;531.8
50;2025-12-18;7;1622.86
50;2025-12-18;8;2322.03
50;2025-12-18;9;1850.9
50;2025-12-18;10;1433.78
50;2025-12-18;11;1366.51
50;2025-12-18;12;1264.11
50;2025-12-18;13;1244.96
50;2025-12-18;14;1178.68
50;2025-12-18;15;1310.67
50;2025-12-18;16;1501.4
50;2025-12-18;17;2025.34
50;2025-12-18;18;2237.6
50;2025-12-18;19;1416.42
50;2025-12-18;20;929.65
50;2025-12-18;21;664.27
50;2025-12-18;22;330.29
50;2025-12-18;23;179.35
1;2025-12-19;0;0.0
1;2025-12-19;1;0.0
1;2025-12-19;2;0.0
1;2025-12-19;3;0.0
1;2025-12-19;4;0.0
1;2025-12-19;5;120.75
1;2025-12-19;6;475.08
1;2025-12-19;7;1238.35
1;2025-12-19;8;1590.62
1;2025-12-19;9;1278.34
1;2025-12-19;10;1170.94
1;2025-12-19;11;1223.61
1;2025-12-19;12;1220.87
1;2025-12-19;13;1240.71
1;2025-12-19;14;1172.6
1;2025-12-19;15;1304.02
1;2025-12-19;16;1351.27
1;2025-12-19;17;1485.08
1;2025-12-19;18;1383.58
1;2025-12-19;19;1065.78
1;2025-12-19;20;762.29
1;2025-12-19;21;486.07
1;2025-12-19;22;261.09
1;2025-12-19;23;62.9
5;2025-12-19;0;0.0
5;2025-12-19;1;0.0
5;2025-12-19;2;0.0
5;2025-12-19;3;0.0
5;2025-12-19;4;0.0
5;2025-12-19;5;0.0
5;2025-12-19;6;0.0
5;2025-12-19;7;0.0
5;2025-12-19;8;0.0
5;2025-12-19;9;0.0
5;2025-12-19;10;0.0
5;2025-12-19;11;0.0
5;2025-12-19;12;0.0
5;2025-12-19;13;0.0
5;2025-12-19;14;0.0
5;2025-12-19;15;0.0
5;2025-12-19;16;0.0
5;2025-12-19;17;0.0
5;2025-12-19;18;0.0
5;2025-12-19;19;0.0
5;2025-12-19;20;0.0
5;2025-12-19;21;0.0
5;2025-12-19;22;0.0
5;2025-12-19;23;0.0
7;2025-12-19;0;72.19
7;2025-12-19;1;0.0
7;2025-12-19;2;0.0
7;2025-12-19;3;0.0
7;2025-12-19;4;0.0
7;2025-12-19;5;192.34
7;2025-12-19;6;631.69
7;2025-12-19;7;1410.57
7;2025-12-19;8;2009.6
7;2025-12-19;9;1597.2
7;2025-12-19;10;1359.23
7;2025-12-19;11;1362.97
7;2025-12-19;12;1432.22
7;2025-12-19;13;1513.99
7;2025-12-19;14;1550.25
7;2025-12-19;15;1610.04
7;2025-12-19;16;1820.0
7;2025-12-19;17;1997.88
7;2025-12-19;18;1865.27
7;2025-12-19;19;1467.13
7;2025-12-19;20;1001.12
7;2025-12-19;21;641.21
7;2025-12-19;22;377.56
7;2025-12-19;23;231.13
11;2025-12-19;0;81.81
11;2025-12-19;1;0.0
11;2025-12-19;2;0.0
11;2025-12-19;3;0.0
11;2025-12-19;4;0.0
11;2025-12-19;5;291.55
11;2025-12-19;6;1244.75
11;2025-12-19;7;1985.12
11;2025-12-19;8;2581.0
11;2025-12-19;9;2126.03
11;2025-12-19;10;1717.62
11;2025-12-19;11;1728.32
11;2025-12-19;12;1777.26
11;2025-12-19;13;1841.09
11;2025-12-19;14;1897.06
11;2025-12-19;15;2043.78
11;2025-12-19;16;2267.91
11;2025-12-19;17;2641.94
11;2025-12-19;18;2414.66
11;2025-12-19;19;2041.2
11;2025-12-19;20;1472.44
11;2025-12-19;21;948.49
11;2025-12-19;22;515.8
11;2025-12-19;23;302.1
12;2025-12-19;0;66.88
12;2025-12-19;1;0.0
12;2025-12-19;2;0.0
12;2025-12-19;3;0.0
12;2025-12-19;4;0.0
12;2025-12-19;5;340.1
12;2025-12-19;6;1311.74
12;2025-12-19;7;2323.2
12;2025-12-19;8;3010.0
12;2025-12-19;9;2159.7
12;2025-12-19;10;1863.83
12;2025-12-19;11;1917.91
12;2025-12-19;12;1899.79
12;2025-12-19;13;1876.4
12;2025-12-19;14;1931.62
12;2025-12-19;15;2248.28
12;2025-12-19;16;2753.63
12;2025-12-19;17;2735.36
12;2025-12-19;18;2466.47
12;2025-12-19;19;2147.45
12;2025-12-19;20;1486.67
12;2025-12-19;21;1006.34
12;2025-12-19;22;572.5
12;2025-12-19;23;309.99
17;2025-12-19;0;161.61
17;2025-12-19;1;0.0
17;2025-12-19;2;0.0
17;2025-12-19;3;0.0
17;2025-12-19;4;0.0
17;2025-12-19;5;294.04
17;2025-12-19;6;1342.71
17;2025-12-19;7;3374.25
17;2025-12-19;8;4493.02
17;2025-12-19;9;3358.4
17;2025-12-19;10;2723.35
17;2025-12-19;11;2768.24
17;2025-12-19;12;2866.16
17;2025-12-19;13;2958.68
17;2025-12-19;14;3033.23
17;2025-12-19;15;3319.0
17;2025-12-19;16;3815.94
17;2025-12-19;17;4191.05
17;2025-12-19;18;4101.36
17;2025-12-19;19;3088.13
17;2025-12-19;20;2353.67
17;2025-12-19;21;1630.93
17;2025-12-19;22;1001.49
17;2025-12-19;23;486.34
25;2025-12-19;0;0.0
25;2025-12-19;1;0.0
25;2025-12-19;2;0.0
25;2025-12-19;3;0.0
25;2025-12-19;4;0.0
25;2025-12-19;5;4.69
25;2025-12-19;6;132.11
25;2025-12-19;7;409.6
25;2025-12-19;8;663.84
25;2025-12-19;9;386.71
25;2025-12-19;10;302.02
25;2025-12-19;11;330.38
25;2025-12-19;12;348.1
25;2025-12-19;13;409.23
25;2025-12-19;14;420.98
25;2025-12-19;15;493.33
25;2025-12-19;16;570.09
25;2025-12-19;17;597.82
25;2025-12-19;18;515.01
25;2025-12-19;19;390.95
25;2025-12-19;20;288.76
25;2025-12-19;21;213.1
25;2025-12-19;22;134.47
25;2025-12-19;23;18.53
26;2025-12-19;0;0.0
26;2025-12-19;1;0.0
26;2025-12-19;2;0.0
26;2025-12-19;3;0.0
26;2025-12-19;4;0.0
26;2025-12-19;5;75.03
26;2025-12-19;6;473.5
26;2025-12-19;7;865.87
26;2025-12-19;8;1570.61
26;2025-12-19;9;1197.83
26;2025-12-19;10;994.34
26;2025-12-19;11;918.43
26;2025-12-19;12;987.55
26;2025-12-19;13;1025.12
26;2025-12-19;14;1010.92
26;2025-12-19;15;1128.15
26;2025-12-19;16;1354.73
26;2025-12-19;17;1411.53
26;2025-12-19;18;1217.23
26;2025-12-19;19;968.61
26;2025-12-19;20;680.12
26;2025-12-19;21;431.64
26;2025-12-19;22;251.37
26;2025-12-19;23;152.49
28;2025-12-19;0;0.0
28;2025-12-19;1;0.0
28;2025-12-19;2;0.0
28;2025-12-19;3;0.0
28;2025-12-19;4;0.0
28;2025-12-19;5;72.84
28;2025-12-19;6;228.33
28;2025-12-19;7;616.01
28;2025-12-19;8;920.71
28;2025-12-19;9;693.55
28;2025-12-19;10;527.83
28;2025-12-19;11;516.31
28;2025-12-19;12;590.33
28;2025-12-19;13;611.08
28;2025-12-19;14;584.11
28;2025-12-19;15;607.33
28;2025-12-19;16;774.08
28;2025-12-19;17;810.8
28;2025-12-19;18;703.19
28;2025-12-19;19;572.73
28;2025-12-19;20;445.33
28;2025-12-19;21;300.45
28;2025-12-19;22;146.83
28;2025-12-19;23;19.24
50;2025-12-19;0;0.0
50;2025-12-19;1;0.0
50;2025-12-19;2;0.0
50;2025-12-19;3;0.0
50;2025-12-19;4;0.0
50;2025-12-19;5;77.35
50;2025-12-19;6;531.86
50;2025-12-19;7;1499.3
50;2025-12-19;8;2253.65
50;2025-12-19;9;1713.51
50;2025-12-19;10;1381.43
50;2025-12-19;11;1367.62
50;2025-12-19;12;1322.42
50;2025-12-19;13;1288.85
50;2025-12-19;14;1220.98
50;2025-12-19;15;1494.3
50;2025-12-19;16;1720.35
50;2025-12-19;17;1849.51
50;2025-12-19;18;1607.85
50;2025-12-19;19;1137.57
50;2025-12-19;20;792.24
50;2025-12-19;21;572.4
50;2025-12-19;22;331.4
50;2025-12-19;23;186.87
1;2025-12-20;0;0.0
1;2025-12-20;1;0.0
1;2025-12-20;2;0.0
1;2025-12-20;3;0.0
1;2025-12-20;4;0.0
1;2025-12-20;5;35.54
1;2025-12-20;6;170.83
1;2025-12-20;7;324.96
1;2025-12-20;8;435.5
1;2025-12-20;9;683.53
1;2025-12-20;10;771.16
1;2025-12-20;11;720.93
1;2025-12-20;12;886.61
1;2025-12-20;13;889.78
1;2025-12-20;14;824.75
1;2025-12-20;15;737.68
1;2025-12-20;16;683.91
1;2025-12-20;17;653.4
1;2025-12-20;18;599.78
1;2025-12-20;19;549.03
1;2025-12-20;20;414.12
1;2025-12-20;21;303.79
1;2025-12-20;22;149.92
1;2025-12-20;23;41.35
5;2025-12-20;0;0.0
5;2025-12-20;1;0.0
5;2025-12-20;2;0.0
5;2025-12-20;3;0.0
5;2025-12-20;4;0.0
5;2025-12-20;5;0.0
5;2025-12-20;6;0.0
5;2025-12-20;7;0.0
5;2025-12-20;8;0.0
5;2025-12-20;9;0.0
5;2025-12-20;10;0.0
5;2025-12-20;11;0.0
5;2025-12-20;12;0.0
5;2025-12-20;13;0.0
5;2025-12-20;14;0.0
5;2025-12-20;15;0.0
5;2025-12-20;16;0.0
5;2025-12-20;17;0.0
5;2025-12-20;18;0.0
5;2025-12-20;19;0.0
5;2025-12-20;20;0.0
5;2025-12-20;21;0.0
5;2025-12-20;22;0.0
5;2025-12-20;23;0.0
7;2025-12-20;0;99.53
7;2025-12-20;1;0.0
7;2025-12-20;2;0.0
7;2025-12-20;3;0.0
7;2025-12-20;4;0.0
7;2025-12-20;5;61.06
7;2025-12-20;6;308.28
7;2025-12-20;7;483.39
7;2025-12-20;8;738.67
7;2025-12-20;9;828.78
7;2025-12-20;10;901.77
7;2025-12-20;11;1054.26
7;2025-12-20;12;1156.14
7;2025-12-20;13;1207.86
7;2025-12-20;14;1252.7
7;2025-12-20;15;1159.47
7;2025-12-20;16;1110.75
7;2025-12-20;17;1078.97
7;2025-12-20;18;1058.62
7;2025-12-20;19;1048.42
7;2025-12-20;20;783.15
7;2025-12-20;21;642.56
7;2025-12-20;22;347.36
7;2025-12-20;23;220.29
11;2025-12-20;0;103.5
11;2025-12-20;1;0.0
11;2025-12-20;2;0.0
11;2025-12-20;3;0.0
11;2025-12-20;4;0.0
11;2025-12-20;5;215.52
11;2025-12-20;6;768.96
11;2025-12-20;7;684.4
11;2025-12-20;8;913.31
11;2025-12-20;9;1092.72
11;2025-12-20;10;1172.48
11;2025-12-20;11;1558.42
11;2025-12-20;12;1700.13
11;2025-12-20;13;1611.93
11;2025-12-20;14;1627.4
11;2025-12-20;15;1660.56
11;2025-12-20;16;1688.83
11;2025-12-20;17;1707.5
11;2025-12-20;18;1517.57
11;2025-12-20;19;1441.1
11;2025-12-20;20;1166.99
11;2025-12-20;21;815.48
11;2025-12-20;22;470.47
11;2025-12-20;23;326.04
12;2025-12-20;0;89.1
12;2025-12-20;1;0.0
12;2025-12-20;2;0.0
12;2025-12-20;3;0.0
12;2025-12-20;4;0.0
12;2025-12-20;5;273.68
12;2025-12-20;6;846.59
12;2025-12-20;7;882.28
12;2025-12-20;8;941.42
12;2025-12-20;9;1089.07
12;2025-12-20;10;1313.52
12;2025-12-20;11;1417.45
12;2025-12-20;12;1375.85
12;2025-12-20;13;1622.34
12;2025-12-20;14;1519.32
12;2025-12-20;15;1408.33
12;2025-12-20;16;1459.45
12;2025-12-20;17;1416.92
12;2025-12-20;18;1376.67
12;2025-12-20;19;1398.27
12;2025-12-20;20;1012.25
12;2025-12-20;21;699.08
12;2025-12-20;22;447.53
12;2025-12-20;23;281.75
17;2025-12-20;0;201.96
17;2025-12-20;1;0.0
17;2025-12-20;2;0.0
17;2025-12-20;3;0.0
17;2025-12-20;4;0.0
17;2025-12-20;5;118.43
17;2025-12-20;6;504.64
17;2025-12-20;7;1032.09
17;2025-12-20;8;1481.87
17;2025-12-20;9;1834.84
17;2025-12-20;10;2051.61
17;2025-12-20;11;2414.5
17;2025-12-20;12;2676.69
17;2025-12-20;13;2848.54
17;2025-12-20;14;2901.1
17;2025-12-20;15;2939.59
17;2025-12-20;16;2912.94
17;2025-12-20;17;2859.64
17;2025-12-20;18;2638.41
17;2025-12-20;19;2277.32
17;2025-12-20;20;1835.22
17;2025-12-20;21;1357.29
17;2025-12-20;22;897.9
17;2025-12-20;23;465.59
25;2025-12-20;0;0.0
25;2025-12-20;1;0.0
25;2025-12-20;2;0.0
25;2025-12-20;3;0.0
25;2025-12-20;4;0.0
25;2025-12-20;5;1.92
25;2025-12-20;6;49.55
25;2025-12-20;7;121.57
25;2025-12-20;8;244.25
25;2025-12-20;9;240.58
25;2025-12-20;10;237.72
25;2025-12-20;11;313.61
25;2025-12-20;12;332.9
25;2025-12-20;13;420.0
25;2025-12-20;14;452.36
25;2025-12-20;15;524.07
25;2025-12-20;16;467.09
25;2025-12-20;17;407.1
25;2025-12-20;18;409.26
25;2025-12-20;19;363.19
25;2025-12-20;20;249.13
25;2025-12-20;21;219.04
25;2025-12-20;22;136.82
25;2025-12-20;23;55.58
26;2025-12-20;0;0.0
26;2025-12-20;1;0.0
26;2025-12-20;2;0.0
26;2025-12-20;3;0.0
26;2025-12-20;4;0.0
26;2025-12-20;5;44.41
26;2025-12-20;6;266.99
26;2025-12-20;7;344.12
26;2025-12-20;8;504.48
26;2025-12-20;9;620.49
26;2025-12-20;10;714.71
26;2025-12-20;11;868.34
26;2025-12-20;12;894.41
26;2025-12-20;13;905.34
26;2025-12-20;14;896.88
26;2025-12-20;15;829.92
26;2025-12-20;16;836.99
26;2025-12-20;17;814.44
26;2025-12-20;18;796.04
26;2025-12-20;19;759.15
26;2025-12-20;20;536.91
26;2025-12-20;21;364.11
26;2025-12-20;22;234.14
26;2025-12-20;23;142.36
28;2025-12-20;0;0.0
28;2025-12-20;1;0.0
28;2025-12-20;2;0.0
28;2025-12-20;3;0.0
28;2025-12-20;4;0.0
28;2025-12-20;5;36.84
28;2025-12-20;6;97.44
28;2025-12-20;7;201.75
28;2025-12-20;8;312.38
28;2025-12-20;9;408.04
28;2025-12-20;10;421.8
28;2025-12-20;11;432.86
28;2025-12-20;12;501.09
28;2025-12-20;13;529.9
28;2025-12-20;14;529.64
28;2025-12-20;15;515.28
28;2025-12-20;16;484.55
28;2025-12-20;17;496.47
28;2025-12-20;18;444.85
28;2025-12-20;19;389.69
28;2025-12-20;20;307.76
28;2025-12-20;21;278.52
28;2025-12-20;22;138.72
28;2025-12-20;23;24.37
50;2025-12-20;0;70.82
50;2025-12-20;1;0.0
50;2025-12-20;2;0.0
50;2025-12-20;3;0.0
50;2025-12-20;4;0.0
50;2025-12-20;5;49.23
50;2025-12-20;6;217.14
50;2025-12-20;7;425.74
50;2025-12-20;8;608.63
50;2025-12-20;9;659.17
50;2025-12-20;10;655.48
50;2025-12-20;11;795.75
50;2025-12-20;12;814.57
50;2025-12-20;13;851.37
50;2025-12-20;14;853.41
50;2025-12-20;15;812.58
50;2025-12-20;16;796.69
50;2025-12-20;17;805.49
50;2025-12-20;18;749.19
50;2025-12-20;19;673.47
50;2025-12-20;20;540.11
50;2025-12-20;21;437.83
50;2025-12-20;22;253.74
50;2025-12-20;23;174.47
1;2025-12-21;0;0.0
1;2025-12-21;1;0.0
1;2025-12-21;2;0.0
1;2025-12-21;3;0.0
1;2025-12-21;4;0.0
1;2025-12-21;5;28.12
1;2025-12-21;6;129.38
1;2025-12-21;7;255.42
1;2025-12-21;8;355.49
1;2025-12-21;9;574.04
1;2025-12-21;10;679.64
1;2025-12-21;11;675.91
1;2025-12-21;12;807.22
1;2025-12-21;13;844.76
1;2025-12-21;14;743.73
1;2025-12-21;15;680.01
1;2025-12-21;16;627.78
1;2025-12-21;17;586.37
1;2025-12-21;18;542.75
1;2025-12-21;19;469.38
1;2025-12-21;20;367.94
1;2025-12-21;21;279.59
1;2025-12-21;22;121.07
1;2025-12-21;23;35.25
5;2025-12-21;0;0.0
5;2025-12-21;1;0.0
5;2025-12-21;2;0.0
5;2025-12-21;3;0.0
5;2025-12-21;4;0.0
5;2025-12-21;5;0.0
5;2025-12-21;6;0.0
5;2025-12-21;7;0.0
5;2025-12-21;8;0.0
5;2025-12-21;9;0.0
5;2025-12-21;10;0.0
5;2025-12-21;11;0.0
5;2025-12-21;12;0.0
5;2025-12-21;13;0.0
5;2025-12-21;14;0.0
5;2025-12-21;15;0.0
5;2025-12-21;16;0.0
5;2025-12-21;17;0.0
5;2025-12-21;18;0.0
5;2025-12-21;19;0.0
5;2025-12-21;20;0.0
5;2025-12-21;21;0.0
5;2025-12-21;22;0.0
5;2025-12-21;23;0.0
7;2025-12-21;0;111.75
7;2025-12-21;1;0.0
7;2025-12-21;2;0.0
7;2025-12-21;3;80.41
7;2025-12-21;4;0.0
7;2025-12-21;5;43.59
7;2025-12-21;6;210.69
7;2025-12-21;7;326.69
7;2025-12-21;8;532.46
7;2025-12-21;9;645.3
7;2025-12-21;10;719.62
7;2025-12-21;11;901.47
7;2025-12-21;12;984.04
7;2025-12-21;13;1035.73
7;2025-12-21;14;1110.13
7;2025-12-21;15;1062.89
7;2025-12-21;16;977.08
7;2025-12-21;17;1032.34
7;2025-12-21;18;932.75
7;2025-12-21;19;818.94
7;2025-12-21;20;676.52
7;2025-12-21;21;541.62
7;2025-12-21;22;313.84
7;2025-12-21;23;185.3
11;2025-12-21;0;111.94
11;2025-12-21;1;0.0
11;2025-12-21;2;0.0
11;2025-12-21;3;64.76
11;2025-12-21;4;0.0
11;2025-12-21;5;130.01
11;2025-12-21;6;517.25
11;2025-12-21;7;523.9
11;2025-12-21;8;666.79
11;2025-12-21;9;901.57
11;2025-12-21;10;1021.95
11;2025-12-21;11;1399.39
11;2025-12-21;12;1536.07
11;2025-12-21;13;1449.34
11;2025-12-21;14;1511.21
11;2025-12-21;15;1587.76
11;2025-12-21;16;1538.67
11;2025-12-21;17;1610.63
11;2025-12-21;18;1371.63
11;2025-12-21;19;1170.22
11;2025-12-21;20;988.35
11;2025-12-21;21;714.7
11;2025-12-21;22;414.94
11;2025-12-21;23;260.91
12;2025-12-21;0;91.73
12;2025-12-21;1;0.0
12;2025-12-21;2;0.0
12;2025-12-21;3;0.0
12;2025-12-21;4;0.0
12;2025-12-21;5;179.69
12;2025-12-21;6;546.69
12;2025-12-21;7;618.74
12;2025-12-21;8;733.19
12;2025-12-21;9;911.78
12;2025-12-21;10;1119.8
12;2025-12-21;11;1241.67
12;2025-12-21;12;1292.33
12;2025-12-21;13;1491.96
12;2025-12-21;14;1435.07
12;2025-12-21;15;1297.42
12;2025-12-21;16;1416.54
12;2025-12-21;17;1493.31
12;2025-12-21;18;1246.35
12;2025-12-21;19;1021.75
12;2025-12-21;20;790.84
12;2025-12-21;21;622.95
12;2025-12-21;22;412.33
12;2025-12-21;23;233.72
17;2025-12-21;0;192.34
17;2025-12-21;1;0.0
17;2025-12-21;2;0.0
17;2025-12-21;3;0.0
17;2025-12-21;4;0.0
17;2025-12-21;5;100.83
17;2025-12-21;6;394.44
17;2025-12-21;7;702.29
17;2025-12-21;8;1108.06
17;2025-12-21;9;1483.49
17;2025-12-21;10;1711.42
17;2025-12-21;11;2117.1
17;2025-12-21;12;2443.27
17;2025-12-21;13;2633.19
17;2025-12-21;14;2663.32
17;2025-12-21;15;2695.7
17;2025-12-21;16;2651.84
17;2025-12-21;17;2553.03
17;2025-12-21;18;2313.71
17;2025-12-21;19;1958.7
17;2025-12-21;20;1588.2
17;2025-12-21;21;1157.84
17;2025-12-21;22;764.56
17;2025-12-21;23;334.53
25;2025-12-21;0;0.0
25;2025-12-21;1;0.0
25;2025-12-21;2;0.0
25;2025-12-21;3;0.0
25;2025-12-21;4;0.0
25;2025-12-21;5;2.98
25;2025-12-21;6;40.19
25;2025-12-21;7;90.89
25;2025-12-21;8;167.64
25;2025-12-21;9;181.44
25;2025-12-21;10;191.31
25;2025-12-21;11;251.57
25;2025-12-21;12;295.91
25;2025-12-21;13;353.03
25;2025-12-21;14;393.5
25;2025-12-21;15;455.7
25;2025-12-21;16;388.79
25;2025-12-21;17;365.09
25;2025-12-21;18;364.84
25;2025-12-21;19;293.95
25;2025-12-21;20;210.86
25;2025-12-21;21;184.02
25;2025-12-21;22;112.48
25;2025-12-21;23;38.22
26;2025-12-21;0;0.0
26;2025-12-21;1;0.0
26;2025-12-21;2;0.0
26;2025-12-21;3;0.0
26;2025-12-21;4;0.0
26;2025-12-21;5;33.82
26;2025-12-21;6;155.45
26;2025-12-21;7;248.88
26;2025-12-21;8;373.63
26;2025-12-21;9;494.03
26;2025-12-21;10;543.24
26;2025-12-21;11;714.28
26;2025-12-21;12;753.36
26;2025-12-21;13;766.53
26;2025-12-21;14;746.88
26;2025-12-21;15;714.54
26;2025-12-21;16;707.01
26;2025-12-21;17;713.69
26;2025-12-21;18;668.42
26;2025-12-21;19;554.72
26;2025-12-21;20;419.89
26;2025-12-21;21;305.05
26;2025-12-21;22;208.92
26;2025-12-21;23;109.13
28;2025-12-21;0;0.0
28;2025-12-21;1;0.0
28;2025-12-21;2;0.0
28;2025-12-21;3;0.0
28;2025-12-21;4;0.0
28;2025-12-21;5;31.1
28;2025-12-21;6;82.36
28;2025-12-21;7;137.0
28;2025-12-21;8;229.36
28;2025-12-21;9;302.75
28;2025-12-21;10;332.96
28;2025-12-21;11;364.84
28;2025-12-21;12;412.62
28;2025-12-21;13;465.51
28;2025-12-21;14;456.17
28;2025-12-21;15;465.0
28;2025-12-21;16;443.07
28;2025-12-21;17;429.05
28;2025-12-21;18;405.06
28;2025-12-21;19;350.59
28;2025-12-21;20;301.26
28;2025-12-21;21;242.2
28;2025-12-21;22;111.28
28;2025-12-21;23;15.59
50;2025-12-21;0;57.46
50;2025-12-21;1;0.0
50;2025-12-21;2;0.0
50;2025-12-21;3;0.0
50;2025-12-21;4;0.0
50;2025-12-21;5;34.93
50;2025-12-21;6;154.46
50;2025-12-21;7;271.16
50;2025-12-21;8;409.77
50;2025-12-21;9;486.6
50;2025-12-21;10;527.77
50;2025-12-21;11;656.75
50;2025-12-21;12;702.24
50;2025-12-21;13;772.55
50;2025-12-21;14;798.37
50;2025-12-21;15;732.62
50;2025-12-21;16;745.68
50;2025-12-21;17;743.78
50;2025-12-21;18;702.61
50;2025-12-21;19;608.32
50;2025-12-21;20;515.88
50;2025-12-21;21;410.7
50;2025-12-21;22;246.88
50;2025-12-21;23;135.0
1;2025-12-22;0;0.0
1;2025-12-22;1;0.0
1;2025-12-22;2;0.0
1;2025-12-22;3;0.0
1;2025-12-22;4;0.0
1;2025-12-22;5;126.69
1;2025-12-22;6;522.07
1;2025-12-22;7;1299.89
1;2025-12-22;8;1667.66
1;2025-12-22;9;1302.04
1;2025-12-22;10;1152.24
1;2025-12-22;11;1193.46
1;2025-12-22;12;1213.22
1;2025-12-22;13;1201.19
1;2025-12-22;14;1144.04
1;2025-12-22;15;1281.6
1;2025-12-22;16;1313.63
1;2025-12-22;17;1572.97
1;2025-12-22;18;1659.64
1;2025-12-22;19;1304.02
1;2025-12-22;20;847.09
1;2025-12-22;21;470.25
1;2025-12-22;22;246.53
1;2025-12-22;23;41.07
5;2025-12-22;0;0.0
5;2025-12-22;1;0.0
5;2025-12-22;2;0.0
5;2025-12-22;3;0.0
5;2025-12-22;4;0.0
5;2025-12-22;5;0.0
5;2025-12-22;6;0.0
5;2025-12-22;7;0.0
5;2025-12-22;8;0.0
5;2025-12-22;9;0.0
5;2025-12-22;10;0.0
5;2025-12-22;11;0.0
5;2025-12-22;12;0.0
5;2025-12-22;13;0.0
5;2025-12-22;14;0.0
5;2025-12-22;15;0.0
5;2025-12-22;16;0.0
5;2025-12-22;17;0.0
5;2025-12-22;18;0.0
5;2025-12-22;19;0.0
5;2025-12-22;20;0.0
5;2025-12-22;21;0.0
5;2025-12-22;22;0.0
5;2025-12-22;23;0.0
7;2025-12-22;0;78.81
7;2025-12-22;1;0.0
7;2025-12-22;2;0.0
7;2025-12-22;3;0.0
7;2025-12-22;4;0.0
7;2025-12-22;5;210.73
7;2025-12-22;6;713.52
7;2025-12-22;7;1518.07
7;2025-12-22;8;2207.0
7;2025-12-22;9;1715.86
7;2025-12-22;10;1418.59
7;2025-12-22;11;1276.96
7;2025-12-22;12;1326.29
7;2025-12-22;13;1340.08
7;2025-12-22;14;1374.53
7;2025-12-22;15;1485.17
7;2025-12-22;16;1614.92
7;2025-12-22;17;2078.68
7;2025-12-22;18;2411.34
7;2025-12-22;19;1616.71
7;2025-12-22;20;1050.27
7;2025-12-22;21;581.23
7;2025-12-22;22;303.94
7;2025-12-22;23;185.2
11;2025-12-22;0;83.21
11;2025-12-22;1;0.0
11;2025-12-22;2;0.0
11;2025-12-22;3;0.0
11;2025-12-22;4;0.0
11;2025-12-22;5;302.63
11;2025-12-22;6;1331.86
11;2025-12-22;7;2170.61
11;2025-12-22;8;2863.0
11;2025-12-22;9;2235.13
11;2025-12-22;10;1677.58
11;2025-12-22;11;1715.91
11;2025-12-22;12;1657.11
11;2025-12-22;13;1771.29
11;2025-12-22;14;1756.65
11;2025-12-22;15;1878.58
11;2025-12-22;16;2110.85
11;2025-12-22;17;2639.5
11;2025-12-22;18;3026.71
11;2025-12-22;19;2282.36
11;2025-12-22;20;1573.39
11;2025-12-22;21;899.37
11;2025-12-22;22;465.47
11;2025-12-22;23;231.29
12;2025-12-22;0;73.73
12;2025-12-22;1;0.0
12;2025-12-22;2;0.0
12;2025-12-22;3;0.0
12;2025-12-22;4;0.0
12;2025-12-22;5;365.72
12;2025-12-22;6;1393.53
12;2025-12-22;7;2493.72
12;2025-12-22;8;3255.37
12;2025-12-22;9;2345.85
12;2025-12-22;10;1929.09
12;2025-12-22;11;1852.09
12;2025-12-22;12;1929.24
12;2025-12-22;13;1871.71
12;2025-12-22;14;1813.45
12;2025-12-22;15;2070.5
12;2025-12-22;16;2505.79
12;2025-12-22;17;2806.24
12;2025-12-22;18;3066.12
12;2025-12-22;19;2462.73
12;2025-12-22;20;1574.27
12;2025-12-22;21;932.06
12;2025-12-22;22;501.98
12;2025-12-22;23;253.65
17;2025-12-22;0;110.43
17;2025-12-22;1;0.0
17;2025-12-22;2;0.0
17;2025-12-22;3;0.0
17;2025-12-22;4;0.0
17;2025-12-22;5;304.17
17;2025-12-22;6;1439.17
17;2025-12-22;7;3695.49
17;2025-12-22;8;4948.97
17;2025-12-22;9;3554.19
17;2025-12-22;10;2758.61
17;2025-12-22;11;2737.34
17;2025-12-22;12;2798.46
17;2025-12-22;13;2855.64
17;2025-12-22;14;2841.64
17;2025-12-22;15;2990.9
17;2025-12-22;16;3366.65
17;2025-12-22;17;4264.61
17;2025-12-22;18;4919.07
17;2025-12-22;19;3488.84
17;2025-12-22;20;2391.54
17;2025-12-22;21;1490.51
17;2025-12-22;22;853.67
17;2025-12-22;23;359.04
25;2025-12-22;0;0.0
25;2025-12-22;1;0.0
25;2025-12-22;2;0.0
25;2025-12-22;3;0.0
25;2025-12-22;4;0.0
25;2025-12-22;5;3.89
25;2025-12-22;6;136.83
25;2025-12-22;7;445.29
25;2025-12-22;8;725.16
25;2025-12-22;9;384.35
25;2025-12-22;10;285.62
25;2025-12-22;11;305.42
25;2025-12-22;12;321.27
25;2025-12-22;13;398.84
25;2025-12-22;14;343.9
25;2025-12-22;15;408.54
25;2025-12-22;16;521.7
25;2025-12-22;17;578.8
25;2025-12-22;18;661.36
25;2025-12-22;19;403.66
25;2025-12-22;20;277.88
25;2025-12-22;21;190.7
25;2025-12-22;22;99.59
25;2025-12-22;23;12.6
26;2025-12-22;0;0.0
26;2025-12-22;1;0.0
26;2025-12-22;2;0.0
26;2025-12-22;3;0.0
26;2025-12-22;4;0.0
26;2025-12-22;5;76.36
26;2025-12-22;6;505.32
26;2025-12-22;7;935.71
26;2025-12-22;8;1771.24
26;2025-12-22;9;1290.77
26;2025-12-22;10;1079.59
26;2025-12-22;11;945.88
26;2025-12-22;12;988.94
26;2025-12-22;13;1034.81
26;2025-12-22;14;984.79
26;2025-12-22;15;1075.91
26;2025-12-22;16;1239.67
26;2025-12-22;17;1445.5
26;2025-12-22;18;1675.97
26;2025-12-22;19;1174.63
26;2025-12-22;20;729.36
26;2025-12-22;21;424.23
26;2025-12-22;22;228.13
26;2025-12-22;23;108.51
28;2025-12-22;0;0.0
28;2025-12-22;1;0.0
28;2025-12-22;2;0.0
28;2025-12-22;3;0.0
28;2025-12-22;4;0.0
28;2025-12-22;5;78.2
28;2025-12-22;6;252.96
28;2025-12-22;7;673.79
28;2025-12-22;8;1016.34
28;2025-12-22;9;766.63
28;2025-12-22;10;548.55
28;2025-12-22;11;506.59
28;2025-12-22;12;598.39
28;2025-12-22;13;625.31
28;2025-12-22;14;557.64
28;2025-12-22;15;585.73
28;2025-12-22;16;738.53
28;2025-12-22;17;847.87
28;2025-12-22;18;869.7
28;2025-12-22;19;679.99
28;2025-12-22;20;463.83
28;2025-12-22;21;290.88
28;2025-12-22;22;125.86
28;2025-12-22;23;17.33
50;2025-12-22;0;0.0
50;2025-12-22;1;0.0
50;2025-12-22;2;0.0
50;2025-12-22;3;0.0
50;2025-12-22;4;0.0
50;2025-12-22;5;74.22
50;2025-12-22;6;534.94
50;2025-12-22;7;1676.76
50;2025-12-22;8;2467.2
50;2025-12-22;9;1949.09
50;2025-12-22;10;1457.11
50;2025-12-22;11;1388.33
50;2025-12-22;12;1282.95
50;2025-12-22;13;1262.82
50;2025-12-22;14;1226.4
50;2025-12-22;15;1354.59
50;2025-12-22;16;1437.22
50;2025-12-22;17;2092.67
50;2025-12-22;18;2322.89
50;2025-12-22;19;1441.58
50;2025-12-22;20;891.51
50;2025-12-22;21;583.04
50;2025-12-22;22;294.18
50;2025-12-22;23;140.2
1;2025-12-23;0;0.0
1;2025-12-23;1;0.0
1;2025-12-23;2;0.0
1;2025-12-23;3;0.0
1;2025-12-23;4;0.0
1;2025-12-23;5;126.2792
1;2025-12-23;6;492.3656
1;2025-12-23;7;1255.3584
1;2025-12-23;8;1586.7148000000002
1;2025-12-23;9;1308.7092
1;2025-12-23;10;1189.8912
1;2025-12-23;11;1186.9472
1;2025-12-23;12;1174.196
1;2025-12-23;13;1187.0024
1;2025-12-23;14;1077.0256000000002
1;2025-12-23;15;1195.2364000000002
1;2025-12-23;16;1206.8284
1;2025-12-23;17;1408.4924
1;2025-12-23;18;1515.2492
1;2025-12-23;19;1212.7256000000002
1;2025-12-23;20;816.5920000000001
1;2025-12-23;21;440.2292
1;2025-12-23;22;231.8768
1;2025-12-23;23;44.3716
5;2025-12-23;0;0.0
5;2025-12-23;1;0.0
5;2025-12-23;2;0.0
5;2025-12-23;3;0.0
5;2025-12-23;4;0.0
5;2025-12-23;5;0.0
5;2025-12-23;6;0.0
5;2025-12-23;7;0.0
5;2025-12-23;8;0.0
5;2025-12-23;9;0.0
5;2025-12-23;10;0.0
5;2025-12-23;11;0.0
5;2025-12-23;12;0.0
5;2025-12-23;13;0.0
5;2025-12-23;14;0.0
5;2025-12-23;15;0.0
5;2025-12-23;16;0.0
5;2025-12-23;17;0.0
5;2025-12-23;18;0.0
5;2025-12-23;19;0.0
5;2025-12-23;20;0.0
5;2025-12-23;21;0.0
5;2025-12-23;22;0.0
5;2025-12-23;23;0.0
7;2025-12-23;0;54.9516
7;2025-12-23;1;0.0
7;2025-12-23;2;0.0
7;2025-12-23;3;0.0
7;2025-12-23;4;0.0
7;2025-12-23;5;196.16240000000002
7;2025-12-23;6;671.4252
7;2025-12-23;7;1413.2488
7;2025-12-23;8;2089.918
7;2025-12-23;9;1597.304
7;2025-12-23;10;1386.1640000000002
7;2025-12-23;11;1239.516
7;2025-12-23;12;1284.596
7;2025-12-23;13;1290.0608
7;2025-12-23;14;1305.02
7;2025-12-23;15;1432.2192
7;2025-12-23;16;1492.8104
7;2025-12-23;17;1940.1696000000002
7;2025-12-23;18;2234.6432
7;2025-12-23;19;1583.8352
7;2025-12-23;20;987.62
7;2025-12-23;21;590.9159999999999
7;2025-12-23;22;306.57160000000005
7;2025-12-23;23;170.27360000000002
11;2025-12-23;0;65.2188
11;2025-12-23;1;0.0
11;2025-12-23;2;0.0
11;2025-12-23;3;0.0
11;2025-12-23;4;0.0
11;2025-12-23;5;270.06600000000003
11;2025-12-23;6;1224.9064
11;2025-12-23;7;2047.092
11;2025-12-23;8;2682.0668
11;2025-12-23;9;2126.2948
11;2025-12-23;10;1616.1456
11;2025-12-23;11;1591.094
11;2025-12-23;12;1586.2824
11;2025-12-23;13;1702.7728
11;2025-12-23;14;1711.0988000000002
11;2025-12-23;15;1786.8792
11;2025-12-23;16;1979.38
11;2025-12-23;17;2483.6504
11;2025-12-23;18;2781.4728000000005
11;2025-12-23;19;2105.6592000000005
11;2025-12-23;20;1436.5708
11;2025-12-23;21;856.6304
11;2025-12-23;22;434.608
11;2025-12-23;23;229.7056
12;2025-12-23;0;0.0
12;2025-12-23;1;0.0
12;2025-12-23;2;0.0
12;2025-12-23;3;0.0
12;2025-12-23;4;0.0
12;2025-12-23;5;341.274
12;2025-12-23;6;1332.2428
12;2025-12-23;7;2405.2756
12;2025-12-23;8;3151.2208
12;2025-12-23;9;2255.8584
12;2025-12-23;10;1880.6364
12;2025-12-23;11;1810.2012
12;2025-12-23;12;1808.2968
12;2025-12-23;13;1788.0016
12;2025-12-23;14;1777.0076000000001
12;2025-12-23;15;1950.8968
12;2025-12-23;16;2433.9796
12;2025-12-23;17;2715.8216
12;2025-12-23;18;2877.7508
12;2025-12-23;19;2380.6839999999997
12;2025-12-23;20;1474.0240000000001
12;2025-12-23;21;891.9952
12;2025-12-23;22;506.31280000000004
12;2025-12-23;23;238.15120000000002
17;2025-12-23;0;120.10600000000001
17;2025-12-23;1;0.0
17;2025-12-23;2;0.0
17;2025-12-23;3;0.0
17;2025-12-23;4;0.0
17;2025-12-23;5;285.14480000000003
17;2025-12-23;6;1358.334
17;2025-12-23;7;3484.2884
17;2025-12-23;8;4653.9488
17;2025-12-23;9;3399.9060000000004
17;2025-12-23;10;2647.4012000000002
17;2025-12-23;11;2562.0896000000002
17;2025-12-23;12;2610.3896000000004
17;2025-12-23;13;2631.9452
17;2025-12-23;14;2686.584
17;2025-12-23;15;2779.8260000000005
17;2025-12-23;16;3165.0668
17;2025-12-23;17;3985.8815999999997
17;2025-12-23;18;4522.9224
17;2025-12-23;19;3281.5664
17;2025-12-23;20;2285.7768
17;2025-12-23;21;1442.7440000000001
17;2025-12-23;22;826.3808
17;2025-12-23;23;353.372
25;2025-12-23;0;0.0
25;2025-12-23;1;0.0
25;2025-12-23;2;0.0
25;2025-12-23;3;0.0
25;2025-12-23;4;0.0
25;2025-12-23;5;3.9468
25;2025-12-23;6;128.8644
25;2025-12-23;7;427.7264
25;2025-12-23;8;653.1264
25;2025-12-23;9;387.93640000000005
25;2025-12-23;10;294.9888
25;2025-12-23;11;323.6928
25;2025-12-23;12;310.94160000000005
25;2025-12-23;13;352.4796
25;2025-12-23;14;337.0788
25;2025-12-23;15;411.9484
25;2025-12-23;16;482.5952
25;2025-12-23;17;520.4164
25;2025-12-23;18;607.2828000000001
25;2025-12-23;19;416.01480000000004
25;2025-12-23;20;274.0036
25;2025-12-23;21;175.7108
25;2025-12-23;22;103.4448
25;2025-12-23;23;11.2056
26;2025-12-23;0;0.0
26;2025-12-23;1;0.0
26;2025-12-23;2;0.0
26;2025-12-23;3;58.9812
26;2025-12-23;4;0.0
26;2025-12-23;5;76.7832
26;2025-12-23;6;473.3124
26;2025-12-23;7;908.2424000000001
26;2025-12-23;8;1673.4892
26;2025-12-23;9;1243.9596000000001
26;2025-12-23;10;996.8016
26;2025-12-23;11;909.2912
26;2025-12-23;12;928.786
26;2025-12-23;13;943.69
26;2025-12-23;14;945.0608000000001
26;2025-12-23;15;1013.8492
26;2025-12-23;16;1166.6888000000001
26;2025-12-23;17;1360.6524000000002
26;2025-12-23;18;1541.276
26;2025-12-23;19;1104.1380000000001
26;2025-12-23;20;705.0788
26;2025-12-23;21;409.17
26;2025-12-23;22;219.4292
26;2025-12-23;23;109.43400000000001
28;2025-12-23;0;0.0
28;2025-12-23;1;0.0
28;2025-12-23;2;0.0
28;2025-12-23;3;0.0
28;2025-12-23;4;0.0
28;2025-12-23;5;68.63199999999999
28;2025-12-23;6;229.54000000000002
28;2025-12-23;7;634.3584
28;2025-12-23;8;954.1688000000001
28;2025-12-23;9;737.4168
28;2025-12-23;10;540.4264
28;2025-12-23;11;482.87120000000004
28;2025-12-23;12;564.696
28;2025-12-23;13;602.6184000000001
28;2025-12-23;14;533.7472
28;2025-12-23;15;530.6468
28;2025-12-23;16;674.3784
28;2025-12-23;17;781.8804
28;2025-12-23;18;772.1652
28;2025-12-23;19;630.8256
28;2025-12-23;20;450.10080000000005
28;2025-12-23;21;281.612
28;2025-12-23;22;128.00879999999998
28;2025-12-23;23;16.9832
50;2025-12-23;0;0.0
50;2025-12-23;1;0.0
50;2025-12-23;2;0.0
50;2025-12-23;3;0.0
50;2025-12-23;4;0.0
50;2025-12-23;5;71.3184
50;2025-12-23;6;542.3124
50;2025-12-23;7;1594.5072000000002
50;2025-12-23;8;2333.6444
50;2025-12-23;9;1819.6312
50;2025-12-23;10;1418.6308000000001
50;2025-12-23;11;1309.942
50;2025-12-23;12;1229.2212
50;2025-12-23;13;1202.1824000000001
50;2025-12-23;14;1151.6928
50;2025-12-23;15;1269.2872000000002
50;2025-12-23;16;1350.5692000000001
50;2025-12-23;17;2004.2107999999998
50;2025-12-23;18;2189.8852
50;2025-12-23;19;1310.2640000000001
50;2025-12-23;20;859.6296
50;2025-12-23;21;578.1555999999999
50;2025-12-23;22;286.074
50;2025-12-23;23;136.3992
1;2025-12-24;0;0.0
1;2025-12-24;1;0.0
1;2025-12-24;2;0.0
1;2025-12-24;3;0.0
1;2025-12-24;4;0.0
1;2025-12-24;5;119.2228
1;2025-12-24;6;463.9284
1;2025-12-24;7;1185.006
1;2025-12-24;8;1588.0948
1;2025-12-24;9;1270.52
1;2025-12-24;10;1132.6764
1;2025-12-24;11;1155.1704
1;2025-12-24;12;1161.0584000000001
1;2025-12-24;13;1186.8552
1;2025-12-24;14;1107.3672000000001
1;2025-12-24;15;1204.1604
1;2025-12-24;16;1210.1864
1;2025-12-24;17;1444.2344
1;2025-12-24;18;1516.2612
1;2025-12-24;19;1183.8008
1;2025-12-24;20;785.5236000000001
1;2025-12-24;21;439.53000000000003
1;2025-12-24;22;242.21759999999998
1;2025-12-24;23;44.4636
5;2025-12-24;0;0.0
5;2025-12-24;1;0.0
5;2025-12-24;2;0.0
5;2025-12-24;3;0.0
5;2025-12-24;4;0.0
5;2025-12-24;5;0.0
5;2025-12-24;6;0.0
5;2025-12-24;7;0.0
5;2025-12-24;8;0.0
5;2025-12-24;9;0.0
5;2025-12-24;10;0.0
5;2025-12-24;11;0.0
5;2025-12-24;12;0.0
5;2025-12-24;13;0.0
5;2025-12-24;14;0.0
5;2025-12-24;15;0.0
5;2025-12-24;16;0.0
5;2025-12-24;17;0.0
5;2025-12-24;18;0.0
5;2025-12-24;19;0.0
5;2025-12-24;20;0.0
5;2025-12-24;21;0.0
5;2025-12-24;22;0.0
5;2025-12-24;23;0.0
7;2025-12-24;0;57.2976
7;2025-12-24;1;0.0
7;2025-12-24;2;0.0
7;2025-12-24;3;0.0
7;2025-12-24;4;0.0
7;2025-12-24;5;196.1348
7;2025-12-24;6;652.2064
7;2025-12-24;7;1384.3608000000002
7;2025-12-24;8;2112.9916000000003
7;2025-12-24;9;1631.9328
7;2025-12-24;10;1384.2228
7;2025-12-24;11;1239.8472000000002
7;2025-12-24;12;1275.856
7;2025-12-24;13;1305.5352
7;2025-12-24;14;1335.9412
7;2025-12-24;15;1474.5484000000001
7;2025-12-24;16;1535.0844
7;2025-12-24;17;1994.5692000000004
7;2025-12-24;18;2190.1980000000003
7;2025-12-24;19;1529.6932000000002
7;2025-12-24;20;1001.3740000000001
7;2025-12-24;21;599.2604
7;2025-12-24;22;336.1588
7;2025-12-24;23;189.5292
11;2025-12-24;0;66.0652
11;2025-12-24;1;0.0
11;2025-12-24;2;0.0
11;2025-12-24;3;0.0
11;2025-12-24;4;0.0
11;2025-12-24;5;276.69
11;2025-12-24;6;1177.968
11;2025-12-24;7;1990.6224
11;2025-12-24;8;2663.9428000000003
11;2025-12-24;9;2041.7192000000002
11;2025-12-24;10;1622.8708000000001
11;2025-12-24;11;1625.4560000000001
11;2025-12-24;12;1660.3516000000002
11;2025-12-24;13;1726.4444
11;2025-12-24;14;1672.9556000000002
11;2025-12-24;15;1768.9392
11;2025-12-24;16;1903.204
11;2025-12-24;17;2440.024
11;2025-12-24;18;2706.9528
11;2025-12-24;19;2092.0155999999997
11;2025-12-24;20;1436.672
11;2025-12-24;21;871.3596
11;2025-12-24;22;453.31160000000006
11;2025-12-24;23;241.7944
12;2025-12-24;0;56.699600000000004
12;2025-12-24;1;0.0
12;2025-12-24;2;0.0
12;2025-12-24;3;0.0
12;2025-12-24;4;0.0
12;2025-12-24;5;325.956
12;2025-12-24;6;1289.6376
12;2025-12-24;7;2289.3464000000004
12;2025-12-24;8;2908.8376000000003
12;2025-12-24;9;2175.1284
12;2025-12-24;10;1836.8812
12;2025-12-24;11;1804.5248000000001
12;2025-12-24;12;1800.302
12;2025-12-24;13;1800.4124000000002
12;2025-12-24;14;1780.2644
12;2025-12-24;15;1972.8848
12;2025-12-24;16;2377.2156
12;2025-12-24;17;2646.564
12;2025-12-24;18;2821.9344
12;2025-12-24;19;2253.7976000000003
12;2025-12-24;20;1468.6696000000002
12;2025-12-24;21;920.8096
12;2025-12-24;22;505.2364
12;2025-12-24;23;247.70080000000002
17;2025-12-24;0;128.4044
17;2025-12-24;1;0.0
17;2025-12-24;2;0.0
17;2025-12-24;3;0.0
17;2025-12-24;4;0.0
17;2025-12-24;5;289.5976
17;2025-12-24;6;1318.682
17;2025-12-24;7;3327.5296000000003
17;2025-12-24;8;4453.5912
17;2025-12-24;9;3286.6632
17;2025-12-24;10;2600.4260000000004
17;2025-12-24;11;2549.0348000000004
17;2025-12-24;12;2599.3680000000004
17;2025-12-24;13;2686.6116
17;2025-12-24;14;2698.8844000000004
17;2025-12-24;15;2793.0188
17;2025-12-24;16;3098.5876000000003
17;2025-12-24;17;3775.5879999999997
17;2025-12-24;18;4263.878
17;2025-12-24;19;3112.4336
17;2025-12-24;20;2191.0352000000003
17;2025-12-24;21;1451.6680000000001
17;2025-12-24;22;856.336
17;2025-12-24;23;388.35040000000004
25;2025-12-24;0;0.0
25;2025-12-24;1;0.0
25;2025-12-24;2;0.0
25;2025-12-24;3;0.0
25;2025-12-24;4;0.0
25;2025-12-24;5;3.8180000000000005
25;2025-12-24;6;131.4496
25;2025-12-24;7;408.9768
25;2025-12-24;8;674.4796
25;2025-12-24;9;367.6688
25;2025-12-24;10;289.6804
25;2025-12-24;11;315.0632
25;2025-12-24;12;329.17600000000004
25;2025-12-24;13;389.70279999999997
25;2025-12-24;14;354.2276
25;2025-12-24;15;411.79200000000003
25;2025-12-24;16;486.0912
25;2025-12-24;17;554.8244000000001
25;2025-12-24;18;614.9556
25;2025-12-24;19;398.0104
25;2025-12-24;20;293.2132
25;2025-12-24;21;196.7696
25;2025-12-24;22;111.45800000000001
25;2025-12-24;23;10.2028
26;2025-12-24;0;0.0
26;2025-12-24;1;0.0
26;2025-12-24;2;0.0
26;2025-12-24;3;0.0
26;2025-12-24;4;0.0
26;2025-12-24;5;73.52640000000001
26;2025-12-24;6;443.58720000000005
26;2025-12-24;7;852.0120000000001
26;2025-12-24;8;1572.5836
26;2025-12-24;9;1201.5752
26;2025-12-24;10;992.2016000000001
26;2025-12-24;11;894.6724
26;2025-12-24;12;930.4972
26;2025-12-24;13;951.8872000000001
26;2025-12-24;14;962.4212
26;2025-12-24;15;993.9772000000002
26;2025-12-24;16;1120.192
26;2025-12-24;17;1309.1876
26;2025-12-24;18;1473.5456000000001
26;2025-12-24;19;1057.4388000000001
26;2025-12-24;20;671.3240000000001
26;2025-12-24;21;423.9176
26;2025-12-24;22;232.1252
26;2025-12-24;23;120.02320000000002
28;2025-12-24;0;0.0
28;2025-12-24;1;0.0
28;2025-12-24;2;0.0
28;2025-12-24;3;0.0
28;2025-12-24;4;0.0
28;2025-12-24;5;78.13560000000001
28;2025-12-24;6;230.39560000000003
28;2025-12-24;7;613.0144
28;2025-12-24;8;937.986
28;2025-12-24;9;671.6736000000001
28;2025-12-24;10;499.50480000000005
28;2025-12-24;11;501.48280000000005
28;2025-12-24;12;554.1528000000001
28;2025-12-24;13;584.476
28;2025-12-24;14;520.1036
28;2025-12-24;15;562.718
28;2025-12-24;16;669.346
28;2025-12-24;17;755.6972
28;2025-12-24;18;780.9604
28;2025-12-24;19;605.1024000000001
28;2025-12-24;20;430.9648
28;2025-12-24;21;290.13120000000004
28;2025-12-24;22;137.5124
28;2025-12-24;23;17.1672
50;2025-12-24;0;0.0
50;2025-12-24;1;0.0
50;2025-12-24;2;0.0
50;2025-12-24;3;0.0
50;2025-12-24;4;0.0
50;2025-12-24;5;73.0848
50;2025-12-24;6;497.86719999999997
50;2025-12-24;7;1494.8896000000002
50;2025-12-24;8;2219.6196
50;2025-12-24;9;1795.15
50;2025-12-24;10;1347.7172
50;2025-12-24;11;1283.814
50;2025-12-24;12;1199.2936
50;2025-12-24;13;1208.144
50;2025-12-24;14;1182.7152
50;2025-12-24;15;1278.1744
50;2025-12-24;16;1422.4764000000002
50;2025-12-24;17;1914.4188
50;2025-12-24;18;2019.124
50;2025-12-24;19;1304.5692000000001
50;2025-12-24;20;809.4344000000001
50;2025-12-24;21;565.708
50;2025-12-24;22;299.3496
50;2025-12-24;23;139.62840000000003
1;2025-12-25;0;0.0
1;2025-12-25;1;0.0
1;2025-12-25;2;0.0
1;2025-12-25;3;0.0
1;2025-12-25;4;0.0
1;2025-12-25;5;108.2748
1;2025-12-25;6;457.7828
1;2025-12-25;7;1145.3264000000001
1;2025-12-25;8;1488.9188000000001
1;2025-12-25;9;1213.8756
1;2025-12-25;10;1146.7248000000002
1;2025-12-25;11;1125.5556000000001
1;2025-12-25;12;1156.7252
1;2025-12-25;13;1133.394
1;2025-12-25;14;1093.052
1;2025-12-25;15;1157.7740000000001
1;2025-12-25;16;1197.5824
1;2025-12-25;17;1390.7272
1;2025-12-25;18;1480.9424000000001
1;2025-12-25;19;1155.3636
1;2025-12-25;20;768.1632000000001
1;2025-12-25;21;450.95640000000003
1;2025-12-25;22;236.8908
1;2025-12-25;23;51.5292
5;2025-12-25;0;0.0
5;2025-12-25;1;0.0
5;2025-12-25;2;0.0
5;2025-12-25;3;0.0
5;2025-12-25;4;0.0
5;2025-12-25;5;0.0
5;2025-12-25;6;0.0
5;2025-12-25;7;0.0
5;2025-12-25;8;0.0
5;2025-12-25;9;0.0
5;2025-12-25;10;0.0
5;2025-12-25;11;0.0
5;2025-12-25;12;0.0
5;2025-12-25;13;0.0
5;2025-12-25;14;0.0
5;2025-12-25;15;0.0
5;2025-12-25;16;0.0
5;2025-12-25;17;0.0
5;2025-12-25;18;0.0
5;2025-12-25;19;0.0
5;2025-12-25;20;0.0
5;2025-12-25;21;0.0
5;2025-12-25;22;0.0
5;2025-12-25;23;0.0
7;2025-12-25;0;67.4452
7;2025-12-25;1;0.0
7;2025-12-25;2;0.0
7;2025-12-25;3;0.0
7;2025-12-25;4;0.0
7;2025-12-25;5;182.7764
7;2025-12-25;6;648.2044000000001
7;2025-12-25;7;1332.8776
7;2025-12-25;8;1997.3108
7;2025-12-25;9;1540.2364000000002
7;2025-12-25;10;1292.6368
7;2025-12-25;11;1215.5684
7;2025-12-25;12;1265.9660000000001
7;2025-12-25;13;1285.7
7;2025-12-25;14;1316.9432000000002
7;2025-12-25;15;1363.5503999999999
7;2025-12-25;16;1507.5028
7;2025-12-25;17;1876.8276
7;2025-12-25;18;2206.5648
7;2025-12-25;19;1514.1084
7;2025-12-25;20;970.1308
7;2025-12-25;21;607.0896
7;2025-12-25;22;324.1252
7;2025-12-25;23;186.54840000000002
11;2025-12-25;0;70.0304
11;2025-12-25;1;0.0
11;2025-12-25;2;0.0
11;2025-12-25;3;0.0
11;2025-12-25;4;0.0
11;2025-12-25;5;277.42600000000004
11;2025-12-25;6;1173.5796000000003
11;2025-12-25;7;1928.8168
11;2025-12-25;8;2461.4416
11;2025-12-25;9;2068.1232
11;2025-12-25;10;1621.6196000000002
11;2025-12-25;11;1582.1792
11;2025-12-25;12;1591.3332
11;2025-12-25;13;1717.4744
11;2025-12-25;14;1680.3248
11;2025-12-25;15;1768.8656
11;2025-12-25;16;1917.2156
11;2025-12-25;17;2380.1872
11;2025-12-25;18;2643.0404
11;2025-12-25;19;2029.75
11;2025-12-25;20;1389.752
11;2025-12-25;21;868.4064
11;2025-12-25;22;466.10880000000003
11;2025-12-25;23;252.16279999999998
12;2025-12-25;0;53.7924
12;2025-12-25;1;0.0
12;2025-12-25;2;0.0
12;2025-12-25;3;0.0
12;2025-12-25;4;0.0
12;2025-12-25;5;317.7312
12;2025-12-25;6;1216.2676000000001
12;2025-12-25;7;2186.3984
12;2025-12-25;8;2798.4284000000002
12;2025-12-25;9;2038.1864
12;2025-12-25;10;1742.6732000000002
12;2025-12-25;11;1733.4180000000001
12;2025-12-25;12;1778.4704
12;2025-12-25;13;1732.8016
12;2025-12-25;14;1711.66
12;2025-12-25;15;1870.2588
12;2025-12-25;16;2294.6732
12;2025-12-25;17;2541.0308
12;2025-12-25;18;2721.7832000000003
12;2025-12-25;19;2205.0652
12;2025-12-25;20;1442.1276
12;2025-12-25;21;888.8028
12;2025-12-25;22;506.8740000000001
12;2025-12-25;23;260.314
17;2025-12-25;0;136.14159999999998
17;2025-12-25;1;0.0
17;2025-12-25;2;0.0
17;2025-12-25;3;0.0
17;2025-12-25;4;0.0
17;2025-12-25;5;274.6384
17;2025-12-25;6;1276.132
17;2025-12-25;7;3175.7204
17;2025-12-25;8;4264.236800000001
17;2025-12-25;9;3173.77
17;2025-12-25;10;2547.5904
17;2025-12-25;11;2516.8348
17;2025-12-25;12;2617.6484
17;2025-12-25;13;2673.0876000000003
17;2025-12-25;14;2696.6028
17;2025-12-25;15;2784.1960000000004
17;2025-12-25;16;3154.8732
17;2025-12-25;17;3802.4611999999997
17;2025-12-25;18;4306.9984
17;2025-12-25;19;3169.0964000000004
17;2025-12-25;20;2257.8548
17;2025-12-25;21;1498.4776
17;2025-12-25;22;901.4620000000001
17;2025-12-25;23;407.60600000000005
25;2025-12-25;0;0.0
25;2025-12-25;1;0.0
25;2025-12-25;2;0.0
25;2025-12-25;3;0.0
25;2025-12-25;4;0.0
25;2025-12-25;5;4.232
25;2025-12-25;6;117.8244
25;2025-12-25;7;379.59200000000004
25;2025-12-25;8;645.7112000000001
25;2025-12-25;9;353.0684
25;2025-12-25;10;286.40520000000004
25;2025-12-25;11;294.55640000000005
25;2025-12-25;12;309.672
25;2025-12-25;13;347.4656
25;2025-12-25;14;348.7812
25;2025-12-25;15;402.2148
25;2025-12-25;16;481.988
25;2025-12-25;17;547.1608
25;2025-12-25;18;598.0092
25;2025-12-25;19;394.7352
25;2025-12-25;20;276.85560000000004
25;2025-12-25;21;195.638
25;2025-12-25;22;117.98080000000002
25;2025-12-25;23;13.9564
26;2025-12-25;0;0.0
26;2025-12-25;1;0.0
26;2025-12-25;2;0.0
26;2025-12-25;3;0.0
26;2025-12-25;4;0.0
26;2025-12-25;5;71.16199999999999
26;2025-12-25;6;446.4852
26;2025-12-25;7;840.7236
26;2025-12-25;8;1524.9092
26;2025-12-25;9;1142.1064000000001
26;2025-12-25;10;951.1328
26;2025-12-25;11;894.0744000000001
26;2025-12-25;12;906.8716000000001
26;2025-12-25;13;906.8992000000001
26;2025-12-25;14;920.828
26;2025-12-25;15;988.5400000000001
26;2025-12-25;16;1124.1664
26;2025-12-25;17;1297.7980000000002
26;2025-12-25;18;1488.1736
26;2025-12-25;19;1056.9696000000001
26;2025-12-25;20;673.3388
26;2025-12-25;21;425.82200000000006
26;2025-12-25;22;232.43800000000002
26;2025-12-25;23;122.4796
28;2025-12-25;0;0.0
28;2025-12-25;1;0.0
28;2025-12-25;2;0.0
28;2025-12-25;3;0.0
28;2025-12-25;4;0.0
28;2025-12-25;5;69.9108
28;2025-12-25;6;225.96120000000002
28;2025-12-25;7;599.7204
28;2025-12-25;8;888.7752
28;2025-12-25;9;683.2472
28;2025-12-25;10;500.0844000000001
28;2025-12-25;11;464.2688
28;2025-12-25;12;552.5428
28;2025-12-25;13;568.2564
28;2025-12-25;14;511.98
28;2025-12-25;15;531.5484
28;2025-12-25;16;636.8608
28;2025-12-25;17;753.6088
28;2025-12-25;18;764.474
28;2025-12-25;19;586.1136
28;2025-12-25;20;438.76640000000003
28;2025-12-25;21;289.9748
28;2025-12-25;22;132.71
28;2025-12-25;23;18.381600000000002
50;2025-12-25;0;0.0
50;2025-12-25;1;0.0
50;2025-12-25;2;0.0
50;2025-12-25;3;0.0
50;2025-12-25;4;0.0
50;2025-12-25;5;75.3388
50;2025-12-25;6;489.256
50;2025-12-25;7;1493.0312
50;2025-12-25;8;2136.2676
50;2025-12-25;9;1702.8280000000002
50;2025-12-25;10;1319.0776
50;2025-12-25;11;1257.1892
50;2025-12-25;12;1162.9812
50;2025-12-25;13;1145.3632
50;2025-12-25;14;1084.3856
50;2025-12-25;15;1205.8164000000002
50;2025-12-25;16;1381.2880000000002
50;2025-12-25;17;1863.3128
50;2025-12-25;18;2058.592
50;2025-12-25;19;1303.1064000000001
50;2025-12-25;20;855.278
50;2025-12-25;21;611.1284
50;2025-12-25;22;303.8668
50;2025-12-25;23;165.002
1;2025-12-26;0;0.0
1;2025-12-26;1;0.0
1;2025-12-26;2;0.0
1;2025-12-26;3;0.0
1;2025-12-26;4;0.0
1;2025-12-26;5;111.09
1;2025-12-26;6;437.0736
1;2025-12-26;7;1139.282
1;2025-12-26;8;1463.3704
1;2025-12-26;9;1176.0728
1;2025-12-26;10;1077.2648000000002
1;2025-12-26;11;1125.7212
1;2025-12-26;12;1123.2004
1;2025-12-26;13;1141.4532000000002
1;2025-12-26;14;1078.792
1;2025-12-26;15;1199.6984
1;2025-12-26;16;1243.1684
1;2025-12-26;17;1366.2736
1;2025-12-26;18;1272.8935999999999
1;2025-12-26;19;980.5176
1;2025-12-26;20;701.3068
1;2025-12-26;21;447.18440000000004
1;2025-12-26;22;240.2028
1;2025-12-26;23;57.868
5;2025-12-26;0;0.0
5;2025-12-26;1;0.0
5;2025-12-26;2;0.0
5;2025-12-26;3;0.0
5;2025-12-26;4;0.0
5;2025-12-26;5;0.0
5;2025-12-26;6;0.0
5;2025-12-26;7;0.0
5;2025-12-26;8;0.0
5;2025-12-26;9;0.0
5;2025-12-26;10;0.0
5;2025-12-26;11;0.0
5;2025-12-26;12;0.0
5;2025-12-26;13;0.0
5;2025-12-26;14;0.0
5;2025-12-26;15;0.0
5;2025-12-26;16;0.0
5;2025-12-26;17;0.0
5;2025-12-26;18;0.0
5;2025-12-26;19;0.0
5;2025-12-26;20;0.0
5;2025-12-26;21;0.0
5;2025-12-26;22;0.0
5;2025-12-26;23;0.0
7;2025-12-26;0;66.4148
7;2025-12-26;1;0.0
7;2025-12-26;2;0.0
7;2025-12-26;3;0.0
7;2025-12-26;4;0.0
7;2025-12-26;5;176.95280000000002
7;2025-12-26;6;581.1548
7;2025-12-26;7;1297.7244
7;2025-12-26;8;1848.832
7;2025-12-26;9;1469.4240000000002
7;2025-12-26;10;1250.4916
7;2025-12-26;11;1253.9324000000001
7;2025-12-26;12;1317.6424000000002
7;2025-12-26;13;1392.8708000000001
7;2025-12-26;14;1426.23
7;2025-12-26;15;1481.2368000000001
7;2025-12-26;16;1674.4
7;2025-12-26;17;1838.0496000000003
7;2025-12-26;18;1716.0484000000001
7;2025-12-26;19;1349.7596
7;2025-12-26;20;921.0304000000001
7;2025-12-26;21;589.9132000000001
7;2025-12-26;22;347.3552
7;2025-12-26;23;212.6396
11;2025-12-26;0;75.26520000000001
11;2025-12-26;1;0.0
11;2025-12-26;2;0.0
11;2025-12-26;3;0.0
11;2025-12-26;4;0.0
11;2025-12-26;5;268.226
11;2025-12-26;6;1145.17
11;2025-12-26;7;1826.3104
11;2025-12-26;8;2374.52
11;2025-12-26;9;1955.9476000000002
11;2025-12-26;10;1580.2104
11;2025-12-26;11;1590.0544
11;2025-12-26;12;1635.0792000000001
11;2025-12-26;13;1693.8028
11;2025-12-26;14;1745.2952
11;2025-12-26;15;1880.2776000000001
11;2025-12-26;16;2086.4772
11;2025-12-26;17;2430.5848
11;2025-12-26;18;2221.4872
11;2025-12-26;19;1877.9040000000002
11;2025-12-26;20;1354.6448
11;2025-12-26;21;872.6108
11;2025-12-26;22;474.536
11;2025-12-26;23;277.932
12;2025-12-26;0;61.529599999999995
12;2025-12-26;1;0.0
12;2025-12-26;2;0.0
12;2025-12-26;3;0.0
12;2025-12-26;4;0.0
12;2025-12-26;5;312.89200000000005
12;2025-12-26;6;1206.8008
12;2025-12-26;7;2137.344
12;2025-12-26;8;2769.2000000000003
12;2025-12-26;9;1986.924
12;2025-12-26;10;1714.7236
12;2025-12-26;11;1764.4772
12;2025-12-26;12;1747.8068
12;2025-12-26;13;1726.2880000000002
12;2025-12-26;14;1777.0904
12;2025-12-26;15;2068.4176
12;2025-12-26;16;2533.3396000000002
12;2025-12-26;17;2516.5312000000004
12;2025-12-26;18;2269.1524
12;2025-12-26;19;1975.654
12;2025-12-26;20;1367.7364000000002
12;2025-12-26;21;925.8328
12;2025-12-26;22;526.7
12;2025-12-26;23;285.1908
17;2025-12-26;0;148.68120000000002
17;2025-12-26;1;0.0
17;2025-12-26;2;0.0
17;2025-12-26;3;0.0
17;2025-12-26;4;0.0
17;2025-12-26;5;270.51680000000005
17;2025-12-26;6;1235.2932
17;2025-12-26;7;3104.31
17;2025-12-26;8;4133.5784
17;2025-12-26;9;3089.728
17;2025-12-26;10;2505.482
17;2025-12-26;11;2546.7808
17;2025-12-26;12;2636.8672
17;2025-12-26;13;2721.9856
17;2025-12-26;14;2790.5716
17;2025-12-26;15;3053.48
17;2025-12-26;16;3510.6648
17;2025-12-26;17;3855.7660000000005
17;2025-12-26;18;3773.2511999999997
17;2025-12-26;19;2841.0796
17;2025-12-26;20;2165.3764
17;2025-12-26;21;1500.4556000000002
17;2025-12-26;22;921.3708
17;2025-12-26;23;447.4328
25;2025-12-26;0;0.0
25;2025-12-26;1;0.0
25;2025-12-26;2;0.0
25;2025-12-26;3;0.0
25;2025-12-26;4;0.0
25;2025-12-26;5;4.314800000000001
25;2025-12-26;6;121.54120000000002
25;2025-12-26;7;376.83200000000005
25;2025-12-26;8;610.7328000000001
25;2025-12-26;9;355.7732
25;2025-12-26;10;277.8584
25;2025-12-26;11;303.94960000000003
25;2025-12-26;12;320.252
25;2025-12-26;13;376.4916
25;2025-12-26;14;387.3016
25;2025-12-26;15;453.8636
25;2025-12-26;16;524.4828
25;2025-12-26;17;549.9944
25;2025-12-26;18;473.80920000000003
25;2025-12-26;19;359.674
25;2025-12-26;20;265.6592
25;2025-12-26;21;196.052
25;2025-12-26;22;123.7124
25;2025-12-26;23;17.047600000000003
26;2025-12-26;0;0.0
26;2025-12-26;1;0.0
26;2025-12-26;2;0.0
26;2025-12-26;3;0.0
26;2025-12-26;4;0.0
26;2025-12-26;5;69.0276
26;2025-12-26;6;435.62
26;2025-12-26;7;796.6004
26;2025-12-26;8;1444.9612
26;2025-12-26;9;1102.0036
26;2025-12-26;10;914.7928
26;2025-12-26;11;844.9556
26;2025-12-26;12;908.546
26;2025-12-26;13;943.1103999999999
26;2025-12-26;14;930.0464
26;2025-12-26;15;1037.8980000000001
26;2025-12-26;16;1246.3516
26;2025-12-26;17;1298.6076
26;2025-12-26;18;1119.8516
26;2025-12-26;19;891.1212
26;2025-12-26;20;625.7104
26;2025-12-26;21;397.10880000000003
26;2025-12-26;22;231.2604
26;2025-12-26;23;140.29080000000002
28;2025-12-26;0;0.0
28;2025-12-26;1;0.0
28;2025-12-26;2;0.0
28;2025-12-26;3;0.0
28;2025-12-26;4;0.0
28;2025-12-26;5;67.01280000000001
28;2025-12-26;6;210.0636
28;2025-12-26;7;566.7292
28;2025-12-26;8;847.0532000000001
28;2025-12-26;9;638.066
28;2025-12-26;10;485.6036000000001
28;2025-12-26;11;475.00519999999995
28;2025-12-26;12;543.1036
28;2025-12-26;13;562.1936000000001
28;2025-12-26;14;537.3812
28;2025-12-26;15;558.7436
28;2025-12-26;16;712.1536000000001
28;2025-12-26;17;745.936
28;2025-12-26;18;646.9348000000001
28;2025-12-26;19;526.9116
28;2025-12-26;20;409.7036
28;2025-12-26;21;276.414
28;2025-12-26;22;135.08360000000002
28;2025-12-26;23;17.7008
50;2025-12-26;0;0.0
50;2025-12-26;1;0.0
50;2025-12-26;2;0.0
50;2025-12-26;3;0.0
50;2025-12-26;4;0.0
50;2025-12-26;5;71.16199999999999
50;2025-12-26;6;489.31120000000004
50;2025-12-26;7;1379.356
50;2025-12-26;8;2073.358
50;2025-12-26;9;1576.4292
50;2025-12-26;10;1270.9156
50;2025-12-26;11;1258.2104
50;2025-12-26;12;1216.6264
50;2025-12-26;13;1185.742
50;2025-12-26;14;1123.3016
50;2025-12-26;15;1374.756
50;2025-12-26;16;1582.722
50;2025-12-26;17;1701.5492000000002
50;2025-12-26;18;1479.222
50;2025-12-26;19;1046.5644
50;2025-12-26;20;728.8608
50;2025-12-26;21;526.608
50;2025-12-26;22;304.888
50;2025-12-26;23;171.9204
1;2025-12-27;0;0.0
1;2025-12-27;1;0.0
1;2025-12-27;2;0.0
1;2025-12-27;3;0.0
1;2025-12-27;4;0.0
1;2025-12-27;5;32.6968
1;2025-12-27;6;157.16360000000003
1;2025-12-27;7;298.9632
1;2025-12-27;8;400.66
1;2025-12-27;9;628.8476
1;2025-12-27;10;709.4672
1;2025-12-27;11;663.2556
1;2025-12-27;12;815.6812000000001
1;2025-12-27;13;818.5976
1;2025-12-27;14;758.77
1;2025-12-27;15;678.6655999999999
1;2025-12-27;16;629.1972
1;2025-12-27;17;601.128
1;2025-12-27;18;551.7976
1;2025-12-27;19;505.1076
1;2025-12-27;20;380.9904
1;2025-12-27;21;279.4868
1;2025-12-27;22;137.9264
1;2025-12-27;23;38.042
5;2025-12-27;0;0.0
5;2025-12-27;1;0.0
5;2025-12-27;2;0.0
5;2025-12-27;3;0.0
5;2025-12-27;4;0.0
5;2025-12-27;5;0.0
5;2025-12-27;6;0.0
5;2025-12-27;7;0.0
5;2025-12-27;8;0.0
5;2025-12-27;9;0.0
5;2025-12-27;10;0.0
5;2025-12-27;11;0.0
5;2025-12-27;12;0.0
5;2025-12-27;13;0.0
5;2025-12-27;14;0.0
5;2025-12-27;15;0.0
5;2025-12-27;16;0.0
5;2025-12-27;17;0.0
5;2025-12-27;18;0.0
5;2025-12-27;19;0.0
5;2025-12-27;20;0.0
5;2025-12-27;21;0.0
5;2025-12-27;22;0.0
5;2025-12-27;23;0.0
7;2025-12-27;0;91.5676
7;2025-12-27;1;0.0
7;2025-12-27;2;0.0
7;2025-12-27;3;0.0
7;2025-12-27;4;0.0
7;2025-12-27;5;56.175200000000004
7;2025-12-27;6;283.6176
7;2025-12-27;7;444.7188
7;2025-12-27;8;679.5764
7;2025-12-27;9;762.4776
7;2025-12-27;10;829.6284
7;2025-12-27;11;969.9192
7;2025-12-27;12;1063.6488000000002
7;2025-12-27;13;1111.2312
7;2025-12-27;14;1152.4840000000002
7;2025-12-27;15;1066.7124000000001
7;2025-12-27;16;1021.8900000000001
7;2025-12-27;17;992.6524000000001
7;2025-12-27;18;973.9304
7;2025-12-27;19;964.5464000000001
7;2025-12-27;20;720.498
7;2025-12-27;21;591.1551999999999
7;2025-12-27;22;319.57120000000003
7;2025-12-27;23;202.6668
11;2025-12-27;0;95.22
11;2025-12-27;1;0.0
11;2025-12-27;2;0.0
11;2025-12-27;3;0.0
11;2025-12-27;4;0.0
11;2025-12-27;5;198.2784
11;2025-12-27;6;707.4432
11;2025-12-27;7;629.648
11;2025-12-27;8;840.2452
11;2025-12-27;9;1005.3024
11;2025-12-27;10;1078.6816000000001
11;2025-12-27;11;1433.7464000000002
11;2025-12-27;12;1564.1196000000002
11;2025-12-27;13;1482.9756000000002
11;2025-12-27;14;1497.208
11;2025-12-27;15;1527.7152
11;2025-12-27;16;1553.7236
11;2025-12-27;17;1570.9
11;2025-12-27;18;1396.1644000000001
11;2025-12-27;19;1325.812
11;2025-12-27;20;1073.6308000000001
11;2025-12-27;21;750.2416000000001
11;2025-12-27;22;432.83240000000006
11;2025-12-27;23;299.95680000000004
12;2025-12-27;0;81.972
12;2025-12-27;1;0.0
12;2025-12-27;2;0.0
12;2025-12-27;3;0.0
12;2025-12-27;4;0.0
12;2025-12-27;5;251.78560000000002
12;2025-12-27;6;778.8628000000001
12;2025-12-27;7;811.6976
12;2025-12-27;8;866.1064
12;2025-12-27;9;1001.9444
12;2025-12-27;10;1208.4384
12;2025-12-27;11;1304.054
12;2025-12-27;12;1265.782
12;2025-12-27;13;1492.5528
12;2025-12-27;14;1397.7744
12;2025-12-27;15;1295.6636
12;2025-12-27;16;1342.6940000000002
12;2025-12-27;17;1303.5664000000002
12;2025-12-27;18;1266.5364000000002
12;2025-12-27;19;1286.4084
12;2025-12-27;20;931.2700000000001
12;2025-12-27;21;643.1536000000001
12;2025-12-27;22;411.7276
12;2025-12-27;23;259.21000000000004
17;2025-12-27;0;185.8032
17;2025-12-27;1;0.0
17;2025-12-27;2;0.0
17;2025-12-27;3;0.0
17;2025-12-27;4;0.0
17;2025-12-27;5;108.9556
17;2025-12-27;6;464.2688
17;2025-12-27;7;949.5228
17;2025-12-27;8;1363.3204
17;2025-12-27;9;1688.0528
17;2025-12-27;10;1887.4812000000002
17;2025-12-27;11;2221.34
17;2025-12-27;12;2462.5548000000003
17;2025-12-27;13;2620.6568
17;2025-12-27;14;2669.012
17;2025-12-27;15;2704.4228000000003
17;2025-12-27;16;2679.9048000000003
17;2025-12-27;17;2630.8688
17;2025-12-27;18;2427.3372
17;2025-12-27;19;2095.1344000000004
17;2025-12-27;20;1688.4024000000002
17;2025-12-27;21;1248.7068
17;2025-12-27;22;826.068
17;2025-12-27;23;428.3428
25;2025-12-27;0;0.0
25;2025-12-27;1;0.0
25;2025-12-27;2;0.0
25;2025-12-27;3;0.0
25;2025-12-27;4;0.0
25;2025-12-27;5;1.7664
25;2025-12-27;6;45.586
25;2025-12-27;7;111.8444
25;2025-12-27;8;224.71
25;2025-12-27;9;221.33360000000002
25;2025-12-27;10;218.7024
25;2025-12-27;11;288.5212
25;2025-12-27;12;306.268
25;2025-12-27;13;386.40000000000003
25;2025-12-27;14;416.17120000000006
25;2025-12-27;15;482.1444000000001
25;2025-12-27;16;429.7228
25;2025-12-27;17;374.53200000000004
25;2025-12-27;18;376.5192
25;2025-12-27;19;334.1348
25;2025-12-27;20;229.1996
25;2025-12-27;21;201.5168
25;2025-12-27;22;125.8744
25;2025-12-27;23;51.1336
26;2025-12-27;0;0.0
26;2025-12-27;1;0.0
26;2025-12-27;2;0.0
26;2025-12-27;3;0.0
26;2025-12-27;4;0.0
26;2025-12-27;5;40.8572
26;2025-12-27;6;245.63080000000002
26;2025-12-27;7;316.59040000000005
26;2025-12-27;8;464.12160000000006
26;2025-12-27;9;570.8508
26;2025-12-27;10;657.5332000000001
26;2025-12-27;11;798.8728000000001
26;2025-12-27;12;822.8572
26;2025-12-27;13;832.9128000000001
26;2025-12-27;14;825.1296
26;2025-12-27;15;763.5264
26;2025-12-27;16;770.0308
26;2025-12-27;17;749.2848000000001
26;2025-12-27;18;732.3568
26;2025-12-27;19;698.418
26;2025-12-27;20;493.9572
26;2025-12-27;21;334.9812
26;2025-12-27;22;215.40879999999999
26;2025-12-27;23;130.9712
28;2025-12-27;0;0.0
28;2025-12-27;1;0.0
28;2025-12-27;2;0.0
28;2025-12-27;3;0.0
28;2025-12-27;4;0.0
28;2025-12-27;5;33.8928
28;2025-12-27;6;89.6448
28;2025-12-27;7;185.61
28;2025-12-27;8;287.38960000000003
28;2025-12-27;9;375.39680000000004
28;2025-12-27;10;388.05600000000004
28;2025-12-27;11;398.23120000000006
28;2025-12-27;12;461.0028
28;2025-12-27;13;487.508
28;2025-12-27;14;487.2688
28;2025-12-27;15;474.0576
28;2025-12-27;16;445.78600000000006
28;2025-12-27;17;456.7524
28;2025-12-27;18;409.26200000000006
28;2025-12-27;19;358.51480000000004
28;2025-12-27;20;283.1392
28;2025-12-27;21;256.2384
28;2025-12-27;22;127.6224
28;2025-12-27;23;22.4204
50;2025-12-27;0;65.1544
50;2025-12-27;1;0.0
50;2025-12-27;2;0.0
50;2025-12-27;3;0.0
50;2025-12-27;4;0.0
50;2025-12-27;5;45.2916
50;2025-12-27;6;199.7688
50;2025-12-27;7;391.68080000000003
50;2025-12-27;8;559.9396
50;2025-12-27;9;606.4363999999999
50;2025-12-27;10;603.0416
50;2025-12-27;11;732.09
50;2025-12-27;12;749.4044000000001
50;2025-12-27;13;783.2604
50;2025-12-27;14;785.1372
50;2025-12-27;15;747.5736
50;2025-12-27;16;732.9548000000001
50;2025-12-27;17;741.0508000000001
50;2025-12-27;18;689.2548
50;2025-12-27;19;619.5924
50;2025-12-27;20;496.9012
50;2025-12-27;21;402.8036
50;2025-12-27;22;233.44080000000002
50;2025-12-27;23;160.5124
1;2025-12-28;0;0.0
1;2025-12-28;1;0.0
1;2025-12-28;2;0.0
1;2025-12-28;3;0.0
1;2025-12-28;4;0.0
1;2025-12-28;5;25.870400000000004
1;2025-12-28;6;119.0296
1;2025-12-28;7;234.9864
1;2025-12-28;8;327.05080000000004
1;2025-12-28;9;528.1168
1;2025-12-28;10;625.2688
1;2025-12-28;11;621.8372
1;2025-12-28;12;742.6424000000001
1;2025-12-28;13;777.1792
1;2025-12-28;14;684.2316000000001
1;2025-12-28;15;625.6092
1;2025-12-28;16;577.5576
1;2025-12-28;17;539.4604
1;2025-12-28;18;499.33000000000004
1;2025-12-28;19;431.8296
1;2025-12-28;20;338.5048
1;2025-12-28;21;257.2228
1;2025-12-28;22;111.3844
1;2025-12-28;23;32.43
5;2025-12-28;0;0.0
5;2025-12-28;1;0.0
5;2025-12-28;2;0.0
5;2025-12-28;3;0.0
5;2025-12-28;4;0.0
5;2025-12-28;5;0.0
5;2025-12-28;6;0.0
5;2025-12-28;7;0.0
5;2025-12-28;8;0.0
5;2025-12-28;9;0.0
5;2025-12-28;10;0.0
5;2025-12-28;11;0.0
5;2025-12-28;12;0.0
5;2025-12-28;13;0.0
5;2025-12-28;14;0.0
5;2025-12-28;15;0.0
5;2025-12-28;16;0.0
5;2025-12-28;17;0.0
5;2025-12-28;18;0.0
5;2025-12-28;19;0.0
5;2025-12-28;20;0.0
5;2025-12-28;21;0.0
5;2025-12-28;22;0.0
5;2025-12-28;23;0.0
7;2025-12-28;0;102.81
7;2025-12-28;1;0.0
7;2025-12-28;2;0.0
7;2025-12-28;3;73.9772
7;2025-12-28;4;0.0
7;2025-12-28;5;40.1028
7;2025-12-28;6;193.8348
7;2025-12-28;7;300.5548
7;2025-12-28;8;489.86320000000006
7;2025-12-28;9;593.6759999999999
7;2025-12-28;10;662.0504000000001
7;2025-12-28;11;829.3524000000001
7;2025-12-28;12;905.3168000000001
7;2025-12-28;13;952.8716000000001
7;2025-12-28;14;1021.3196000000002
7;2025-12-28;15;977.8588000000001
7;2025-12-28;16;898.9136000000001
7;2025-12-28;17;949.7528
7;2025-12-28;18;858.13
7;2025-12-28;19;753.4248000000001
7;2025-12-28;20;622.3984
7;2025-12-28;21;498.29040000000003
7;2025-12-28;22;288.7328
7;2025-12-28;23;170.47600000000003
11;2025-12-28;0;102.9848
11;2025-12-28;1;0.0
11;2025-12-28;2;0.0
11;2025-12-28;3;59.57920000000001
11;2025-12-28;4;0.0
11;2025-12-28;5;119.6092
11;2025-12-28;6;475.87
11;2025-12-28;7;481.988
11;2025-12-28;8;613.4467999999999
11;2025-12-28;9;829.4444000000001
11;2025-12-28;10;940.1940000000001
11;2025-12-28;11;1287.4388000000001
11;2025-12-28;12;1413.1844
11;2025-12-28;13;1333.3928
11;2025-12-28;14;1390.3132
11;2025-12-28;15;1460.7392
11;2025-12-28;16;1415.5764000000001
11;2025-12-28;17;1481.7796
11;2025-12-28;18;1261.8996000000002
11;2025-12-28;19;1076.6024
11;2025-12-28;20;909.282
11;2025-12-28;21;657.5240000000001
11;2025-12-28;22;381.7448
11;2025-12-28;23;240.03720000000004
12;2025-12-28;0;84.39160000000001
12;2025-12-28;1;0.0
12;2025-12-28;2;0.0
12;2025-12-28;3;0.0
12;2025-12-28;4;0.0
12;2025-12-28;5;165.3148
12;2025-12-28;6;502.9548000000001
12;2025-12-28;7;569.2408
12;2025-12-28;8;674.5348000000001
12;2025-12-28;9;838.8376000000001
12;2025-12-28;10;1030.216
12;2025-12-28;11;1142.3364000000001
12;2025-12-28;12;1188.9436
12;2025-12-28;13;1372.6032
12;2025-12-28;14;1320.2644
12;2025-12-28;15;1193.6264
12;2025-12-28;16;1303.2168
12;2025-12-28;17;1373.8452
12;2025-12-28;18;1146.642
12;2025-12-28;19;940.01
12;2025-12-28;20;727.5728
12;2025-12-28;21;573.114
12;2025-12-28;22;379.3436
12;2025-12-28;23;215.0224
17;2025-12-28;0;176.95280000000002
17;2025-12-28;1;0.0
17;2025-12-28;2;0.0
17;2025-12-28;3;0.0
17;2025-12-28;4;0.0
17;2025-12-28;5;92.7636
17;2025-12-28;6;362.88480000000004
17;2025-12-28;7;646.1068
17;2025-12-28;8;1019.4152
17;2025-12-28;9;1364.8108
17;2025-12-28;10;1574.5064000000002
17;2025-12-28;11;1947.732
17;2025-12-28;12;2247.8084
17;2025-12-28;13;2422.5348000000004
17;2025-12-28;14;2450.2544000000003
17;2025-12-28;15;2480.044
17;2025-12-28;16;2439.6928000000003
17;2025-12-28;17;2348.7876
17;2025-12-28;18;2128.6132000000002
17;2025-12-28;19;1802.0040000000001
17;2025-12-28;20;1461.144
17;2025-12-28;21;1065.2128
17;2025-12-28;22;703.3951999999999
17;2025-12-28;23;307.7676
25;2025-12-28;0;0.0
25;2025-12-28;1;0.0
25;2025-12-28;2;0.0
25;2025-12-28;3;0.0
25;2025-12-28;4;0.0
25;2025-12-28;5;2.7416
25;2025-12-28;6;36.9748
25;2025-12-28;7;83.61880000000001
25;2025-12-28;8;154.2288
25;2025-12-28;9;166.9248
25;2025-12-28;10;176.0052
25;2025-12-28;11;231.4444
25;2025-12-28;12;272.23720000000003
25;2025-12-28;13;324.7876
25;2025-12-28;14;362.02000000000004
25;2025-12-28;15;419.244
25;2025-12-28;16;357.68680000000006
25;2025-12-28;17;335.8828
25;2025-12-28;18;335.6528
25;2025-12-28;19;270.434
25;2025-12-28;20;193.99120000000002
25;2025-12-28;21;169.29840000000002
25;2025-12-28;22;103.48160000000001
25;2025-12-28;23;35.1624
26;2025-12-28;0;0.0
26;2025-12-28;1;0.0
26;2025-12-28;2;0.0
26;2025-12-28;3;0.0
26;2025-12-28;4;0.0
26;2025-12-28;5;31.114400000000003
26;2025-12-28;6;143.01399999999998
26;2025-12-28;7;228.9696
26;2025-12-28;8;343.7396
26;2025-12-28;9;454.50759999999997
26;2025-12-28;10;499.78080000000006
26;2025-12-28;11;657.1376
26;2025-12-28;12;693.0912000000001
26;2025-12-28;13;705.2076
26;2025-12-28;14;687.1296
26;2025-12-28;15;657.3768
26;2025-12-28;16;650.4492
26;2025-12-28;17;656.5948000000001
26;2025-12-28;18;614.9464
26;2025-12-28;19;510.34240000000005
26;2025-12-28;20;386.2988
26;2025-12-28;21;280.646
26;2025-12-28;22;192.2064
26;2025-12-28;23;100.3996
28;2025-12-28;0;0.0
28;2025-12-28;1;0.0
28;2025-12-28;2;0.0
28;2025-12-28;3;0.0
28;2025-12-28;4;0.0
28;2025-12-28;5;28.612000000000002
28;2025-12-28;6;75.77120000000001
28;2025-12-28;7;126.04
28;2025-12-28;8;211.01120000000003
28;2025-12-28;9;278.53000000000003
28;2025-12-28;10;306.3232
28;2025-12-28;11;335.6528
28;2025-12-28;12;379.6104
28;2025-12-28;13;428.2692
28;2025-12-28;14;419.67640000000006
28;2025-12-28;15;427.8
28;2025-12-28;16;407.62440000000004
28;2025-12-28;17;394.72600000000006
28;2025-12-28;18;372.65520000000004
28;2025-12-28;19;322.5428
28;2025-12-28;20;277.1592
28;2025-12-28;21;222.824
28;2025-12-28;22;102.3776
28;2025-12-28;23;14.3428
50;2025-12-28;0;52.863200000000006
50;2025-12-28;1;0.0
50;2025-12-28;2;0.0
50;2025-12-28;3;0.0
50;2025-12-28;4;0.0
50;2025-12-28;5;32.135600000000004
50;2025-12-28;6;142.10320000000002
50;2025-12-28;7;249.46720000000005
50;2025-12-28;8;376.9884
50;2025-12-28;9;447.672
50;2025-12-28;10;485.5484
50;2025-12-28;11;604.21
50;2025-12-28;12;646.0608000000001
50;2025-12-28;13;710.746
50;2025-12-28;14;734.5004
50;2025-12-28;15;674.0104
50;2025-12-28;16;686.0255999999999
50;2025-12-28;17;684.2776
50;2025-12-28;18;646.4012
50;2025-12-28;19;559.6544000000001
50;2025-12-28;20;474.6096
50;2025-12-28;21;377.844
50;2025-12-28;22;227.1296
50;2025-12-28;23;124.2
1;2025-12-29;0;0.0
1;2025-12-29;1;0.0
1;2025-12-29;2;0.0
1;2025-12-29;3;0.0
1;2025-12-29;4;0.0
1;2025-12-29;5;116.5548
1;2025-12-29;6;480.30440000000004
1;2025-12-29;7;1195.8988000000002
1;2025-12-29;8;1534.2472000000002
1;2025-12-29;9;1197.8768
1;2025-12-29;10;1060.0608
1;2025-12-29;11;1097.9832000000001
1;2025-12-29;12;1116.1624000000002
1;2025-12-29;13;1105.0948
1;2025-12-29;14;1052.5168
1;2025-12-29;15;1179.072
1;2025-12-29;16;1208.5396
1;2025-12-29;17;1447.1324000000002
1;2025-12-29;18;1526.8688000000002
1;2025-12-29;19;1199.6984
1;2025-12-29;20;779.3228
1;2025-12-29;21;432.63
1;2025-12-29;22;226.8076
1;2025-12-29;23;37.784400000000005
5;2025-12-29;0;0.0
5;2025-12-29;1;0.0
5;2025-12-29;2;0.0
5;2025-12-29;3;0.0
5;2025-12-29;4;0.0
5;2025-12-29;5;0.0
5;2025-12-29;6;0.0
5;2025-12-29;7;0.0
5;2025-12-29;8;0.0
5;2025-12-29;9;0.0
5;2025-12-29;10;0.0
5;2025-12-29;11;0.0
5;2025-12-29;12;0.0
5;2025-12-29;13;0.0
5;2025-12-29;14;0.0
5;2025-12-29;15;0.0
5;2025-12-29;16;0.0
5;2025-12-29;17;0.0
5;2025-12-29;18;0.0
5;2025-12-29;19;0.0
5;2025-12-29;20;0.0
5;2025-12-29;21;0.0
5;2025-12-29;22;0.0
5;2025-12-29;23;0.0
7;2025-12-29;0;72.5052
7;2025-12-29;1;0.0
7;2025-12-29;2;0.0
7;2025-12-29;3;0.0
7;2025-12-29;4;0.0
7;2025-12-29;5;193.8716
7;2025-12-29;6;656.4384
7;2025-12-29;7;1396.6244
7;2025-12-29;8;2030.44
7;2025-12-29;9;1578.5912
7;2025-12-29;10;1305.1028
7;2025-12-29;11;1174.8032
7;2025-12-29;12;1220.1868
7;2025-12-29;13;1232.8736
7;2025-12-29;14;1264.5676
7;2025-12-29;15;1366.3564000000001
7;2025-12-29;16;1485.7264000000002
7;2025-12-29;17;1912.3855999999998
7;2025-12-29;18;2218.4328
7;2025-12-29;19;1487.3732
7;2025-12-29;20;966.2484000000001
7;2025-12-29;21;534.7316000000001
7;2025-12-29;22;279.6248
7;2025-12-29;23;170.384
11;2025-12-29;0;76.5532
11;2025-12-29;1;0.0
11;2025-12-29;2;0.0
11;2025-12-29;3;0.0
11;2025-12-29;4;0.0
11;2025-12-29;5;278.4196
11;2025-12-29;6;1225.3111999999999
11;2025-12-29;7;1996.9612000000002
11;2025-12-29;8;2633.96
11;2025-12-29;9;2056.3196000000003
11;2025-12-29;10;1543.3736
11;2025-12-29;11;1578.6372000000001
11;2025-12-29;12;1524.5412
11;2025-12-29;13;1629.5868
11;2025-12-29;14;1616.1180000000002
11;2025-12-29;15;1728.2936
11;2025-12-29;16;1941.982
11;2025-12-29;17;2428.34
11;2025-12-29;18;2784.5732000000003
11;2025-12-29;19;2099.7712
11;2025-12-29;20;1447.5188
11;2025-12-29;21;827.4204000000001
11;2025-12-29;22;428.23240000000004
11;2025-12-29;23;212.7868
12;2025-12-29;0;67.83160000000001
12;2025-12-29;1;0.0
12;2025-12-29;2;0.0
12;2025-12-29;3;0.0
12;2025-12-29;4;0.0
12;2025-12-29;5;336.46240000000006
12;2025-12-29;6;1282.0476
12;2025-12-29;7;2294.2224
12;2025-12-29;8;2994.9404
12;2025-12-29;9;2158.182
12;2025-12-29;10;1774.7628
12;2025-12-29;11;1703.9228
12;2025-12-29;12;1774.9008000000001
12;2025-12-29;13;1721.9732000000001
12;2025-12-29;14;1668.374
12;2025-12-29;15;1904.8600000000001
12;2025-12-29;16;2305.3268000000003
12;2025-12-29;17;2581.7408
12;2025-12-29;18;2820.8304
12;2025-12-29;19;2265.7116
12;2025-12-29;20;1448.3284
12;2025-12-29;21;857.4952
12;2025-12-29;22;461.82160000000005
12;2025-12-29;23;233.358
17;2025-12-29;0;101.5956
17;2025-12-29;1;0.0
17;2025-12-29;2;0.0
17;2025-12-29;3;0.0
17;2025-12-29;4;0.0
17;2025-12-29;5;279.8364
17;2025-12-29;6;1324.0364000000002
17;2025-12-29;7;3399.8508
17;2025-12-29;8;4553.0524000000005
17;2025-12-29;9;3269.8548
17;2025-12-29;10;2537.9212
17;2025-12-29;11;2518.3528
17;2025-12-29;12;2574.5832
17;2025-12-29;13;2627.1888
17;2025-12-29;14;2614.3088
17;2025-12-29;15;2751.628
17;2025-12-29;16;3097.318
17;2025-12-29;17;3923.4411999999998
17;2025-12-29;18;4525.5444
17;2025-12-29;19;3209.7328
17;2025-12-29;20;2200.2168
17;2025-12-29;21;1371.2692
17;2025-12-29;22;785.3764
17;2025-12-29;23;330.31680000000006
25;2025-12-29;0;0.0
25;2025-12-29;1;0.0
25;2025-12-29;2;0.0
25;2025-12-29;3;0.0
25;2025-12-29;4;0.0
25;2025-12-29;5;3.5788
25;2025-12-29;6;125.88360000000002
25;2025-12-29;7;409.6668
25;2025-12-29;8;667.1472
25;2025-12-29;9;353.60200000000003
25;2025-12-29;10;262.7704
25;2025-12-29;11;280.9864
25;2025-12-29;12;295.5684
25;2025-12-29;13;366.9328
25;2025-12-29;14;316.388
25;2025-12-29;15;375.8568
25;2025-12-29;16;479.96400000000006
25;2025-12-29;17;532.496
25;2025-12-29;18;608.4512000000001
25;2025-12-29;19;371.3672
25;2025-12-29;20;255.64960000000002
25;2025-12-29;21;175.444
25;2025-12-29;22;91.62280000000001
25;2025-12-29;23;11.592
26;2025-12-29;0;0.0
26;2025-12-29;1;0.0
26;2025-12-29;2;0.0
26;2025-12-29;3;0.0
26;2025-12-29;4;0.0
26;2025-12-29;5;70.2512
26;2025-12-29;6;464.8944
26;2025-12-29;7;860.8532
26;2025-12-29;8;1629.5408
26;2025-12-29;9;1187.5084
26;2025-12-29;10;993.2228
26;2025-12-29;11;870.2096
26;2025-12-29;12;909.8248000000001
26;2025-12-29;13;952.0252
26;2025-12-29;14;906.0068
26;2025-12-29;15;989.8372000000002
26;2025-12-29;16;1140.4964000000002
26;2025-12-29;17;1329.8600000000001
26;2025-12-29;18;1541.8924000000002
26;2025-12-29;19;1080.6596000000002
26;2025-12-29;20;671.0112
26;2025-12-29;21;390.2916
26;2025-12-29;22;209.8796
26;2025-12-29;23;99.82920000000001
28;2025-12-29;0;0.0
28;2025-12-29;1;0.0
28;2025-12-29;2;0.0
28;2025-12-29;3;0.0
28;2025-12-29;4;0.0
28;2025-12-29;5;71.944
28;2025-12-29;6;232.72320000000002
28;2025-12-29;7;619.8868
28;2025-12-29;8;935.0328000000001
28;2025-12-29;9;705.2996
28;2025-12-29;10;504.666
28;2025-12-29;11;466.0628
28;2025-12-29;12;550.5188
28;2025-12-29;13;575.2851999999999
28;2025-12-29;14;513.0288
28;2025-12-29;15;538.8716000000001
28;2025-12-29;16;679.4476
28;2025-12-29;17;780.0404000000001
28;2025-12-29;18;800.124
28;2025-12-29;19;625.5908000000001
28;2025-12-29;20;426.7236
28;2025-12-29;21;267.6096
28;2025-12-29;22;115.7912
28;2025-12-29;23;15.9436
50;2025-12-29;0;0.0
50;2025-12-29;1;0.0
50;2025-12-29;2;0.0
50;2025-12-29;3;0.0
50;2025-12-29;4;0.0
50;2025-12-29;5;68.2824
50;2025-12-29;6;492.1448000000001
50;2025-12-29;7;1542.6192
50;2025-12-29;8;2269.824
50;2025-12-29;9;1793.1628
50;2025-12-29;10;1340.5412
50;2025-12-29;11;1277.2636
50;2025-12-29;12;1180.314
50;2025-12-29;13;1161.7944
50;2025-12-29;14;1128.2880000000002
50;2025-12-29;15;1246.2228
50;2025-12-29;16;1322.2424
50;2025-12-29;17;1925.2564000000002
50;2025-12-29;18;2137.0588
50;2025-12-29;19;1326.2536
50;2025-12-29;20;820.1892
50;2025-12-29;21;536.3968
50;2025-12-29;22;270.6456
50;2025-12-29;23;128.984
1;2025-12-30;0;0.0
1;2025-12-30;1;0.0
1;2025-12-30;2;0.0
1;2025-12-30;3;0.0
1;2025-12-30;4;0.0
1;2025-12-30;5;126.2792
1;2025-12-30;6;492.3656
1;2025-12-30;7;1255.3584
1;2025-12-30;8;1586.7148000000002
1;2025-12-30;9;1308.7092
1;2025-12-30;10;1189.8912
1;2025-12-30;11;1186.9472
1;2025-12-30;12;1174.196
1;2025-12-30;13;1187.0024
1;2025-12-30;14;1077.0256000000002
1;2025-12-30;15;1195.2364000000002
1;2025-12-30;16;1206.8284
1;2025-12-30;17;1408.4924
1;2025-12-30;18;1515.2492
1;2025-12-30;19;1212.7256000000002
1;2025-12-30;20;816.5920000000001
1;2025-12-30;21;440.2292
1;2025-12-30;22;231.8768
1;2025-12-30;23;44.3716
5;2025-12-30;0;0.0
5;2025-12-30;1;0.0
5;2025-12-30;2;0.0
5;2025-12-30;3;0.0
5;2025-12-30;4;0.0
5;2025-12-30;5;0.0
5;2025-12-30;6;0.0
5;2025-12-30;7;0.0
5;2025-12-30;8;0.0
5;2025-12-30;9;0.0
5;2025-12-30;10;0.0
5;2025-12-30;11;0.0
5;2025-12-30;12;0.0
5;2025-12-30;13;0.0
5;2025-12-30;14;0.0
5;2025-12-30;15;0.0
5;2025-12-30;16;0.0
5;2025-12-30;17;0.0
5;2025-12-30;18;0.0
5;2025-12-30;19;0.0
5;2025-12-30;20;0.0
5;2025-12-30;21;0.0
5;2025-12-30;22;0.0
5;2025-12-30;23;0.0
7;2025-12-30;0;54.9516
7;2025-12-30;1;0.0
7;2025-12-30;2;0.0
7;2025-12-30;3;0.0
7;2025-12-30;4;0.0
7;2025-12-30;5;196.16240000000002
7;2025-12-30;6;671.4252
7;2025-12-30;7;1413.2488
7;2025-12-30;8;2089.918
7;2025-12-30;9;1597.304
7;2025-12-30;10;1386.1640000000002
7;2025-12-30;11;1239.516
7;2025-12-30;12;1284.596
7;2025-12-30;13;1290.0608
7;2025-12-30;14;1305.02
7;2025-12-30;15;1432.2192
7;2025-12-30;16;1492.8104
7;2025-12-30;17;1940.1696000000002
7;2025-12-30;18;2234.6432
7;2025-12-30;19;1583.8352
7;2025-12-30;20;987.62
7;2025-12-30;21;590.9159999999999
7;2025-12-30;22;306.57160000000005
7;2025-12-30;23;170.27360000000002
11;2025-12-30;0;65.2188
11;2025-12-30;1;0.0
11;2025-12-30;2;0.0
11;2025-12-30;3;0.0
11;2025-12-30;4;0.0
11;2025-12-30;5;270.06600000000003
11;2025-12-30;6;1224.9064
11;2025-12-30;7;2047.092
11;2025-12-30;8;2682.0668
11;2025-12-30;9;2126.2948
11;2025-12-30;10;1616.1456
11;2025-12-30;11;1591.094
11;2025-12-30;12;1586.2824
11;2025-12-30;13;1702.7728
11;2025-12-30;14;1711.0988000000002
11;2025-12-30;15;1786.8792
11;2025-12-30;16;1979.38
11;2025-12-30;17;2483.6504
11;2025-12-30;18;2781.4728000000005
11;2025-12-30;19;2105.6592000000005
11;2025-12-30;20;1436.5708
11;2025-12-30;21;856.6304
11;2025-12-30;22;434.608
11;2025-12-30;23;229.7056
12;2025-12-30;0;0.0
12;2025-12-30;1;0.0
12;2025-12-30;2;0.0
12;2025-12-30;3;0.0
12;2025-12-30;4;0.0
12;2025-12-30;5;341.274
12;2025-12-30;6;1332.2428
12;2025-12-30;7;2405.2756
12;2025-12-30;8;3151.2208
12;2025-12-30;9;2255.8584
12;2025-12-30;10;1880.6364
12;2025-12-30;11;1810.2012
12;2025-12-30;12;1808.2968
12;2025-12-30;13;1788.0016
12;2025-12-30;14;1777.0076000000001
12;2025-12-30;15;1950.8968
12;2025-12-30;16;2433.9796
12;2025-12-30;17;2715.8216
12;2025-12-30;18;2877.7508
12;2025-12-30;19;2380.6839999999997
12;2025-12-30;20;1474.0240000000001
12;2025-12-30;21;891.9952
12;2025-12-30;22;506.31280000000004
12;2025-12-30;23;238.15120000000002
17;2025-12-30;0;120.10600000000001
17;2025-12-30;1;0.0
17;2025-12-30;2;0.0
17;2025-12-30;3;0.0
17;2025-12-30;4;0.0
17;2025-12-30;5;285.14480000000003
17;2025-12-30;6;1358.334
17;2025-12-30;7;3484.2884
17;2025-12-30;8;4653.9488
17;2025-12-30;9;3399.9060000000004
17;2025-12-30;10;2647.4012000000002
17;2025-12-30;11;2562.0896000000002
17;2025-12-30;12;2610.3896000000004
17;2025-12-30;13;2631.9452
17;2025-12-30;14;2686.584
17;2025-12-30;15;2779.8260000000005
17;2025-12-30;16;3165.0668
17;2025-12-30;17;3985.8815999999997
17;2025-12-30;18;4522.9224
17;2025-12-30;19;3281.5664
17;2025-12-30;20;2285.7768
17;2025-12-30;21;1442.7440000000001
17;2025-12-30;22;826.3808
17;2025-12-30;23;353.372
25;2025-12-30;0;0.0
25;2025-12-30;1;0.0
25;2025-12-30;2;0.0
25;2025-12-30;3;0.0
25;2025-12-30;4;0.0
25;2025-12-30;5;3.9468
25;2025-12-30;6;128.8644
25;2025-12-30;7;427.7264
25;2025-12-30;8;653.1264
25;2025-12-30;9;387.93640000000005
25;2025-12-30;10;294.9888
25;2025-12-30;11;323.6928
25;2025-12-30;12;310.94160000000005
25;2025-12-30;13;352.4796
25;2025-12-30;14;337.0788
25;2025-12-30;15;411.9484
25;2025-12-30;16;482.5952
25;2025-12-30;17;520.4164
25;2025-12-30;18;607.2828000000001
25;2025-12-30;19;416.01480000000004
25;2025-12-30;20;274.0036
25;2025-12-30;21;175.7108
25;2025-12-30;22;103.4448
25;2025-12-30;23;11.2056
26;2025-12-30;0;0.0
26;2025-12-30;1;0.0
26;2025-12-30;2;0.0
26;2025-12-30;3;58.9812
26;2025-12-30;4;0.0
26;2025-12-30;5;76.7832
26;2025-12-30;6;473.3124
26;2025-12-30;7;908.2424000000001
26;2025-12-30;8;1673.4892
26;2025-12-30;9;1243.9596000000001
26;2025-12-30;10;996.8016
26;2025-12-30;11;909.2912
26;2025-12-30;12;928.786
26;2025-12-30;13;943.69
26;2025-12-30;14;945.0608000000001
26;2025-12-30;15;1013.8492
26;2025-12-30;16;1166.6888000000001
26;2025-12-30;17;1360.6524000000002
26;2025-12-30;18;1541.276
26;2025-12-30;19;1104.1380000000001
26;2025-12-30;20;705.0788
26;2025-12-30;21;409.17
26;2025-12-30;22;219.4292
26;2025-12-30;23;109.43400000000001
28;2025-12-30;0;0.0
28;2025-12-30;1;0.0
28;2025-12-30;2;0.0
28;2025-12-30;3;0.0
28;2025-12-30;4;0.0
28;2025-12-30;5;68.63199999999999
28;2025-12-30;6;229.54000000000002
28;2025-12-30;7;634.3584
28;2025-12-30;8;954.1688000000001
28;2025-12-30;9;737.4168
28;2025-12-30;10;540.4264
28;2025-12-30;11;482.87120000000004
28;2025-12-30;12;564.696
28;2025-12-30;13;602.6184000000001
28;2025-12-30;14;533.7472
28;2025-12-30;15;530.6468
28;2025-12-30;16;674.3784
28;2025-12-30;17;781.8804
28;2025-12-30;18;772.1652
28;2025-12-30;19;630.8256
28;2025-12-30;20;450.10080000000005
28;2025-12-30;21;281.612
28;2025-12-30;22;128.00879999999998
28;2025-12-30;23;16.9832
50;2025-12-30;0;0.0
50;2025-12-30;1;0.0
50;2025-12-30;2;0.0
50;2025-12-30;3;0.0
50;2025-12-30;4;0.0
50;2025-12-30;5;71.3184
50;2025-12-30;6;542.3124
50;2025-12-30;7;1594.5072000000002
50;2025-12-30;8;2333.6444
50;2025-12-30;9;1819.6312
50;2025-12-30;10;1418.6308000000001
50;2025-12-30;11;1309.942
50;2025-12-30;12;1229.2212
50;2025-12-30;13;1202.1824000000001
50;2025-12-30;14;1151.6928
50;2025-12-30;15;1269.2872000000002
50;2025-12-30;16;1350.5692000000001
50;2025-12-30;17;2004.2107999999998
50;2025-12-30;18;2189.8852
50;2025-12-30;19;1310.2640000000001
50;2025-12-30;20;859.6296
50;2025-12-30;21;578.1555999999999
50;2025-12-30;22;286.074
50;2025-12-30;23;136.3992
1;2025-12-31;0;0.0
1;2025-12-31;1;0.0
1;2025-12-31;2;0.0
1;2025-12-31;3;0.0
1;2025-12-31;4;0.0
1;2025-12-31;5;83.45596
1;2025-12-31;6;324.74988
1;2025-12-31;7;829.5042
1;2025-12-31;8;1111.66636
1;2025-12-31;9;889.3639999999999
1;2025-12-31;10;792.87348
1;2025-12-31;11;808.6192799999999
1;2025-12-31;12;812.7408800000001
1;2025-12-31;13;830.79864
1;2025-12-31;14;775.15704
1;2025-12-31;15;842.9122799999999
1;2025-12-31;16;847.13048
1;2025-12-31;17;1010.9640799999999
1;2025-12-31;18;1061.38284
1;2025-12-31;19;828.66056
1;2025-12-31;20;549.86652
1;2025-12-31;21;307.671
1;2025-12-31;22;169.55231999999998
1;2025-12-31;23;31.124519999999997
5;2025-12-31;0;0.0
5;2025-12-31;1;0.0
5;2025-12-31;2;0.0
5;2025-12-31;3;0.0
5;2025-12-31;4;0.0
5;2025-12-31;5;0.0
5;2025-12-31;6;0.0
5;2025-12-31;7;0.0
5;2025-12-31;8;0.0
5;2025-12-31;9;0.0
5;2025-12-31;10;0.0
5;2025-12-31;11;0.0
5;2025-12-31;12;0.0
5;2025-12-31;13;0.0
5;2025-12-31;14;0.0
5;2025-12-31;15;0.0
5;2025-12-31;16;0.0
5;2025-12-31;17;0.0
5;2025-12-31;18;0.0
5;2025-12-31;19;0.0
5;2025-12-31;20;0.0
5;2025-12-31;21;0.0
5;2025-12-31;22;0.0
5;2025-12-31;23;0.0
7;2025-12-31;0;40.10832
7;2025-12-31;1;0.0
7;2025-12-31;2;0.0
7;2025-12-31;3;0.0
7;2025-12-31;4;0.0
7;2025-12-31;5;137.29435999999998
7;2025-12-31;6;456.54447999999996
7;2025-12-31;7;969.05256
7;2025-12-31;8;1479.09412
7;2025-12-31;9;1142.35296
7;2025-12-31;10;968.95596
7;2025-12-31;11;867.89304
7;2025-12-31;12;893.0991999999999
7;2025-12-31;13;913.8746399999999
7;2025-12-31;14;935.1588399999999
7;2025-12-31;15;1032.1838799999998
7;2025-12-31;16;1074.5590799999998
7;2025-12-31;17;1396.1984400000001
7;2025-12-31;18;1533.1386
7;2025-12-31;19;1070.78524
7;2025-12-31;20;700.9618
7;2025-12-31;21;419.48227999999995
7;2025-12-31;22;235.31115999999997
7;2025-12-31;23;132.67044
11;2025-12-31;0;46.24564
11;2025-12-31;1;0.0
11;2025-12-31;2;0.0
11;2025-12-31;3;0.0
11;2025-12-31;4;0.0
11;2025-12-31;5;193.683
11;2025-12-31;6;824.5776
11;2025-12-31;7;1393.4356799999998
11;2025-12-31;8;1864.75996
11;2025-12-31;9;1429.20344
11;2025-12-31;10;1136.00956
11;2025-12-31;11;1137.8192000000001
11;2025-12-31;12;1162.24612
11;2025-12-31;13;1208.51108
11;2025-12-31;14;1171.0689200000002
11;2025-12-31;15;1238.25744
11;2025-12-31;16;1332.2427999999998
11;2025-12-31;17;1708.0167999999999
11;2025-12-31;18;1894.86696
11;2025-12-31;19;1464.4109199999998
11;2025-12-31;20;1005.6704
11;2025-12-31;21;609.95172
11;2025-12-31;22;317.31812
11;2025-12-31;23;169.25608
12;2025-12-31;0;39.68972
12;2025-12-31;1;0.0
12;2025-12-31;2;0.0
12;2025-12-31;3;0.0
12;2025-12-31;4;0.0
12;2025-12-31;5;228.1692
12;2025-12-31;6;902.74632
12;2025-12-31;7;1602.54248
12;2025-12-31;8;2036.1863200000003
12;2025-12-31;9;1522.58988
12;2025-12-31;10;1285.81684
12;2025-12-31;11;1263.1673600000001
12;2025-12-31;12;1260.2114
12;2025-12-31;13;1260.2886799999999
12;2025-12-31;14;1246.18508
12;2025-12-31;15;1381.01936
12;2025-12-31;16;1664.05092
12;2025-12-31;17;1852.5947999999999
12;2025-12-31;18;1975.3540799999998
12;2025-12-31;19;1577.65832
12;2025-12-31;20;1028.06872
12;2025-12-31;21;644.56672
12;2025-12-31;22;353.66547999999995
12;2025-12-31;23;173.39056
17;2025-12-31;0;89.88307999999999
17;2025-12-31;1;0.0
17;2025-12-31;2;0.0
17;2025-12-31;3;0.0
17;2025-12-31;4;0.0
17;2025-12-31;5;202.71831999999998
17;2025-12-31;6;923.0774
17;2025-12-31;7;2329.27072
17;2025-12-31;8;3117.5138399999996
17;2025-12-31;9;2300.66424
17;2025-12-31;10;1820.2982000000002
17;2025-12-31;11;1784.32436
17;2025-12-31;12;1819.5576
17;2025-12-31;13;1880.6281199999999
17;2025-12-31;14;1889.2190799999998
17;2025-12-31;15;1955.1131599999997
17;2025-12-31;16;2169.01132
17;2025-12-31;17;2642.9116
17;2025-12-31;18;2984.7146
17;2025-12-31;19;2178.70352
17;2025-12-31;20;1533.72464
17;2025-12-31;21;1016.1676
17;2025-12-31;22;599.4352
17;2025-12-31;23;271.84528
25;2025-12-31;0;0.0
25;2025-12-31;1;0.0
25;2025-12-31;2;0.0
25;2025-12-31;3;0.0
25;2025-12-31;4;0.0
25;2025-12-31;5;2.6726000000000005
25;2025-12-31;6;92.01472
25;2025-12-31;7;286.28376000000003
25;2025-12-31;8;472.13571999999994
25;2025-12-31;9;257.36816
25;2025-12-31;10;202.77628
25;2025-12-31;11;220.54424
25;2025-12-31;12;230.42319999999998
25;2025-12-31;13;272.79196
25;2025-12-31;14;247.95931999999996
25;2025-12-31;15;288.25440000000003
25;2025-12-31;16;340.26384
25;2025-12-31;17;388.37708000000003
25;2025-12-31;18;430.46891999999997
25;2025-12-31;19;278.60728
25;2025-12-31;20;205.24924
25;2025-12-31;21;137.73872
25;2025-12-31;22;78.0206
25;2025-12-31;23;7.141959999999999
26;2025-12-31;0;0.0
26;2025-12-31;1;0.0
26;2025-12-31;2;0.0
26;2025-12-31;3;0.0
26;2025-12-31;4;0.0
26;2025-12-31;5;51.46848
26;2025-12-31;6;310.51104000000004
26;2025-12-31;7;596.4084
26;2025-12-31;8;1100.80852
26;2025-12-31;9;841.10264
26;2025-12-31;10;694.54112
26;2025-12-31;11;626.27068
26;2025-12-31;12;651.34804
26;2025-12-31;13;666.32104
26;2025-12-31;14;673.69484
26;2025-12-31;15;695.7840400000001
26;2025-12-31;16;784.1344
26;2025-12-31;17;916.4313199999999
26;2025-12-31;18;1031.48192
26;2025-12-31;19;740.20716
26;2025-12-31;20;469.9268
26;2025-12-31;21;296.74231999999995
26;2025-12-31;22;162.48764
26;2025-12-31;23;84.01624000000001
28;2025-12-31;0;0.0
28;2025-12-31;1;0.0
28;2025-12-31;2;0.0
28;2025-12-31;3;0.0
28;2025-12-31;4;0.0
28;2025-12-31;5;54.69492
28;2025-12-31;6;161.27692
28;2025-12-31;7;429.11008
28;2025-12-31;8;656.5902
28;2025-12-31;9;470.17152
28;2025-12-31;10;349.65336
28;2025-12-31;11;351.03796
28;2025-12-31;12;387.90695999999997
28;2025-12-31;13;409.13319999999993
28;2025-12-31;14;364.07252
28;2025-12-31;15;393.9026
28;2025-12-31;16;468.5421999999999
28;2025-12-31;17;528.98804
28;2025-12-31;18;546.67228
28;2025-12-31;19;423.57168
28;2025-12-31;20;301.67535999999996
28;2025-12-31;21;203.09184000000002
28;2025-12-31;22;96.25868
28;2025-12-31;23;12.01704
50;2025-12-31;0;0.0
50;2025-12-31;1;0.0
50;2025-12-31;2;0.0
50;2025-12-31;3;0.0
50;2025-12-31;4;0.0
50;2025-12-31;5;51.15936
50;2025-12-31;6;348.50703999999996
50;2025-12-31;7;1046.42272
50;2025-12-31;8;1553.73372
50;2025-12-31;9;1256.605
50;2025-12-31;10;943.4020399999999
50;2025-12-31;11;898.6698
50;2025-12-31;12;839.5055199999999
50;2025-12-31;13;845.7008000000001
50;2025-12-31;14;827.90064
50;2025-12-31;15;894.7220799999999
50;2025-12-31;16;995.73348
50;2025-12-31;17;1340.09316
50;2025-12-31;18;1413.3867999999998
50;2025-12-31;19;913.19844
50;2025-12-31;20;566.6040800000001
50;2025-12-31;21;395.99559999999997
50;2025-12-31;22;209.54472
50;2025-12-31;23;97.73988000000001
